JvmtiExport can_access_local_variables 0
JvmtiExport can_hotswap_or_post_breakpoint 0
JvmtiExport can_post_on_exceptions 0
# 301 ciObject found
ciInstanceKlass java/lang/Cloneable 1 0 7 100 1 100 1 1 1
instanceKlass io/netty/handler/codec/http/FullHttpRequest
instanceKlass io/netty/util/concurrent/GenericProgressiveFutureListener
instanceKlass reactor/netty/channel/MonoSendMany$SendManyInner$AsyncFlush
instanceKlass reactor/netty/channel/MonoSendMany$SendManyInner
instanceKlass org/springframework/http/codec/AbstractJacksonEncoder$JsonArrayJoinHelper
instanceKlass tools/jackson/databind/SequenceWriter
instanceKlass org/springframework/http/server/reactive/ChannelSendOperator$WriteCompletionBarrier
instanceKlass org/springframework/http/server/reactive/ChannelSendOperator$WriteBarrier
instanceKlass reactor/core/publisher/FluxPeek$PeekSubscriber
instanceKlass org/springframework/web/bind/annotation/SessionAttributes
instanceKlass org/springframework/web/reactive/result/method/annotation/SessionAttributesHandler
instanceKlass org/springframework/web/reactive/result/method/HandlerMethodArgumentResolverComposite
instanceKlass org/springframework/web/bind/support/SimpleSessionStatus
instanceKlass org/springframework/web/bind/annotation/InitBinder
instanceKlass org/springframework/web/bind/support/SessionStatus
instanceKlass org/springframework/validation/DataBinder$NameResolver
instanceKlass org/springframework/web/reactive/result/method/AbstractHandlerMethodMapping$MatchComparator
instanceKlass org/springframework/web/reactive/result/method/AbstractHandlerMethodMapping$Match
instanceKlass io/netty/channel/AbstractChannel$AbstractUnsafe$6
instanceKlass org/springframework/web/reactive/function/server/DefaultEntityResponseBuilder$DefaultEntityResponse$1
instanceKlass reactor/core/publisher/FluxArray$ArraySubscription
instanceKlass org/springframework/web/reactive/function/server/EntityResponse
instanceKlass org/springframework/web/reactive/function/server/DefaultEntityResponseBuilder
instanceKlass org/springframework/web/reactive/function/server/EntityResponse$Builder
instanceKlass org/springframework/web/util/HtmlCharacterEntityReferences
instanceKlass org/springframework/web/util/HtmlUtils
instanceKlass sun/util/cldr/CLDRBaseLocaleDataMetaInfo$TZCanonicalIDMapHolder
instanceKlass sun/util/resources/provider/NonBaseLocaleDataMetaInfo
instanceKlass sun/util/locale/provider/BaseLocaleDataMetaInfo
instanceKlass sun/util/locale/provider/TimeZoneNameUtility$TimeZoneNameGetter
instanceKlass sun/util/locale/provider/TimeZoneNameUtility
instanceKlass reactor/netty/channel/ChannelOperations$DisposedChannelId
instanceKlass reactor/netty/channel/ChannelOperations$DisposedConnection
instanceKlass io/netty/handler/ssl/SslCompletionEvent
instanceKlass io/netty/channel/socket/ChannelInputShutdownEvent
instanceKlass io/netty/handler/codec/http/HttpExpectationFailedEvent
instanceKlass reactor/netty/http/server/HttpServerOperationsTerminatedEvent
instanceKlass io/netty/util/internal/PromiseNotificationUtil
instanceKlass sun/nio/ch/IOVecWrapper$Deallocator
instanceKlass sun/nio/ch/NativeObject
instanceKlass sun/nio/ch/IOVecWrapper
instanceKlass io/netty/util/concurrent/PromiseCombiner$1
instanceKlass io/netty/util/concurrent/PromiseCombiner
instanceKlass io/netty/handler/codec/http/HttpHeadersEncoder
instanceKlass io/netty/handler/codec/DefaultHeaders$HeaderIterator
instanceKlass io/netty/handler/codec/http/LastHttpContent$1
instanceKlass reactor/core/publisher/MonoCallable$MonoCallableSubscription
instanceKlass reactor/core/publisher/FluxPeekFuseable$PeekFuseableConditionalSubscriber
instanceKlass reactor/core/publisher/MonoIgnoreElements$IgnoreElementsSubscriber
instanceKlass org/springframework/core/io/buffer/DataBuffer$ByteBufferIterator
instanceKlass org/springframework/core/io/buffer/NettyDataBuffer
instanceKlass org/springframework/core/io/buffer/PooledDataBuffer
instanceKlass org/springframework/core/io/buffer/TouchableDataBuffer
instanceKlass tools/jackson/core/io/NumberOutput
instanceKlass tools/jackson/databind/ser/impl/PropertySerializerMap$TypeAndSerializer
instanceKlass tools/jackson/databind/ser/jdk/NumberSerializers$1
instanceKlass java/text/DontCareFieldPosition$1
instanceKlass java/text/Format$FieldDelegate
instanceKlass tools/jackson/databind/ser/jdk/JDKMiscSerializers
instanceKlass tools/jackson/databind/ser/jdk/NumberSerializers
instanceKlass tools/jackson/databind/ser/jdk/JDKCoreSerializers
instanceKlass tools/jackson/databind/ser/impl/PropertySerializerMap$SerializerAndMapResult
instanceKlass tools/jackson/core/io/CharTypes$AltQuoteEscapes
instanceKlass tools/jackson/databind/ser/jdk/JDKKeySerializers
instanceKlass tools/jackson/databind/ser/impl/PropertySerializerMap
instanceKlass tools/jackson/databind/util/internal/PrivateMaxEntriesMap$EntryIterator
instanceKlass tools/jackson/databind/util/TypeKey
instanceKlass tools/jackson/databind/ser/impl/ReadOnlyClassToSerializerMap$Bucket
instanceKlass tools/jackson/databind/ser/impl/ReadOnlyClassToSerializerMap
instanceKlass tools/jackson/databind/ObjectWriter$Prefetch
instanceKlass tools/jackson/databind/cfg/GeneratorSettings
instanceKlass reactor/core/publisher/Operators$MonoInnerProducerBase
instanceKlass reactor/core/publisher/FluxContextWrite$ContextWriteSubscriber
instanceKlass reactor/util/context/Context2
instanceKlass org/springframework/core/io/buffer/DataBufferUtils$NestedMatcher
instanceKlass org/springframework/core/io/buffer/OutputStreamPublisher$ByteMapper
instanceKlass org/springframework/core/io/buffer/DataBufferUtils$Matcher
instanceKlass org/springframework/core/io/buffer/DataBufferUtils
instanceKlass org/springframework/web/reactive/function/server/DefaultServerResponseBuilder$BodyInserterResponse$1
instanceKlass org/springframework/boot/webflux/autoconfigure/error/AbstractErrorWebExceptionHandler$ResponseContext
instanceKlass org/springframework/web/reactive/function/server/DefaultServerResponseBuilder$AbstractServerResponse
instanceKlass org/springframework/web/reactive/function/BodyInserter
instanceKlass org/springframework/web/reactive/function/BodyInserters
instanceKlass org/springframework/web/reactive/function/server/DefaultServerResponseBuilder
instanceKlass java/lang/Throwable$PrintStreamOrWriter
instanceKlass org/springframework/boot/webflux/autoconfigure/error/DefaultErrorWebExceptionHandler$1
instanceKlass reactor/core/publisher/FluxConcatArray$SubscriptionAware
instanceKlass org/springframework/web/reactive/function/server/RequestPredicates
instanceKlass org/springframework/web/reactive/function/server/RouterFunctions$AbstractRouterFunction
instanceKlass org/springframework/web/reactive/function/server/RouterFunctions$Builder
instanceKlass org/springframework/web/reactive/function/server/RouterFunctions
instanceKlass org/springframework/web/reactive/function/server/DefaultServerRequest$DefaultHeaders
instanceKlass org/springframework/web/reactive/function/BodyExtractor$Context
instanceKlass org/springframework/web/reactive/function/server/ServerRequest$Headers
instanceKlass org/springframework/web/reactive/function/server/DefaultServerRequest
instanceKlass org/springframework/web/reactive/function/server/ServerRequest$Builder
instanceKlass org/springframework/core/NestedExceptionUtils
instanceKlass reactor/core/Scannable$Attr$3
instanceKlass reactor/core/Scannable$Attr$2
instanceKlass reactor/core/Scannable$Attr$1
instanceKlass reactor/core/publisher/FluxOnAssembly$ObservedAtInformationNode
instanceKlass org/springframework/web/ErrorResponse$Builder
instanceKlass org/springframework/web/util/UriUtils
instanceKlass org/springframework/web/util/pattern/PathPattern$PathMatchInfo
instanceKlass java/util/ArrayList$SubList$2
instanceKlass reactor/core/Exceptions
instanceKlass reactor/core/publisher/FluxFilterWhen$FilterWhenInner
instanceKlass reactor/core/publisher/FluxFilterWhen$FluxFilterWhenSubscriber
instanceKlass org/springframework/web/reactive/result/method/RequestMappingInfoHandlerMapping$PartialMatchHelper
instanceKlass org/springframework/web/util/pattern/PathPattern$MatchingContext
instanceKlass reactor/core/publisher/FluxMapFuseable$MapFuseableSubscriber
instanceKlass reactor/core/publisher/Operators$ScalarSubscription
instanceKlass reactor/core/publisher/FluxConcatMapNoPrefetch$FluxConcatMapNoPrefetchSubscriber
instanceKlass reactor/core/publisher/FluxConcatMap$FluxConcatMapSupport
instanceKlass reactor/core/publisher/MonoNext$NextSubscriber
instanceKlass org/springframework/web/cors/reactive/CorsUtils
instanceKlass reactor/core/publisher/FluxOnAssembly$OnAssemblySubscriber
instanceKlass org/springframework/cloud/gateway/support/ServerWebExchangeUtils
instanceKlass reactor/core/publisher/Operators$MultiSubscriptionSubscriber
instanceKlass reactor/core/publisher/FluxTap$TapSubscriber
instanceKlass reactor/util/context/Context1
instanceKlass org/springframework/http/server/DefaultPathContainer$DefaultPathSegment
instanceKlass org/springframework/http/server/DefaultRequestPath
instanceKlass org/springframework/http/server/RequestPath
instanceKlass org/springframework/http/server/reactive/observation/DefaultServerRequestObservationConvention$HttpOutcome
instanceKlass reactor/core/observability/DefaultSignalListener
instanceKlass reactor/core/publisher/MonoIgnoreThen$ThenIgnoreMain
instanceKlass reactor/core/publisher/MonoPeekTerminal$MonoTerminalPeekSubscriber
instanceKlass reactor/core/publisher/Mono$1
instanceKlass org/springframework/http/server/reactive/observation/ServerRequestObservationContext$HeaderGetter
instanceKlass io/micrometer/observation/transport/Propagator$Getter
instanceKlass org/springframework/core/log/LogFormatUtils
instanceKlass org/springframework/web/server/ServerWebExchange$Builder
instanceKlass org/springframework/web/server/adapter/DefaultServerWebExchange
instanceKlass org/springframework/http/server/reactive/AbstractServerHttpResponse
instanceKlass org/springframework/http/ZeroCopyHttpOutputMessage
instanceKlass org/springframework/http/support/Netty4HeadersAdapter
instanceKlass org/springframework/http/server/reactive/ReactorUriHelper
instanceKlass org/springframework/http/server/reactive/SslInfo
instanceKlass org/springframework/http/server/reactive/ServerHttpRequest$Builder
instanceKlass org/springframework/http/server/reactive/AbstractServerHttpRequest
instanceKlass io/netty/handler/codec/http/HttpResponseStatus
instanceKlass reactor/netty/http/Cookies
instanceKlass reactor/core/publisher/SinkEmptyMulticast$Inner
instanceKlass reactor/core/publisher/InternalEmptySink
instanceKlass reactor/core/publisher/ContextHolder
instanceKlass reactor/core/publisher/SinksSpecs$DefaultSinksSpecs
instanceKlass reactor/core/publisher/SinksSpecs$UnicastSpecImpl
instanceKlass reactor/core/publisher/Sinks$ManyWithUpstream
instanceKlass reactor/core/publisher/Sinks$One
instanceKlass reactor/core/publisher/Sinks$Many
instanceKlass reactor/core/publisher/Sinks$UnicastSpec
instanceKlass reactor/core/publisher/SinksSpecs$UnsafeSpecImpl
instanceKlass reactor/core/publisher/Sinks$MulticastReplaySpec
instanceKlass reactor/core/publisher/Sinks$MulticastSpec
instanceKlass reactor/core/publisher/Sinks$ManyWithUpstreamUnsafeSpec
instanceKlass reactor/core/publisher/Sinks$ManySpec
instanceKlass reactor/core/publisher/Sinks$RootSpec
instanceKlass reactor/core/publisher/SinksSpecs
instanceKlass reactor/core/publisher/Sinks
instanceKlass io/netty/util/AsciiStringUtil
instanceKlass io/netty/handler/codec/HeadersUtils
instanceKlass io/netty/handler/codec/http/HttpHeaderNames
instanceKlass io/netty/handler/codec/http/HttpHeaderValidationUtil
instanceKlass io/netty/handler/codec/http/DefaultHttpObject
instanceKlass io/netty/util/internal/SWARUtil
instanceKlass io/netty/util/ByteProcessor$4
instanceKlass io/netty/util/ByteProcessor$3
instanceKlass io/netty/util/ByteProcessor$2
instanceKlass io/netty/util/ByteProcessor$1
instanceKlass io/netty/util/ByteProcessor$IndexNotOfProcessor
instanceKlass io/netty/util/ByteProcessor$IndexOfProcessor
instanceKlass io/netty/handler/codec/http/HttpObjectDecoder$4
instanceKlass io/netty/handler/codec/CodecOutputList$CodecOutputLists
instanceKlass io/netty/handler/codec/CodecOutputList$1
instanceKlass io/netty/handler/codec/CodecOutputList$CodecOutputListRecycler
instanceKlass java/util/concurrent/atomic/AtomicIntegerArray
instanceKlass jdk/jfr/internal/SecuritySupport$6
instanceKlass jdk/jfr/internal/EventInstrumentation$FieldInfo
instanceKlass jdk/jfr/internal/ASMToolkit
instanceKlass jdk/internal/org/objectweb/asm/commons/Method
instanceKlass jdk/jfr/internal/EventWriter
instanceKlass jdk/jfr/internal/StringPool
instanceKlass jdk/jfr/internal/EventHandlerCreator
instanceKlass jdk/jfr/SettingDefinition
instanceKlass jdk/jfr/internal/handlers/EventHandler
instanceKlass jdk/jfr/internal/MirrorEvent
instanceKlass jdk/jfr/internal/RequestEngine
instanceKlass jdk/jfr/internal/RequestEngine$RequestHook
instanceKlass jdk/jfr/internal/EventControl$NamedControl
instanceKlass jdk/jfr/internal/settings/BooleanValue
instanceKlass jdk/jfr/internal/Control
instanceKlass jdk/jfr/SettingDescriptor
instanceKlass jdk/jfr/BooleanFlag
instanceKlass jdk/jfr/internal/EventControl
instanceKlass jdk/jfr/internal/AnnotationConstruct$AnnotationInvokationHandler
instanceKlass jdk/jfr/internal/SettingsManager
instanceKlass jdk/jfr/internal/Logger
instanceKlass jdk/jfr/EventType
instanceKlass jdk/jfr/Frequency
instanceKlass jdk/jfr/Percentage
instanceKlass jdk/jfr/DataAmount
instanceKlass jdk/jfr/MemoryAddress
instanceKlass jdk/jfr/internal/Cutoff
instanceKlass jdk/jfr/internal/Throttle
instanceKlass jdk/jfr/internal/MetadataLoader$FieldElement
instanceKlass jdk/jfr/internal/MetadataLoader$TypeElement
instanceKlass jdk/jfr/Category
instanceKlass jdk/jfr/Unsigned
instanceKlass jdk/jfr/Experimental
instanceKlass jdk/jfr/TransitionFrom
instanceKlass jdk/jfr/TransitionTo
instanceKlass jdk/jfr/Relational
instanceKlass jdk/jfr/internal/SecuritySupport$1
instanceKlass jdk/jfr/internal/MetadataLoader
instanceKlass jdk/jfr/Timestamp
instanceKlass jdk/jfr/internal/SecuritySupport$2
instanceKlass jdk/jfr/Description
instanceKlass jdk/jfr/ContentType
instanceKlass jdk/jfr/Timespan
instanceKlass jdk/jfr/ValueDescriptor
instanceKlass jdk/jfr/internal/PrivateAccess
instanceKlass jdk/jfr/Name
instanceKlass jdk/jfr/internal/AnnotationConstruct
instanceKlass jdk/jfr/SettingControl
instanceKlass jdk/jfr/internal/Type
instanceKlass jdk/jfr/MetadataDefinition
instanceKlass jdk/jfr/Enabled
instanceKlass jdk/jfr/Period
instanceKlass jdk/jfr/StackTrace
instanceKlass jdk/jfr/Threshold
instanceKlass jdk/jfr/Registered
instanceKlass jdk/jfr/Label
instanceKlass jdk/jfr/AnnotationElement
instanceKlass jdk/jfr/internal/TypeLibrary
instanceKlass jdk/jfr/internal/MetadataRepository
instanceKlass jdk/jfr/internal/Utils
instanceKlass io/netty/buffer/AdaptivePoolingAllocator$IntStack
instanceKlass io/netty/util/concurrent/MpscIntQueue
instanceKlass io/netty/util/internal/AdaptiveCalculator
instanceKlass reactor/netty/http/HttpConnectionLiveness$1
instanceKlass reactor/netty/NettyPipeline
instanceKlass io/netty/handler/codec/http/FullHttpResponse
instanceKlass io/netty/handler/codec/http/HttpVersion
instanceKlass io/netty/handler/codec/http/HttpResponse
instanceKlass io/netty/buffer/UnsafeByteBufUtil
instanceKlass io/netty/buffer/UnpooledByteBufAllocator$DecrementingCleanableDirectBuffer
instanceKlass io/netty/util/internal/CleanerJava9$CleanableDirectBufferImpl
instanceKlass io/netty/util/LeakPresenceDetector$ResourceScope
instanceKlass io/netty/handler/codec/http/HttpObjectDecoder$HeaderParser
instanceKlass io/netty/util/ResourceLeakDetectorFactory
instanceKlass io/netty/channel/ChannelHandler$Sharable
instanceKlass io/netty/channel/CombinedChannelDuplexHandler$DelegatingChannelHandlerContext
instanceKlass io/netty/handler/codec/http/HttpObjectDecoder$3
instanceKlass io/netty/handler/codec/http/HttpObjectDecoder$2
instanceKlass io/netty/handler/codec/http/HttpObjectDecoder$1
instanceKlass io/netty/handler/codec/ByteToMessageDecoder$2
instanceKlass io/netty/handler/codec/ByteToMessageDecoder$1
instanceKlass io/netty/handler/codec/ByteToMessageDecoder$Cumulator
instanceKlass io/netty/handler/codec/http/HttpDecoderConfig
instanceKlass reactor/netty/ReactorNetty$CompositeChannelPipelineConfigurer
instanceKlass reactor/netty/http/server/HttpServerConfig$HttpServerChannelInitializer
instanceKlass reactor/core/publisher/Sinks$Empty
instanceKlass reactor/netty/channel/ChannelOperations$OnSetup
instanceKlass io/netty/util/ReferenceCountUtil
instanceKlass sun/nio/ch/SocketChannelImpl$DefaultOptionsHolder
instanceKlass io/netty/channel/nio/AbstractNioByteChannel$1
instanceKlass io/netty/channel/socket/SocketChannelConfig
instanceKlass io/netty/channel/socket/DuplexChannelConfig
instanceKlass io/netty/util/internal/SocketUtils$5
instanceKlass io/netty/channel/DefaultMaxMessagesRecvByteBufAllocator$MaxMessageHandle$1
instanceKlass io/netty/util/UncheckedBooleanSupplier
instanceKlass io/netty/util/BooleanSupplier
instanceKlass io/netty/channel/DefaultMaxMessagesRecvByteBufAllocator$MaxMessageHandle
instanceKlass io/netty/channel/RecvByteBufAllocator$ExtendedHandle
instanceKlass org/apache/hc/core5/http/io/entity/NullEntity
instanceKlass com/netflix/discovery/shared/transport/decorator/EurekaHttpClientDecorator$3
instanceKlass com/netflix/discovery/shared/transport/decorator/EurekaHttpClientDecorator$7
instanceKlass com/sun/beans/util/Cache$CacheEntry
instanceKlass com/sun/beans/util/Cache
instanceKlass com/sun/beans/introspect/ClassInfo
instanceKlass java/beans/WeakIdentityMap
instanceKlass java/beans/ThreadGroupContext
instanceKlass java/util/IdentityHashMap$IdentityHashMapSpliterator
instanceKlass org/springframework/boot/SpringApplication$FactoryAwareOrderSourceProvider
instanceKlass org/springframework/boot/Runner
instanceKlass jdk/internal/math/FDBigInteger
instanceKlass reactor/core/publisher/LambdaSubscriber
instanceKlass org/springframework/boot/devtools/restart/classloader/ClassLoaderFile
instanceKlass reactor/netty/FutureMono$FutureSubscription
instanceKlass io/netty/util/internal/SocketUtils$7
instanceKlass java/nio/channels/spi/AbstractSelector$1
instanceKlass io/netty/channel/AbstractChannel$AbstractUnsafe$2
instanceKlass reactor/core/publisher/FluxCreate$SinkDisposable
instanceKlass io/netty/channel/SingleThreadIoEventLoop$IoRegistrationWrapper
instanceKlass java/lang/invoke/ConstantBootstraps
instanceKlass reactor/core/publisher/MonoFlatMap$FlatMapInner
instanceKlass io/netty/channel/nio/NioIoHandler$DefaultNioRegistration
instanceKlass reactor/core/publisher/MonoFlatMap$FlatMapMain
instanceKlass io/netty/util/concurrent/FastThreadLocalRunnable
instanceKlass io/netty/util/internal/LongLongHashMap
instanceKlass io/netty/util/concurrent/FastThreadLocalThread$FallbackThreadSet
instanceKlass io/netty/util/internal/ThreadExecutorMap$2
instanceKlass io/netty/util/concurrent/SingleThreadEventExecutor$5
instanceKlass io/netty/util/internal/shaded/org/jctools/queues/LinkedArrayQueueUtil
instanceKlass io/netty/channel/AbstractChannel$AbstractUnsafe$1
instanceKlass sun/nio/ch/ServerSocketChannelImpl$DefaultOptionsHolder
instanceKlass io/netty/channel/DefaultChannelPipeline$7
instanceKlass io/netty/buffer/ByteBufUtil$2
instanceKlass io/netty/buffer/AdaptiveByteBufAllocator$HeapChunkAllocator
instanceKlass io/netty/buffer/AdaptivePoolingAllocator$BuddyChunkController
instanceKlass io/netty/util/concurrent/ConcurrentSkipListIntObjMultimap$Node
instanceKlass io/netty/util/concurrent/ConcurrentSkipListIntObjMultimap$Index
instanceKlass io/netty/util/concurrent/ConcurrentSkipListIntObjMultimap
instanceKlass io/netty/buffer/AdaptivePoolingAllocator$ConcurrentSkipListChunkCache
instanceKlass io/netty/buffer/AdaptivePoolingAllocator$BuddyChunkManagementStrategy
instanceKlass io/netty/buffer/AdaptivePoolingAllocator$SizeClassChunkController
instanceKlass io/netty/util/Recycler$EnhancedHandle
instanceKlass io/netty/util/Recycler$Handle
instanceKlass io/netty/util/internal/ObjectPool$Handle
instanceKlass io/netty/util/Recycler$LocalPool
instanceKlass io/netty/util/internal/RefCnt$UnsafeRefCnt
instanceKlass io/netty/util/internal/RefCnt
instanceKlass io/netty/util/Recycler
instanceKlass io/netty/buffer/AdaptivePoolingAllocator$Magazine
instanceKlass java/util/concurrent/locks/StampedLock
instanceKlass io/netty/util/internal/shaded/org/jctools/util/UnsafeLongArrayAccess
instanceKlass io/netty/util/internal/shaded/org/jctools/queues/SupportsIterator
instanceKlass io/netty/buffer/AdaptivePoolingAllocator$Chunk
instanceKlass io/netty/buffer/ChunkInfo
instanceKlass io/netty/buffer/AdaptivePoolingAllocator$ConcurrentQueueChunkCache
instanceKlass io/netty/buffer/AdaptivePoolingAllocator$ChunkController
instanceKlass io/netty/buffer/AdaptivePoolingAllocator$ChunkCache
instanceKlass io/netty/buffer/AdaptivePoolingAllocator$SizeClassChunkManagementStrategy
instanceKlass io/netty/buffer/AdaptivePoolingAllocator$MagazineGroup
instanceKlass io/netty/buffer/AdaptivePoolingAllocator$ChunkRegistry
instanceKlass io/netty/buffer/AdaptiveByteBufAllocator$DirectChunkAllocator
instanceKlass io/netty/buffer/AdaptivePoolingAllocator$ChunkManagementStrategy
instanceKlass io/netty/buffer/AdaptivePoolingAllocator
instanceKlass io/netty/buffer/AdaptivePoolingAllocator$ChunkAllocator
instanceKlass io/netty/util/CharsetUtil
instanceKlass io/netty/util/ByteProcessor
instanceKlass io/netty/buffer/ByteBufUtil
instanceKlass io/netty/channel/RecvByteBufAllocator$Handle
instanceKlass io/netty/channel/DefaultMaxMessagesRecvByteBufAllocator
instanceKlass io/netty/channel/MaxMessagesRecvByteBufAllocator
instanceKlass io/netty/channel/WriteBufferWaterMark
instanceKlass io/netty/channel/DefaultMessageSizeEstimator$HandleImpl
instanceKlass io/netty/channel/DefaultMessageSizeEstimator
instanceKlass io/netty/channel/MessageSizeEstimator
instanceKlass io/netty/channel/RecvByteBufAllocator
instanceKlass io/netty/channel/DefaultChannelConfig
instanceKlass io/netty/channel/nio/AbstractNioChannel$1
instanceKlass io/netty/channel/ChannelHandlerMask$Skip
instanceKlass io/netty/channel/ChannelHandlerMask$2
instanceKlass io/netty/channel/ChannelHandlerMask
instanceKlass io/netty/channel/AbstractChannelHandlerContext$Tasks
instanceKlass io/netty/channel/VoidChannelPromise$1
instanceKlass io/netty/channel/MessageSizeEstimator$Handle
instanceKlass io/netty/channel/DefaultChannelPipeline$PendingHandlerCallback
instanceKlass io/netty/channel/ChannelProgressivePromise
instanceKlass io/netty/channel/ChannelProgressiveFuture
instanceKlass io/netty/channel/DefaultChannelPipeline
instanceKlass io/netty/channel/ChannelOutboundBuffer$Entry
instanceKlass io/netty/channel/ChannelOutboundBuffer
instanceKlass io/netty/channel/AbstractChannelHandlerContext
instanceKlass io/netty/util/ResourceLeakHint
instanceKlass io/netty/channel/ChannelHandlerContext
instanceKlass io/netty/util/internal/SocketUtils$13
instanceKlass io/netty/util/NetUtil$SoMaxConnAction
instanceKlass io/netty/util/NetUtilInitializations$NetworkIfaceAndInetAddress
instanceKlass io/netty/util/internal/SocketUtils$11
instanceKlass io/netty/util/internal/SocketUtils
instanceKlass io/netty/util/NetUtilInitializations
instanceKlass io/netty/util/NetUtil
instanceKlass io/netty/util/internal/MacAddressUtil
instanceKlass java/lang/ProcessHandle$Info
instanceKlass io/netty/channel/DefaultChannelId
instanceKlass io/netty/channel/ChannelFlushPromiseNotifier$FlushCheckpoint
instanceKlass io/netty/channel/nio/NioIoOps$DefaultNioIoEvent
instanceKlass io/netty/channel/nio/NioIoEvent
instanceKlass io/netty/channel/IoEvent
instanceKlass io/netty/channel/nio/NioIoOps
instanceKlass java/nio/channels/MulticastChannel
instanceKlass io/netty/channel/socket/nio/SelectorProviderUtil
instanceKlass io/netty/channel/ChannelMetadata
instanceKlass io/netty/channel/socket/ServerSocketChannelConfig
instanceKlass io/netty/channel/ChannelConfig
instanceKlass io/netty/channel/AbstractChannel$AbstractUnsafe
instanceKlass io/netty/channel/nio/AbstractNioChannel$NioUnsafe
instanceKlass io/netty/channel/IoOps
instanceKlass io/netty/channel/ChannelPipeline
instanceKlass io/netty/channel/ChannelInboundInvoker
instanceKlass io/netty/channel/ChannelId
instanceKlass io/netty/channel/Channel$Unsafe
instanceKlass io/netty/util/Attribute
instanceKlass io/netty/util/DefaultAttributeMap
instanceKlass io/netty/channel/socket/SocketChannel
instanceKlass io/netty/channel/socket/DuplexChannel
instanceKlass io/netty/channel/nio/NioIoHandle
instanceKlass io/netty/channel/IoHandle
instanceKlass reactor/netty/resources/ColocatedEventLoopGroup
instanceKlass io/netty/channel/ChannelFactory
instanceKlass io/netty/bootstrap/ChannelFactory
instanceKlass reactor/util/retry/Retry
instanceKlass reactor/netty/transport/TransportConnector
instanceKlass io/netty/util/concurrent/FutureListener
instanceKlass io/netty/util/concurrent/DefaultEventExecutorChooserFactory$PowerOfTwoEventExecutorChooser
instanceKlass io/netty/channel/nio/NioIoHandler$SelectorTuple
instanceKlass io/netty/channel/nio/NioIoHandler$3
instanceKlass java/nio/channels/SelectionKey
instanceKlass io/netty/channel/nio/NioIoHandler$2
instanceKlass io/netty/channel/nio/NioIoHandler$1
instanceKlass io/netty/channel/DefaultSelectStrategy
instanceKlass io/netty/channel/SelectStrategy
instanceKlass io/netty/channel/SingleThreadIoEventLoop$1
instanceKlass io/netty/util/internal/shaded/org/jctools/util/UnsafeRefArrayAccess
instanceKlass io/netty/util/internal/shaded/org/jctools/util/Pow2
instanceKlass io/netty/util/internal/shaded/org/jctools/util/RangeUtil
instanceKlass io/netty/util/internal/shaded/org/jctools/queues/IndexedQueueSizeUtil$IndexedQueue
instanceKlass io/netty/util/internal/shaded/org/jctools/queues/QueueProgressIndicators
instanceKlass io/netty/util/internal/shaded/org/jctools/queues/MessagePassingQueue
instanceKlass io/netty/util/internal/shaded/org/jctools/util/UnsafeAccess
instanceKlass io/netty/util/internal/PlatformDependent$Mpsc$1
instanceKlass io/netty/util/internal/PlatformDependent$Mpsc
instanceKlass io/netty/channel/IoHandlerContext
instanceKlass io/netty/channel/ChannelPromise
instanceKlass io/netty/channel/ChannelFuture
instanceKlass io/netty/util/concurrent/EventExecutorChooserFactory$EventExecutorChooser
instanceKlass io/netty/util/concurrent/DefaultEventExecutorChooserFactory
instanceKlass io/netty/channel/nio/NioIoHandler$4
instanceKlass io/netty/channel/DefaultSelectStrategyFactory
instanceKlass io/netty/channel/SelectStrategyFactory
instanceKlass io/netty/channel/IoHandlerFactory
instanceKlass io/netty/channel/IoRegistration
instanceKlass io/netty/util/IntSupplier
instanceKlass io/netty/channel/nio/NioIoHandler
instanceKlass io/netty/channel/IoHandler
instanceKlass reactor/netty/resources/DefaultLoopResources$EventLoopFactory
instanceKlass io/netty/util/NettyRuntime$AvailableProcessorsHolder
instanceKlass io/netty/channel/IoEventLoop
instanceKlass io/netty/channel/EventLoop
instanceKlass io/netty/util/concurrent/EventExecutorChooserFactory
instanceKlass io/netty/util/concurrent/AbstractEventExecutorGroup
instanceKlass io/netty/channel/IoEventLoopGroup
instanceKlass reactor/netty/resources/DefaultLoopKQueue
instanceKlass io/netty/channel/DefaultAddressedEnvelope
instanceKlass io/netty/channel/AddressedEnvelope
instanceKlass io/netty/util/internal/ClassInitializerUtil
instanceKlass io/netty/channel/epoll/NativeDatagramPacketArray$NativeDatagramPacket
instanceKlass io/netty/util/AbstractReferenceCounted
instanceKlass io/netty/channel/FileRegion
instanceKlass io/netty/channel/unix/PeerCredentials
instanceKlass java/nio/BufferMismatch
instanceKlass java/nio/channels/spi/AbstractInterruptibleChannel$1
instanceKlass sun/nio/ch/Interruptible
instanceKlass sun/nio/ch/SelChImpl
instanceKlass com/sun/security/sasl/Provider$1
instanceKlass org/jcp/xml/dsig/internal/dom/XMLDSigRI$2
instanceKlass org/jcp/xml/dsig/internal/dom/XMLDSigRI$1
instanceKlass sun/security/pkcs11/SunPKCS11$Descriptor
instanceKlass javax/security/auth/callback/CallbackHandler
instanceKlass javax/security/auth/Subject
instanceKlass sun/security/jgss/SunProvider$1
instanceKlass sun/security/smartcardio/SunPCSC$1
instanceKlass sun/security/mscapi/SunMSCAPI$2
instanceKlass sun/security/mscapi/SunMSCAPI$1
instanceKlass sun/nio/ch/UnixDomainSocketsUtil
instanceKlass sun/nio/ch/UnixDomainSockets
instanceKlass java/nio/channels/NetworkChannel
instanceKlass sun/nio/ch/PipeImpl$Initializer$LoopbackConnector
instanceKlass sun/nio/ch/PipeImpl$Initializer
instanceKlass java/nio/channels/Pipe
instanceKlass sun/nio/ch/WEPoll
instanceKlass sun/nio/ch/Util$2
instanceKlass sun/nio/ch/DefaultSelectorProvider
instanceKlass java/nio/channels/spi/SelectorProvider$Holder
instanceKlass java/nio/channels/spi/SelectorProvider
instanceKlass java/nio/channels/Selector
instanceKlass io/netty/channel/epoll/Native
instanceKlass io/netty/channel/epoll/Epoll
instanceKlass reactor/netty/resources/DefaultLoopEpoll
instanceKlass reactor/netty/resources/DefaultLoopIOUring
instanceKlass reactor/netty/resources/DefaultLoopNIO
instanceKlass reactor/netty/resources/DefaultLoop
instanceKlass reactor/netty/resources/DefaultLoopNativeDetector
instanceKlass io/netty/channel/socket/DatagramChannel
instanceKlass io/netty/channel/socket/ServerSocketChannel
instanceKlass io/netty/channel/ServerChannel
instanceKlass reactor/netty/ReactorNetty$CompositeConnectionObserver
instanceKlass reactor/netty/transport/ServerTransportConfig$ServerTransportDoOnConnection
instanceKlass reactor/netty/transport/ServerTransport$ChildObserver
instanceKlass reactor/netty/transport/DomainSocketAddressUtils
instanceKlass org/springframework/http/client/HttpComponentsClientHttpRequest$BodyEntity
instanceKlass java/net/Inet4AddressImpl
instanceKlass org/springframework/http/StreamingHttpOutputMessage$1
instanceKlass reactor/core/publisher/OperatorDisposables
instanceKlass reactor/core/publisher/MonoSink
instanceKlass com/fasterxml/jackson/databind/ser/std/StdKeySerializers
instanceKlass reactor/netty/http/server/HttpServer$HttpServerHandle
instanceKlass com/fasterxml/jackson/core/JsonGenerator$1
instanceKlass com/fasterxml/jackson/databind/jsontype/TypeSerializer$1
instanceKlass com/fasterxml/jackson/core/type/WritableTypeId
instanceKlass com/fasterxml/jackson/databind/ser/impl/PropertySerializerMap$SerializerAndMapResult
instanceKlass reactor/core/publisher/FluxDematerialize$DematerializeSubscriber
instanceKlass reactor/core/publisher/DrainUtils
instanceKlass com/fasterxml/jackson/core/io/NumberOutput
instanceKlass java/util/AbstractMap$SimpleEntry
instanceKlass com/fasterxml/jackson/databind/ObjectWriter$Prefetch
instanceKlass reactor/core/publisher/Operators$EmptySubscription
instanceKlass com/fasterxml/jackson/databind/ObjectWriter$GeneratorSettings
instanceKlass reactor/core/publisher/FluxFilterFuseable$FilterFuseableSubscriber
instanceKlass com/fasterxml/jackson/core/util/MinimalPrettyPrinter
instanceKlass org/springframework/util/TypeUtils
instanceKlass reactor/core/publisher/Operators$CancelledSubscription
instanceKlass reactor/core/publisher/FluxFlatMap$FlatMapInner
instanceKlass com/fasterxml/jackson/core/FormatFeature
instanceKlass reactor/core/publisher/FlatMapTracker
instanceKlass org/springframework/http/converter/json/MappingJacksonValue
instanceKlass reactor/core/publisher/FluxMap$MapSubscriber
instanceKlass com/fasterxml/jackson/databind/util/EnumValues
instanceKlass com/fasterxml/jackson/databind/ser/std/NumberSerializers$1
instanceKlass reactor/core/publisher/FluxIterable$IterableSubscription
instanceKlass reactor/core/Fuseable$SynchronousSubscription
instanceKlass com/fasterxml/jackson/annotation/JsonFilter
instanceKlass com/fasterxml/jackson/databind/annotation/JsonAppend
instanceKlass reactor/core/Scannable$Attr
instanceKlass reactor/core/publisher/ContextPropagationSupport
instanceKlass com/fasterxml/jackson/databind/ser/impl/PropertySerializerMap
instanceKlass com/fasterxml/jackson/databind/ser/PropertyBuilder$1
instanceKlass reactor/core/publisher/FluxMergeSequential$MergeSequentialInner
instanceKlass com/fasterxml/jackson/annotation/JsonTypeId
instanceKlass reactor/core/publisher/FluxMergeSequential$MergeSequentialMain
instanceKlass com/fasterxml/jackson/databind/introspect/POJOPropertyBuilder$3
instanceKlass com/fasterxml/jackson/annotation/JsonInclude
instanceKlass com/fasterxml/jackson/databind/ser/PropertyBuilder
instanceKlass reactor/core/publisher/FluxPeekFuseable$PeekFuseableSubscriber
instanceKlass com/fasterxml/jackson/databind/ser/BeanSerializerBuilder
instanceKlass reactor/core/publisher/FluxFlattenIterable$FlattenIterableSubscriber
instanceKlass reactor/core/publisher/InnerOperator$1
instanceKlass com/fasterxml/jackson/databind/util/internal/PrivateMaxEntriesMap$EntryIterator
instanceKlass reactor/core/publisher/Operators$BaseFluxToMonoOperator
instanceKlass reactor/core/publisher/Operators$1
instanceKlass com/fasterxml/jackson/databind/util/TypeKey
instanceKlass com/fasterxml/jackson/databind/ser/impl/ReadOnlyClassToSerializerMap$Bucket
instanceKlass reactor/core/Fuseable$ConditionalSubscriber
instanceKlass com/fasterxml/jackson/databind/ser/impl/ReadOnlyClassToSerializerMap
instanceKlass reactor/core/publisher/Operators
instanceKlass org/springframework/web/client/DefaultRestClient$DefaultRequestBodyUriSpec$InternalBody
instanceKlass org/springframework/web/util/HierarchicalUriComponents$PathComponentComposite
instanceKlass reactor/core/publisher/LambdaMonoSubscriber
instanceKlass reactor/util/concurrent/Queues
instanceKlass com/netflix/discovery/shared/transport/decorator/EurekaHttpClientDecorator$1
instanceKlass com/netflix/appinfo/HealthCheckCallbackToHandlerBridge
instanceKlass com/netflix/appinfo/RefreshableInstanceConfig
instanceKlass com/netflix/appinfo/AmazonInfo
instanceKlass com/netflix/appinfo/UniqueIdentifier
instanceKlass com/netflix/discovery/InstanceInfoReplicator$2
instanceKlass jakarta/annotation/Nullable
instanceKlass org/springframework/beans/factory/annotation/InitDestroyAnnotationBeanPostProcessor$LifecycleMethod
instanceKlass java/util/concurrent/ConcurrentLinkedQueue$CLQSpliterator
instanceKlass com/netflix/discovery/DiscoveryManager
instanceKlass com/netflix/discovery/DiscoveryClient$6
instanceKlass com/netflix/discovery/util/RateLimiter$1
instanceKlass com/netflix/discovery/util/RateLimiter
instanceKlass com/netflix/discovery/InstanceInfoReplicator$1
instanceKlass java/util/concurrent/ForkJoinPool$WorkQueue
instanceKlass java/util/concurrent/ForkJoinPool$DefaultCommonPoolForkJoinWorkerThreadFactory
instanceKlass java/util/concurrent/ForkJoinPool$1
instanceKlass java/util/concurrent/ForkJoinPool$DefaultForkJoinWorkerThreadFactory
instanceKlass com/netflix/discovery/InstanceInfoReplicator
instanceKlass com/netflix/discovery/DiscoveryClient$HeartbeatThread
instanceKlass com/netflix/discovery/DiscoveryClient$CacheRefreshThread
instanceKlass com/netflix/discovery/DiscoveryEvent
instanceKlass java/util/concurrent/ConcurrentLinkedQueue$Itr
instanceKlass com/netflix/discovery/util/MapUtil
instanceKlass jakarta/ws/rs/core/Response$StatusType
instanceKlass com/netflix/discovery/shared/transport/EurekaHttpResponse$EurekaHttpResponseBuilder
instanceKlass com/netflix/discovery/shared/transport/EurekaHttpResponse
instanceKlass org/apache/hc/core5/pool/StrictConnPool$2
instanceKlass org/apache/hc/core5/io/Closer
instanceKlass org/apache/hc/core5/http/ContentType
instanceKlass org/apache/hc/core5/http/io/entity/EntityUtils
instanceKlass org/springframework/http/client/observation/DefaultClientRequestObservationConvention$HttpOutcome
instanceKlass org/springframework/http/support/HttpComponentsHeadersAdapter$HeaderNamesIterator
instanceKlass com/netflix/discovery/shared/Applications$VipIndexSupport
instanceKlass com/fasterxml/jackson/core/util/InternalJacksonUtil
instanceKlass com/fasterxml/jackson/databind/deser/BeanDeserializer$1
instanceKlass com/fasterxml/jackson/databind/cfg/CoercionConfigs$1
instanceKlass com/fasterxml/jackson/core/io/NumberInput
instanceKlass com/fasterxml/jackson/databind/deser/impl/PropertyValue
instanceKlass com/fasterxml/jackson/databind/deser/impl/PropertyValueBuffer
instanceKlass com/fasterxml/jackson/core/JsonStreamContext
instanceKlass com/fasterxml/jackson/core/json/ByteSourceJsonBootstrapper
instanceKlass com/fasterxml/jackson/core/util/TextBuffer
instanceKlass com/fasterxml/jackson/core/io/IOContext
instanceKlass com/fasterxml/jackson/core/util/BufferRecycler
instanceKlass com/fasterxml/jackson/core/util/BufferRecyclers
instanceKlass com/fasterxml/jackson/core/io/ContentReference
instanceKlass com/fasterxml/jackson/core/filter/TokenFilter
instanceKlass com/fasterxml/jackson/databind/annotation/JacksonStdImpl
instanceKlass com/fasterxml/jackson/databind/deser/impl/JavaUtilCollectionsDeserializers
instanceKlass com/netflix/appinfo/LeaseInfo$1
instanceKlass com/fasterxml/jackson/databind/util/CompactStringObjectMap
instanceKlass com/fasterxml/jackson/databind/introspect/EnumNamingStrategyFactory
instanceKlass com/fasterxml/jackson/databind/annotation/EnumNaming
instanceKlass com/fasterxml/jackson/annotation/JsonEnumDefaultValue
instanceKlass com/fasterxml/jackson/databind/util/EnumResolver
instanceKlass com/fasterxml/jackson/databind/deser/impl/PropertyBasedCreator
instanceKlass com/fasterxml/jackson/databind/deser/std/NumberDeserializers
instanceKlass com/fasterxml/jackson/databind/introspect/AnnotationCollector$OneAnnotation
instanceKlass com/fasterxml/jackson/databind/jsontype/impl/StdTypeResolverBuilder$1
instanceKlass com/fasterxml/jackson/annotation/JsonSubTypes
instanceKlass com/fasterxml/jackson/annotation/JsonTypeName
instanceKlass com/fasterxml/jackson/databind/jsontype/TypeDeserializer
instanceKlass com/fasterxml/jackson/databind/jsontype/TypeSerializer
instanceKlass com/fasterxml/jackson/databind/jsontype/impl/StdTypeResolverBuilder
instanceKlass com/fasterxml/jackson/annotation/JsonTypeInfo$Value
instanceKlass com/fasterxml/jackson/databind/introspect/MethodGenericTypeResolver
instanceKlass com/netflix/appinfo/InstanceInfo$PortWrapper
instanceKlass com/netflix/appinfo/InstanceInfo$1
instanceKlass com/netflix/discovery/converters/Auto
instanceKlass com/fasterxml/jackson/databind/deser/impl/CreatorCandidate$Param
instanceKlass com/fasterxml/jackson/databind/deser/impl/CreatorCandidate
instanceKlass com/fasterxml/jackson/databind/introspect/POJOPropertiesCollector$1
instanceKlass com/thoughtworks/xstream/annotations/XStreamImplicit
instanceKlass com/thoughtworks/xstream/annotations/XStreamOmitField
instanceKlass com/fasterxml/jackson/databind/util/BeanUtil
instanceKlass com/fasterxml/jackson/databind/jsontype/impl/SubTypeValidator
instanceKlass com/fasterxml/jackson/databind/deser/std/JdkDeserializers
instanceKlass com/fasterxml/jackson/databind/ext/Java7Handlers
instanceKlass com/fasterxml/jackson/databind/ext/OptionalHandlerFactory
instanceKlass com/fasterxml/jackson/databind/util/LinkedNode
instanceKlass com/fasterxml/jackson/databind/deser/BasicDeserializerFactory$ContainerDefaultMappings
instanceKlass com/fasterxml/jackson/databind/deser/impl/BeanPropertyMap
instanceKlass com/fasterxml/jackson/databind/introspect/POJOPropertyBuilder$1
instanceKlass com/fasterxml/jackson/databind/introspect/POJOPropertyBuilder$4
instanceKlass com/fasterxml/jackson/databind/introspect/POJOPropertyBuilder$2
instanceKlass com/fasterxml/jackson/databind/deser/impl/NullsConstantProvider
instanceKlass com/fasterxml/jackson/databind/util/IgnorePropertiesUtil
instanceKlass com/fasterxml/jackson/databind/deser/impl/ReadableObjectId$Referring
instanceKlass com/fasterxml/jackson/databind/deser/SettableAnyProperty
instanceKlass com/fasterxml/jackson/databind/deser/ContextualKeyDeserializer
instanceKlass com/fasterxml/jackson/databind/util/ArrayIterator
instanceKlass com/fasterxml/jackson/databind/BeanProperty$Std
instanceKlass com/fasterxml/jackson/databind/annotation/JsonTypeResolver
instanceKlass com/fasterxml/jackson/databind/deser/BeanDeserializerBuilder
instanceKlass com/fasterxml/jackson/databind/deser/impl/CreatorCollector
instanceKlass com/fasterxml/jackson/databind/type/TypeBindings$AsKey
instanceKlass com/fasterxml/jackson/databind/type/TypeBindings$TypeParamStash
instanceKlass com/fasterxml/jackson/databind/PropertyMetadata
instanceKlass com/fasterxml/jackson/databind/annotation/JsonNaming
instanceKlass com/fasterxml/jackson/databind/introspect/POJOPropertyBuilder$6
instanceKlass com/fasterxml/jackson/databind/introspect/POJOPropertyBuilder$5
instanceKlass com/fasterxml/jackson/databind/introspect/PotentialCreator
instanceKlass com/fasterxml/jackson/databind/introspect/AnnotatedMethodMap
instanceKlass com/fasterxml/jackson/databind/introspect/AnnotatedMethodCollector$MethodBuilder
instanceKlass com/fasterxml/jackson/databind/introspect/MemberKey
instanceKlass com/fasterxml/jackson/databind/introspect/POJOPropertyBuilder$Linked
instanceKlass com/fasterxml/jackson/databind/AnnotationIntrospector$ReferenceProperty
instanceKlass com/fasterxml/jackson/databind/introspect/POJOPropertyBuilder$WithMember
instanceKlass com/fasterxml/jackson/databind/PropertyName
instanceKlass com/fasterxml/jackson/databind/introspect/AnnotatedFieldCollector$FieldBuilder
instanceKlass com/fasterxml/jackson/databind/introspect/TypeResolutionContext$Basic
instanceKlass com/fasterxml/jackson/databind/introspect/CollectorBase
instanceKlass com/fasterxml/jackson/databind/introspect/PotentialCreators
instanceKlass com/fasterxml/jackson/core/JsonLocation
instanceKlass com/fasterxml/jackson/databind/deser/impl/JDKValueInstantiators
instanceKlass com/fasterxml/jackson/databind/annotation/JsonValueInstantiator
instanceKlass com/fasterxml/jackson/databind/annotation/JsonPOJOBuilder
instanceKlass com/fasterxml/jackson/databind/annotation/NoClass
instanceKlass com/fasterxml/jackson/databind/introspect/POJOPropertiesCollector
instanceKlass com/fasterxml/jackson/databind/introspect/AnnotationMap
instanceKlass com/thoughtworks/xstream/annotations/XStreamAlias
instanceKlass com/netflix/discovery/provider/Serializer
instanceKlass com/netflix/discovery/converters/jackson/builder/ApplicationsJacksonBuilder
instanceKlass com/fasterxml/jackson/databind/util/Converter$None
instanceKlass com/fasterxml/jackson/databind/util/Converter
instanceKlass com/fasterxml/jackson/databind/util/internal/PrivateMaxEntriesMap$AddTask
instanceKlass com/fasterxml/jackson/databind/util/internal/PrivateMaxEntriesMap$WeightedValue
instanceKlass com/fasterxml/jackson/databind/type/ClassStack
instanceKlass org/springframework/http/support/HttpComponentsHeadersAdapter
instanceKlass org/springframework/web/client/DefaultRestClient$DefaultConvertibleClientHttpResponse
instanceKlass org/springframework/http/client/HttpComponentsClientHttpResponse
instanceKlass org/apache/hc/core5/io/IOFunction
instanceKlass org/apache/hc/client5/http/impl/ContentCodingSupport
instanceKlass org/apache/hc/core5/http/io/EofSensorWatcher
instanceKlass org/apache/hc/client5/http/impl/classic/CloseableDelegate
instanceKlass org/apache/hc/client5/http/impl/classic/CloseableHttpResponse
instanceKlass org/apache/hc/core5/http/message/BasicHeaderElement
instanceKlass org/apache/hc/core5/http/message/BasicNameValuePair
instanceKlass org/apache/hc/core5/http/HeaderElement
instanceKlass org/apache/hc/core5/http/message/BasicHeaderValueParser
instanceKlass org/apache/hc/core5/http/message/HeaderValueParser
instanceKlass org/apache/hc/core5/http/message/AbstractHeaderElementIterator
instanceKlass org/apache/hc/core5/http/impl/io/support/IncomingHttpEntity
instanceKlass org/apache/hc/core5/http/message/StatusLine
instanceKlass org/apache/hc/core5/http/ProtocolVersionParser$Factory
instanceKlass org/apache/hc/core5/http/message/RequestLine
instanceKlass org/apache/hc/client5/http/io/ConnectionEndpoint$RequestExecutor
instanceKlass org/apache/hc/core5/http/io/HttpResponseInformationCallback
instanceKlass org/apache/hc/client5/http/utils/DateUtils
instanceKlass org/apache/hc/client5/http/impl/cookie/BasicHttpOnlyHandler
instanceKlass org/apache/hc/client5/http/impl/cookie/AbstractCookieAttributeHandler
instanceKlass org/apache/hc/client5/http/impl/cookie/PublicSuffixDomainFilter
instanceKlass org/apache/hc/client5/http/impl/cookie/BasicDomainHandler
instanceKlass org/apache/hc/client5/http/impl/cookie/BasicPathHandler
instanceKlass org/apache/hc/client5/http/cookie/SetCookie
instanceKlass org/apache/hc/client5/http/cookie/Cookie
instanceKlass org/apache/hc/client5/http/impl/cookie/RFC6265CookieSpec
instanceKlass org/apache/hc/client5/http/impl/cookie/RFC6265CookieSpecFactory$2
instanceKlass org/apache/hc/client5/http/cookie/CookieOrigin
instanceKlass org/apache/hc/core5/net/InetAddressUtils
instanceKlass org/apache/hc/client5/http/EndpointInfo
instanceKlass org/apache/hc/client5/http/config/TlsConfig$Builder
instanceKlass org/apache/hc/client5/http/config/TlsConfig
instanceKlass org/apache/hc/client5/http/RouteTracker
instanceKlass org/apache/hc/core5/http/impl/io/AbstractMessageParser
instanceKlass org/apache/hc/core5/http/impl/io/AbstractMessageWriter
instanceKlass org/apache/hc/core5/http/impl/BasicHttpConnectionMetrics
instanceKlass org/apache/hc/core5/http/impl/io/SessionOutputBufferImpl
instanceKlass org/apache/hc/core5/util/ByteArrayBuffer
instanceKlass org/apache/hc/core5/http/impl/io/SessionInputBufferImpl
instanceKlass org/apache/hc/core5/http/impl/BasicHttpTransportMetrics
instanceKlass org/apache/hc/core5/http/impl/io/SocketHolder
instanceKlass org/apache/hc/core5/http/io/SessionInputBuffer
instanceKlass org/apache/hc/core5/http/io/SessionOutputBuffer
instanceKlass org/apache/hc/core5/http/EndpointDetails
instanceKlass org/apache/hc/core5/http/HttpConnectionMetrics
instanceKlass org/apache/hc/core5/http/io/HttpTransportMetrics
instanceKlass org/apache/hc/core5/http/impl/io/BHttpConnectionBase
instanceKlass org/apache/hc/core5/util/Identifiable
instanceKlass org/apache/hc/client5/http/impl/ConnectionHolder
instanceKlass org/apache/hc/client5/http/io/ConnectionEndpoint
instanceKlass org/apache/hc/client5/http/impl/io/PoolingHttpClientConnectionManager$3
instanceKlass org/apache/hc/core5/pool/PoolEntry
instanceKlass org/apache/hc/core5/pool/StrictConnPool$PerRoutePool
instanceKlass org/apache/hc/core5/pool/StrictConnPool$LeaseRequest
instanceKlass org/apache/hc/core5/util/Deadline
instanceKlass org/apache/hc/core5/util/Asserts
instanceKlass org/apache/hc/client5/http/impl/auth/AuthenticationHandler$1
instanceKlass org/apache/hc/client5/http/impl/classic/RequestEntityProxy
instanceKlass org/apache/hc/core5/util/LangUtils
instanceKlass org/apache/hc/client5/http/auth/AuthExchange
instanceKlass sun/nio/cs/Surrogate
instanceKlass sun/nio/cs/Surrogate$Parser
instanceKlass sun/nio/cs/ThreadLocalCoders$Cache
instanceKlass sun/nio/cs/ThreadLocalCoders
instanceKlass org/apache/hc/core5/net/PercentCodec
instanceKlass org/apache/hc/core5/net/URIBuilder
instanceKlass org/apache/hc/client5/http/impl/RequestSupport
instanceKlass org/apache/hc/client5/http/classic/ExecChain
instanceKlass org/apache/hc/core5/http/message/BasicListHeaderIterator
instanceKlass org/apache/hc/core5/http/support/AbstractMessageBuilder
instanceKlass org/apache/hc/client5/http/classic/ExecChain$Scope
instanceKlass org/apache/hc/client5/http/impl/classic/InternalExecRuntime
instanceKlass org/apache/hc/client5/http/impl/ExecSupport
instanceKlass org/apache/hc/core5/http/HttpHost
instanceKlass org/apache/hc/client5/http/routing/RoutingSupport
instanceKlass org/apache/hc/core5/http/message/BasicHeader
instanceKlass java/util/concurrent/atomic/AtomicMarkableReference$Pair
instanceKlass java/util/concurrent/atomic/AtomicMarkableReference
instanceKlass org/apache/hc/core5/net/Ports
instanceKlass org/apache/hc/core5/net/Host
instanceKlass org/apache/hc/core5/net/URIAuthority
instanceKlass org/apache/hc/core5/http/message/HeaderGroup
instanceKlass org/apache/hc/core5/concurrent/CancellableDependency
instanceKlass org/apache/hc/client5/http/classic/methods/HttpUriRequest
instanceKlass org/springframework/http/client/InterceptingClientHttpRequest$EndOfChainRequestExecution
instanceKlass java/util/concurrent/ArrayBlockingQueue$Itr
instanceKlass io/micrometer/core/instrument/LongTaskTimer$Sample
instanceKlass io/micrometer/core/instrument/LongTaskTimer$Builder
instanceKlass io/micrometer/common/KeyValues$ArrayIterator
instanceKlass org/springframework/http/client/AbstractClientHttpRequestFactoryWrapper
instanceKlass org/springframework/web/client/DefaultRestClient$DefaultResponseSpec
instanceKlass com/netflix/discovery/util/StringUtil
instanceKlass org/springframework/web/util/HierarchicalUriComponents$UriTemplateEncoder
instanceKlass org/springframework/web/client/RestClient$RequestHeadersSpec$ExchangeFunction
instanceKlass org/springframework/web/client/RestClient$RequestHeadersSpec$ConvertibleClientHttpResponse
instanceKlass org/springframework/web/client/RestClient$ResponseSpec
instanceKlass org/springframework/web/client/DefaultRestClient$DefaultRequestBodyUriSpec
instanceKlass org/springframework/web/client/RestClient$RequestBodyUriSpec
instanceKlass org/springframework/web/client/RestClient$RequestBodySpec
instanceKlass org/springframework/web/client/RestClient$RequestHeadersUriSpec
instanceKlass org/springframework/web/client/RestClient$RequestHeadersSpec
instanceKlass org/springframework/web/client/RestClient$UriSpec
instanceKlass org/springframework/web/client/DefaultRestClient
instanceKlass org/springframework/cloud/netflix/eureka/http/RestClientEurekaHttpClient
instanceKlass org/springframework/web/client/StatusHandler$ResponsePredicate
instanceKlass com/netflix/discovery/converters/jackson/mixin/InstanceInfoJsonMixIn
instanceKlass com/netflix/discovery/converters/jackson/mixin/ApplicationsJsonMixIn
instanceKlass com/fasterxml/jackson/databind/PropertyNamingStrategies
instanceKlass org/springframework/cloud/netflix/eureka/http/EurekaHttpClientUtils
instanceKlass org/apache/hc/client5/http/ssl/DefaultHostnameVerifier
instanceKlass org/apache/hc/client5/http/ssl/HttpClientHostnameVerifier
instanceKlass org/apache/hc/client5/http/ssl/SSLConnectionSocketFactory
instanceKlass javax/net/SocketFactory
instanceKlass org/apache/hc/client5/http/ssl/SSLConnectionSocketFactoryBuilder
instanceKlass org/springframework/web/client/StatusHandler
instanceKlass org/springframework/web/client/ApiVersionInserter
instanceKlass org/springframework/web/client/RestClient$ResponseSpec$ErrorHandler
instanceKlass org/springframework/http/client/HttpComponentsClientHttpRequestFactory
instanceKlass org/apache/hc/core5/http/protocol/HttpCoreContext
instanceKlass org/apache/hc/client5/http/classic/ExecRuntime
instanceKlass org/apache/hc/client5/http/impl/auth/BasicCredentialsProvider
instanceKlass org/apache/hc/client5/http/auth/Credentials
instanceKlass org/apache/hc/client5/http/impl/auth/SystemDefaultCredentialsProvider
instanceKlass org/apache/hc/client5/http/auth/CredentialsStore
instanceKlass org/apache/hc/client5/http/cookie/CookieIdentityComparator
instanceKlass org/apache/hc/client5/http/cookie/BasicCookieStore
instanceKlass org/apache/hc/client5/http/impl/cookie/IgnoreCookieSpecFactory
instanceKlass org/apache/hc/client5/http/cookie/CookieSpec
instanceKlass org/apache/hc/client5/http/cookie/CommonCookieAttributeHandler
instanceKlass org/apache/hc/client5/http/cookie/CookieAttributeHandler
instanceKlass org/apache/hc/client5/http/impl/cookie/RFC6265CookieSpecFactory
instanceKlass org/apache/hc/client5/http/cookie/CookieSpecFactory
instanceKlass org/apache/hc/client5/http/psl/PublicSuffixMatcher
instanceKlass org/apache/hc/client5/http/psl/PublicSuffixList
instanceKlass org/apache/hc/client5/http/psl/PublicSuffixListParser
instanceKlass org/apache/hc/client5/http/psl/PublicSuffixMatcherLoader
instanceKlass org/apache/hc/client5/http/impl/CookieSpecSupport
instanceKlass org/apache/hc/client5/http/impl/auth/ScramSchemeFactory
instanceKlass org/apache/hc/client5/http/impl/auth/BearerSchemeFactory
instanceKlass org/apache/hc/client5/http/impl/auth/DigestSchemeFactory
instanceKlass org/apache/hc/client5/http/auth/AuthScheme
instanceKlass org/apache/hc/client5/http/impl/auth/BasicSchemeFactory
instanceKlass org/apache/hc/client5/http/auth/AuthSchemeFactory
instanceKlass org/apache/hc/client5/http/impl/classic/ExecChainElement
instanceKlass org/apache/hc/client5/http/impl/classic/RedirectExec
instanceKlass org/apache/hc/client5/http/impl/routing/DefaultRoutePlanner
instanceKlass org/apache/hc/client5/http/impl/classic/HttpRequestRetryExec
instanceKlass org/apache/hc/client5/http/impl/DefaultHttpRequestRetryStrategy
instanceKlass org/apache/hc/core5/http/message/BufferedHeader
instanceKlass org/apache/hc/core5/http/FormattedHeader
instanceKlass org/apache/hc/core5/util/CharArrayBuffer
instanceKlass org/apache/hc/core5/http/message/MessageSupport
instanceKlass org/apache/hc/client5/http/impl/Brotli4jRuntime
instanceKlass org/apache/hc/client5/http/entity/compress/CommonsCompressRuntime
instanceKlass org/apache/hc/core5/http/io/entity/HttpEntityWrapper
instanceKlass org/apache/hc/client5/http/entity/compress/ContentCodecRegistry$Codec
instanceKlass org/apache/hc/client5/http/entity/compress/ContentCodecRegistry
instanceKlass org/apache/hc/client5/http/impl/classic/ContentCompressionExec
instanceKlass io/micrometer/core/instrument/distribution/HistogramSnapshot
instanceKlass org/apache/hc/client5/http/impl/classic/ProtocolExec
instanceKlass java/util/function/DoubleSupplier
instanceKlass io/micrometer/core/instrument/util/TimeUtils$1
instanceKlass org/apache/hc/client5/http/impl/routing/BasicRouteDirector
instanceKlass io/micrometer/core/instrument/util/TimeUtils
instanceKlass org/apache/hc/client5/http/auth/AuthCache
instanceKlass org/apache/hc/client5/http/impl/auth/AuthCacheKeeper
instanceKlass io/micrometer/core/instrument/distribution/CountAtBucket
instanceKlass org/apache/hc/client5/http/impl/auth/AuthChallengeParser
instanceKlass io/micrometer/core/instrument/distribution/ValueAtPercentile
instanceKlass io/micrometer/core/instrument/distribution/HistogramGauges
instanceKlass org/apache/hc/client5/http/impl/auth/AuthenticationHandler
instanceKlass io/micrometer/core/instrument/distribution/TimeWindowMax
instanceKlass org/apache/hc/core5/http/ClassicHttpRequest
instanceKlass io/micrometer/core/instrument/distribution/NoopHistogram
instanceKlass io/micrometer/core/instrument/distribution/Histogram
instanceKlass org/apache/hc/client5/http/routing/HttpRouteDirector
instanceKlass org/apache/hc/client5/http/impl/classic/ConnectExec
instanceKlass org/apache/hc/core5/http/ProtocolVersionParser
instanceKlass org/apache/hc/client5/http/impl/ProtocolSwitchStrategy
instanceKlass io/micrometer/core/instrument/distribution/DistributionStatisticConfig$Builder
instanceKlass io/micrometer/core/instrument/AbstractTimerBuilder
instanceKlass org/apache/hc/client5/http/impl/classic/MainClientExec
instanceKlass org/apache/hc/client5/http/classic/ExecChainHandler
instanceKlass org/apache/hc/core5/http/config/NamedElementChain$Node
instanceKlass java/util/stream/ReduceOps$8ReducingSink
instanceKlass java/util/stream/Sink$OfLong
instanceKlass java/util/function/LongConsumer
instanceKlass org/apache/hc/core5/http/config/NamedElementChain
instanceKlass java/util/function/LongBinaryOperator
instanceKlass org/apache/hc/core5/http/protocol/DefaultHttpProcessor
instanceKlass java/util/stream/LongStream
instanceKlass org/apache/hc/client5/http/protocol/ResponseProcessCookies
instanceKlass org/apache/hc/client5/http/protocol/RequestAddCookies
instanceKlass com/sun/management/internal/GarbageCollectionNotifInfoCompositeData$1
instanceKlass org/apache/hc/core5/http/protocol/ChainBuilder
instanceKlass org/apache/hc/client5/http/protocol/RequestUpgrade
instanceKlass org/apache/hc/client5/http/protocol/RequestExpectContinue
instanceKlass javax/management/openmbean/CompositeDataSupport
instanceKlass org/apache/hc/core5/http/protocol/RequestUserAgent
instanceKlass javax/management/openmbean/TabularDataSupport
instanceKlass org/apache/hc/client5/http/protocol/RequestClientConnControl
instanceKlass com/sun/management/internal/GcInfoCompositeData$2
instanceKlass org/apache/hc/core5/http/protocol/RequestContent
instanceKlass com/sun/management/internal/GcInfoCompositeData$1
instanceKlass org/apache/hc/client5/http/protocol/RequestDefaultHeaders
instanceKlass org/apache/hc/client5/http/protocol/RequestValidateTrace
instanceKlass sun/management/MappedMXBeanType$CompositeDataMXBeanType$2
instanceKlass sun/management/MappedMXBeanType$CompositeDataMXBeanType$1
instanceKlass org/apache/hc/core5/http/protocol/RequestTargetHost
instanceKlass org/apache/hc/core5/http/protocol/HttpProcessorBuilder
instanceKlass javax/management/openmbean/TabularData
instanceKlass sun/management/MappedMXBeanType
instanceKlass javax/management/openmbean/OpenType
instanceKlass org/apache/hc/core5/util/VersionInfo
instanceKlass sun/management/LazyCompositeData
instanceKlass org/apache/hc/client5/http/impl/DefaultUserTokenHandler
instanceKlass com/sun/management/internal/GcInfoBuilder
instanceKlass com/sun/management/GcInfo
instanceKlass javax/management/openmbean/CompositeData
instanceKlass org/apache/hc/client5/http/impl/DefaultAuthenticationStrategy
instanceKlass org/apache/hc/client5/http/impl/DefaultConnectionKeepAliveStrategy
instanceKlass org/apache/hc/core5/http/impl/DefaultConnectionReuseStrategy
instanceKlass org/apache/hc/core5/http/protocol/HttpContext
instanceKlass org/apache/hc/core5/http/HttpRequest
instanceKlass org/apache/hc/core5/http/impl/io/HttpRequestExecutor
instanceKlass org/apache/hc/core5/http/impl/io/NoResponseOutOfOrderStrategy
instanceKlass org/apache/hc/core5/http/impl/DefaultContentLengthStrategy
instanceKlass org/apache/hc/core5/http/impl/EnglishReasonPhraseCatalog
instanceKlass org/apache/hc/core5/http/ClassicHttpResponse
instanceKlass org/apache/hc/core5/http/HttpEntityContainer
instanceKlass org/apache/hc/core5/http/HttpResponse
instanceKlass org/apache/hc/core5/http/HttpMessage
instanceKlass org/apache/hc/core5/http/MessageHeaders
instanceKlass org/apache/hc/core5/http/ReasonPhraseCatalog
instanceKlass org/apache/hc/core5/http/impl/io/DefaultClassicHttpResponseFactory
instanceKlass org/apache/hc/core5/util/Tokenizer$Delimiter
instanceKlass org/apache/hc/core5/util/Tokenizer
instanceKlass org/apache/hc/core5/http/Header
instanceKlass org/apache/hc/core5/http/NameValuePair
instanceKlass org/apache/hc/core5/util/Tokenizer$Cursor
instanceKlass org/apache/hc/core5/http/message/BasicLineParser
instanceKlass org/apache/hc/core5/http/io/HttpMessageParser
instanceKlass org/apache/hc/core5/http/HttpResponseFactory
instanceKlass org/apache/hc/core5/http/message/LineParser
instanceKlass org/apache/hc/client5/http/impl/io/DefaultHttpResponseParserFactory
instanceKlass org/apache/hc/core5/http/message/BasicLineFormatter
instanceKlass org/apache/hc/core5/http/io/HttpMessageWriter
instanceKlass org/apache/hc/core5/http/message/LineFormatter
instanceKlass org/apache/hc/core5/http/impl/io/DefaultHttpRequestWriterFactory
instanceKlass org/apache/hc/core5/http/config/CharCodingConfig$Builder
instanceKlass org/apache/hc/core5/http/config/CharCodingConfig
instanceKlass org/apache/hc/core5/http/ProtocolVersion
instanceKlass org/apache/hc/core5/http/config/Http1Config$Builder
instanceKlass org/apache/hc/core5/http/config/Http1Config
instanceKlass org/apache/hc/client5/http/io/ManagedHttpClientConnection
instanceKlass org/apache/hc/core5/http/io/HttpClientConnection
instanceKlass org/apache/hc/core5/http/io/BHttpConnection
instanceKlass org/apache/hc/core5/http/HttpConnection
instanceKlass org/apache/hc/core5/http/SocketModalCloseable
instanceKlass org/apache/hc/core5/http/io/ResponseOutOfOrderStrategy
instanceKlass org/apache/hc/core5/http/ContentLengthStrategy
instanceKlass org/apache/hc/core5/http/io/HttpMessageParserFactory
instanceKlass org/apache/hc/core5/http/io/HttpMessageWriterFactory
instanceKlass org/apache/hc/client5/http/impl/io/ManagedHttpClientConnectionFactory
instanceKlass org/apache/hc/core5/concurrent/BasicFuture
instanceKlass org/apache/hc/core5/pool/StrictConnPool
instanceKlass org/apache/hc/client5/http/impl/io/PoolingHttpClientConnectionManager$4
instanceKlass org/apache/hc/core5/pool/DefaultDisposalCallback
instanceKlass org/apache/hc/client5/http/socket/UnixDomainSocketFactory
instanceKlass org/apache/hc/core5/http/config/Registry
instanceKlass org/apache/hc/core5/http/config/RegistryBuilder
instanceKlass org/apache/hc/client5/http/io/DetachedSocketFactory
instanceKlass java/net/DatagramSocket
instanceKlass java/net/ServerSocket
instanceKlass jdk/net/Sockets$KeepAliveOptions
instanceKlass jdk/net/Sockets$QuickAck
instanceKlass jdk/net/Sockets
instanceKlass org/apache/hc/client5/http/impl/io/DefaultHttpClientConnectionOperator
instanceKlass org/apache/hc/client5/http/impl/PrefixedIncrementingId
instanceKlass org/apache/hc/client5/http/io/LeaseRequest
instanceKlass org/apache/hc/core5/concurrent/Cancellable
instanceKlass org/apache/hc/core5/http/io/HttpConnectionFactory
instanceKlass org/apache/hc/core5/pool/ManagedConnPool
instanceKlass org/apache/hc/core5/pool/ConnPool
instanceKlass org/apache/hc/core5/pool/DisposalCallback
instanceKlass org/apache/hc/client5/http/impl/io/PoolingHttpClientConnectionManager
instanceKlass org/apache/hc/core5/pool/ConnPoolControl
instanceKlass org/apache/hc/core5/pool/ConnPoolStats
instanceKlass org/apache/hc/core5/util/TextUtils
instanceKlass org/apache/hc/client5/http/ssl/HttpsSupport
instanceKlass javax/net/ssl/X509ExtendedKeyManager
instanceKlass javax/net/ssl/X509KeyManager
instanceKlass javax/net/ssl/KeyManager
instanceKlass javax/net/ssl/KeyManagerFactorySpi
instanceKlass javax/net/ssl/KeyManagerFactory$1
instanceKlass sun/security/ssl/SSLContextImpl$DefaultManagersHolder$1
instanceKlass javax/net/ssl/X509ExtendedTrustManager
instanceKlass javax/net/ssl/X509TrustManager
instanceKlass javax/net/ssl/TrustManager
instanceKlass sun/security/validator/TrustStoreUtil
instanceKlass sun/security/x509/RFC822Name
instanceKlass sun/security/x509/NetscapeCertTypeExtension$MapEntry
instanceKlass java/security/cert/PolicyQualifierInfo
instanceKlass java/security/interfaces/ECPublicKey
instanceKlass sun/security/provider/JavaKeyStore$TrustedCertEntry
instanceKlass sun/security/action/OpenFileInputStreamAction
instanceKlass java/security/KeyStoreSpi
instanceKlass java/security/KeyStore$1
instanceKlass sun/security/ssl/TrustStoreManager$TrustStoreDescriptor$1
instanceKlass sun/security/util/FilePaths
instanceKlass sun/security/ssl/TrustStoreManager$TrustStoreDescriptor
instanceKlass sun/security/ssl/TrustStoreManager$TrustAnchorManager
instanceKlass sun/security/ssl/TrustStoreManager
instanceKlass javax/net/ssl/TrustManagerFactorySpi
instanceKlass javax/net/ssl/TrustManagerFactory$1
instanceKlass sun/security/ssl/SSLContextImpl$DefaultManagersHolder
instanceKlass sun/security/ssl/SSLSessionContextImpl
instanceKlass javax/net/ssl/SSLSessionContext
instanceKlass sun/security/ssl/EphemeralKeyManager$EphemeralKeyPair
instanceKlass sun/security/ssl/EphemeralKeyManager
instanceKlass sun/security/ssl/SSLContextImpl$CustomizedSSLProtocols
instanceKlass java/security/spec/NamedParameterSpec
instanceKlass sun/security/util/ECKeySizeParameterSpec
instanceKlass java/security/AlgorithmParametersSpi
instanceKlass java/security/AlgorithmParameters
instanceKlass sun/security/util/ECUtil
instanceKlass sun/security/ec/point/Point
instanceKlass java/security/KeyPairGeneratorSpi
instanceKlass javax/crypto/KeyAgreement
instanceKlass sun/security/ssl/JsseJce$EcAvailability
instanceKlass sun/security/ssl/SSLAlgorithmDecomposer$1
instanceKlass sun/security/ssl/Utilities
instanceKlass sun/security/ssl/JsseJce
instanceKlass sun/security/ssl/NamedGroup$XDHScheme
instanceKlass sun/security/ssl/NamedGroup$FFDHEScheme
instanceKlass sun/security/ssl/NamedGroup$ECDHEScheme
instanceKlass sun/security/ssl/NamedGroup$NamedGroupScheme
instanceKlass sun/security/ssl/SSLCipher$1
instanceKlass sun/security/ssl/SSLCipher$T13CC20P1305WriteCipherGenerator
instanceKlass sun/security/ssl/SSLCipher$T12CC20P1305WriteCipherGenerator
instanceKlass sun/security/ssl/SSLCipher$T13CC20P1305ReadCipherGenerator
instanceKlass sun/security/ssl/SSLCipher$T12CC20P1305ReadCipherGenerator
instanceKlass sun/security/ssl/SSLCipher$T13GcmWriteCipherGenerator
instanceKlass sun/security/ssl/SSLCipher$T13GcmReadCipherGenerator
instanceKlass sun/security/ssl/SSLCipher$T12GcmWriteCipherGenerator
instanceKlass sun/security/ssl/SSLCipher$T12GcmReadCipherGenerator
instanceKlass com/sun/crypto/provider/AESConstants
instanceKlass javax/crypto/JceSecurityManager$1
instanceKlass sun/security/ssl/SSLCipher$T11BlockWriteCipherGenerator
instanceKlass sun/security/ssl/SSLCipher$T11BlockReadCipherGenerator
instanceKlass com/sun/crypto/provider/PKCS5Padding
instanceKlass com/sun/crypto/provider/Padding
instanceKlass com/sun/crypto/provider/FeedbackCipher
instanceKlass com/sun/crypto/provider/SymmetricCipher
instanceKlass com/sun/crypto/provider/DESConstants
instanceKlass com/sun/crypto/provider/CipherCore
instanceKlass sun/security/ssl/SSLCipher$T10BlockWriteCipherGenerator
instanceKlass sun/security/ssl/SSLCipher$T10BlockReadCipherGenerator
instanceKlass javax/crypto/CipherSpi
instanceKlass javax/crypto/ProviderVerifier$1
instanceKlass javax/crypto/ProviderVerifier
instanceKlass javax/crypto/JceSecurity$2
instanceKlass javax/crypto/JceSecurity$IdentityWrapper
instanceKlass java/util/Vector$1
instanceKlass javax/crypto/CryptoPolicyParser$CryptoPermissionEntry
instanceKlass javax/crypto/CryptoPolicyParser$GrantEntry
instanceKlass java/io/StreamTokenizer
instanceKlass javax/crypto/CryptoPolicyParser
instanceKlass java/nio/file/Files$1
instanceKlass sun/nio/fs/WindowsFileSystem$2
instanceKlass java/nio/file/PathMatcher
instanceKlass sun/nio/fs/Globs
instanceKlass sun/nio/fs/WindowsFileSystemProvider$1
instanceKlass javax/crypto/JceSecurity$1
instanceKlass javax/crypto/JceSecurity
instanceKlass javax/crypto/Cipher$Transform
instanceKlass javax/crypto/Cipher
instanceKlass sun/security/ssl/SSLCipher$StreamWriteCipherGenerator
instanceKlass sun/security/ssl/SSLCipher$StreamReadCipherGenerator
instanceKlass sun/security/ssl/SSLCipher$NullWriteCipherGenerator
instanceKlass sun/security/ssl/SSLCipher$WriteCipherGenerator
instanceKlass sun/security/ssl/SSLCipher$NullReadCipherGenerator
instanceKlass sun/security/ssl/SSLCipher$ReadCipherGenerator
instanceKlass sun/security/ssl/SSLAlgorithmConstraints
instanceKlass sun/security/ssl/SSLLogger
instanceKlass sun/security/ec/SunEC$1
instanceKlass com/sun/security/sasl/gsskerb/JdkSASL$1
instanceKlass sun/security/jca/ProviderConfig$ProviderLoader
instanceKlass sun/security/jca/ProviderConfig$3
instanceKlass javax/net/ssl/SSLContextSpi
instanceKlass org/apache/hc/core5/ssl/SSLContexts
instanceKlass org/springframework/boot/context/properties/PropertyMapper$Source$Always$Adapter
instanceKlass org/springframework/boot/context/properties/PropertyMapper$Source$Always
instanceKlass org/apache/hc/client5/http/config/ConnectionConfig$Builder
instanceKlass org/apache/hc/client5/http/config/ConnectionConfig
instanceKlass org/apache/hc/client5/http/HttpRoute
instanceKlass org/apache/hc/client5/http/RouteInfo
instanceKlass org/apache/hc/core5/function/Resolver
instanceKlass org/apache/hc/core5/http/io/SocketConfig$Builder
instanceKlass org/apache/hc/core5/util/Args
instanceKlass org/apache/hc/core5/util/TimeValue
instanceKlass org/apache/hc/core5/http/io/SocketConfig
instanceKlass org/apache/hc/client5/http/io/HttpClientConnectionOperator
instanceKlass org/apache/hc/client5/http/impl/io/PoolingHttpClientConnectionManagerBuilder
instanceKlass org/apache/hc/core5/net/NamedEndpoint
instanceKlass org/apache/hc/client5/http/impl/DefaultSchemePortResolver
instanceKlass org/apache/hc/client5/http/impl/DefaultRedirectStrategy
instanceKlass org/springframework/boot/http/client/HttpComponentsRedirectStrategy
instanceKlass org/apache/hc/core5/http/HttpEntity
instanceKlass org/apache/hc/core5/http/EntityDetails
instanceKlass org/apache/hc/client5/http/config/Configurable
instanceKlass org/apache/hc/client5/http/impl/classic/CloseableHttpClient
instanceKlass org/apache/hc/client5/http/auth/CredentialsProvider
instanceKlass org/apache/hc/client5/http/cookie/CookieStore
instanceKlass org/apache/hc/client5/http/protocol/RedirectStrategy
instanceKlass org/apache/hc/client5/http/routing/HttpRoutePlanner
instanceKlass org/apache/hc/client5/http/HttpRequestRetryStrategy
instanceKlass org/apache/hc/core5/http/config/Lookup
instanceKlass org/apache/hc/core5/http/protocol/HttpProcessor
instanceKlass org/apache/hc/client5/http/SchemePortResolver
instanceKlass org/apache/hc/core5/http/HttpResponseInterceptor
instanceKlass org/apache/hc/core5/http/HttpRequestInterceptor
instanceKlass org/apache/hc/client5/http/UserTokenHandler
instanceKlass org/apache/hc/client5/http/AuthenticationStrategy
instanceKlass org/apache/hc/client5/http/ConnectionKeepAliveStrategy
instanceKlass org/apache/hc/core5/http/ConnectionReuseStrategy
instanceKlass org/apache/hc/client5/http/impl/classic/HttpClientBuilder
instanceKlass java/net/http/HttpClient
instanceKlass org/springframework/web/client/DefaultRestClientBuilder
instanceKlass com/netflix/discovery/shared/transport/TransportUtils
instanceKlass com/netflix/discovery/shared/transport/decorator/EurekaHttpClientDecorator$6
instanceKlass com/netflix/discovery/InstanceRegionChecker
instanceKlass com/netflix/discovery/AbstractAzToRegionMapper
instanceKlass com/netflix/discovery/shared/transport/decorator/RetryableEurekaHttpClient$1
instanceKlass com/netflix/discovery/shared/transport/decorator/ServerStatusEvaluators$2
instanceKlass com/netflix/discovery/shared/transport/decorator/ServerStatusEvaluators$1
instanceKlass com/netflix/discovery/shared/transport/decorator/ServerStatusEvaluator
instanceKlass com/netflix/discovery/shared/transport/decorator/ServerStatusEvaluators
instanceKlass com/netflix/discovery/shared/transport/decorator/RedirectingEurekaHttpClient$1
instanceKlass com/netflix/discovery/shared/dns/DnsServiceImpl
instanceKlass com/netflix/discovery/shared/dns/DnsService
instanceKlass com/netflix/discovery/shared/transport/decorator/EurekaHttpClientDecorator$RequestExecutor
instanceKlass com/netflix/discovery/shared/transport/decorator/EurekaHttpClientDecorator
instanceKlass com/netflix/discovery/shared/transport/EurekaHttpClients$1
instanceKlass java/util/TimerTask
instanceKlass com/netflix/discovery/shared/resolver/AsyncResolver$2
instanceKlass com/netflix/discovery/shared/resolver/AsyncResolver$1
instanceKlass com/netflix/discovery/shared/resolver/AsyncResolver$3
instanceKlass com/netflix/discovery/shared/resolver/AsyncResolver
instanceKlass com/netflix/discovery/shared/resolver/DefaultEndpoint
instanceKlass com/netflix/discovery/endpoint/EndpointUtils
instanceKlass com/netflix/discovery/shared/resolver/aws/ConfigClusterResolver
instanceKlass com/netflix/discovery/shared/resolver/aws/ZoneAffinityClusterResolver
instanceKlass com/netflix/discovery/shared/transport/EurekaHttpClientFactory
instanceKlass com/netflix/discovery/shared/resolver/ClosableResolver
instanceKlass com/netflix/discovery/shared/transport/EurekaHttpClients
instanceKlass com/netflix/discovery/DiscoveryClient$5
instanceKlass com/netflix/discovery/shared/transport/EurekaHttpClient
instanceKlass org/springframework/cloud/netflix/eureka/http/RestClientTransportClientFactory
instanceKlass com/netflix/discovery/DiscoveryClient$EurekaTransport
instanceKlass com/netflix/discovery/DiscoveryClient$4
instanceKlass com/netflix/discovery/DiscoveryClient$3
instanceKlass com/netflix/discovery/DiscoveryClient$2
instanceKlass com/netflix/discovery/util/ThresholdLevelsMetric
instanceKlass com/netflix/discovery/endpoint/EndpointUtils$InstanceInfoBasedUrlRandomizer
instanceKlass com/netflix/discovery/DiscoveryClient$Stats
instanceKlass com/netflix/spectator/api/patterns/GaugePoller$1
instanceKlass com/netflix/spectator/api/patterns/GaugePoller
instanceKlass com/netflix/spectator/api/patterns/PolledMeter$ValueEntry
instanceKlass com/netflix/spectator/api/Utils
instanceKlass com/netflix/spectator/api/patterns/PolledMeter$AbstractMeterState
instanceKlass com/netflix/spectator/api/RegistryConfig
instanceKlass com/netflix/spectator/impl/Config
instanceKlass com/netflix/spectator/api/patterns/TagsBuilder
instanceKlass com/netflix/spectator/api/patterns/IdBuilder
instanceKlass com/netflix/spectator/api/patterns/PolledMeter
instanceKlass com/netflix/spectator/api/Timer$BatchUpdater
instanceKlass com/netflix/spectator/api/Counter$BatchUpdater
instanceKlass com/netflix/spectator/impl/SwapMeter
instanceKlass com/netflix/spectator/api/ArrayTagSet
instanceKlass com/netflix/spectator/api/DefaultId
instanceKlass com/netflix/spectator/api/BasicTag
instanceKlass com/netflix/spectator/impl/Preconditions
instanceKlass com/netflix/spectator/api/ExtendedRegistry
instanceKlass java/util/function/LongSupplier
instanceKlass com/netflix/spectator/api/Clock
instanceKlass com/netflix/spectator/api/Id
instanceKlass com/netflix/spectator/api/TagList
instanceKlass com/netflix/spectator/api/DistributionSummary
instanceKlass com/netflix/spectator/api/Gauge
instanceKlass com/netflix/spectator/api/Timer
instanceKlass com/netflix/spectator/api/Counter
instanceKlass com/netflix/spectator/api/LongTaskTimer
instanceKlass com/netflix/spectator/api/Meter
instanceKlass com/netflix/spectator/api/CompositeRegistry
instanceKlass com/netflix/spectator/api/Spectator
instanceKlass com/netflix/spectator/api/Tag
instanceKlass com/netflix/spectator/api/Registry
instanceKlass com/netflix/discovery/util/SpectatorUtil
instanceKlass com/netflix/discovery/BackupRegistry
instanceKlass com/netflix/discovery/DiscoveryClient$1
instanceKlass com/netflix/discovery/shared/resolver/ResolverUtils
instanceKlass com/netflix/discovery/shared/resolver/EndpointRandomizer
instanceKlass com/netflix/discovery/shared/resolver/ClusterResolver
instanceKlass com/netflix/discovery/shared/resolver/aws/ApplicationsResolver$ApplicationsSource
instanceKlass com/netflix/discovery/EurekaEvent
instanceKlass com/netflix/discovery/AzToRegionMapper
instanceKlass com/netflix/discovery/endpoint/EndpointUtils$ServiceUrlRandomizer
instanceKlass org/springframework/cloud/util/ProxyUtils
instanceKlass com/netflix/discovery/util/StringCache
instanceKlass com/netflix/appinfo/providers/Archaius1VipAddressResolver
instanceKlass com/netflix/appinfo/providers/VipAddressResolver
instanceKlass com/netflix/appinfo/InstanceInfo$Builder$LazyHolder
instanceKlass com/netflix/appinfo/InstanceInfo$Builder
instanceKlass com/netflix/appinfo/LeaseInfo
instanceKlass com/netflix/appinfo/LeaseInfo$Builder
instanceKlass org/springframework/cloud/netflix/eureka/InstanceInfoFactory
instanceKlass org/springframework/aop/framework/ReflectiveMethodInvocation
instanceKlass org/springframework/aop/ProxyMethodInvocation
instanceKlass org/springframework/aop/IntroductionAwareMethodMatcher
instanceKlass org/springframework/aop/TrueClassFilter
instanceKlass org/springframework/aop/framework/AdvisedSupport$MethodCacheKey
instanceKlass org/springframework/cloud/context/scope/GenericScope$BeanLifecycleWrapper
instanceKlass reactor/netty/tcp/TcpResources
instanceKlass org/springframework/util/ConcurrentReferenceHashMap$EntryIterator
instanceKlass org/springframework/util/ConcurrentReferenceHashMap$KeyIterator
instanceKlass io/micrometer/core/instrument/binder/system/DiskSpaceMetrics
instanceKlass io/micrometer/core/instrument/MeterRegistry$1
instanceKlass io/micrometer/core/instrument/TimeGauge$Builder
instanceKlass sun/management/CompilationImpl
instanceKlass sun/management/VMManagementImpl$1
instanceKlass java/lang/management/CompilationMXBean
instanceKlass io/micrometer/core/instrument/StrongReferenceGaugeFunction
instanceKlass sun/management/ClassLoadingImpl
instanceKlass java/lang/management/ClassLoadingMXBean
instanceKlass sun/management/ThreadImpl
instanceKlass com/sun/management/ThreadMXBean
instanceKlass io/micrometer/core/instrument/binder/SimpleMeterConvention
instanceKlass sun/management/ManagementFactoryHelper$1
instanceKlass sun/nio/ch/FileChannelImpl$2
instanceKlass sun/nio/ch/FileChannelImpl$1
instanceKlass jdk/internal/misc/VM$BufferPoolsHolder
instanceKlass java/lang/management/BufferPoolMXBean
instanceKlass io/micrometer/core/instrument/Counter$Builder
instanceKlass java/lang/management/MemoryUsage
instanceKlass java/util/stream/Sink$OfDouble
instanceKlass java/util/function/DoubleConsumer
instanceKlass java/util/function/ObjDoubleConsumer
instanceKlass java/util/stream/DoubleStream
instanceKlass reactor/netty/tcp/SslProvider
instanceKlass org/springframework/context/event/EventListener
instanceKlass com/stoyanr/evictor/queue/NavigableMapEvictionQueue
instanceKlass com/stoyanr/evictor/EvictionQueue
instanceKlass com/stoyanr/evictor/scheduler/AbstractQueueEvictionScheduler
instanceKlass org/springframework/cache/Cache$ValueWrapper
instanceKlass org/springframework/cloud/loadbalancer/core/DelegatingServiceInstanceListSupplier
instanceKlass org/springframework/cloud/loadbalancer/core/SelectedInstanceCallback
instanceKlass org/springframework/cloud/loadbalancer/core/ServiceInstanceListSupplier
instanceKlass com/stoyanr/evictor/EvictionScheduler
instanceKlass org/springframework/cloud/loadbalancer/cache/DefaultLoadBalancerCacheManager
instanceKlass org/springframework/cloud/configuration/VerificationResult
instanceKlass org/springframework/cloud/configuration/SpringBootVersionVerifier$2
instanceKlass org/springframework/cloud/configuration/SpringBootVersionVerifier$1
instanceKlass org/springframework/cloud/configuration/CompatibilityPredicate
instanceKlass org/springframework/cloud/client/loadbalancer/RequestData
instanceKlass org/springframework/web/reactive/function/client/ClientResponse
instanceKlass org/springframework/cloud/client/loadbalancer/reactive/LoadBalancerClientRequestTransformer
instanceKlass org/springframework/web/reactive/function/client/ExchangeFunction
instanceKlass org/springframework/web/reactive/function/client/ClientRequest
instanceKlass org/springframework/web/service/invoker/HttpServiceProxyFactory$Builder
instanceKlass org/springframework/web/service/registry/HttpServiceGroup
instanceKlass org/springframework/web/service/registry/HttpServiceGroupConfigurer$Groups
instanceKlass org/springframework/http/client/ClientHttpRequestExecution
instanceKlass org/springframework/cloud/client/loadbalancer/LoadBalanced
instanceKlass org/springframework/cloud/client/loadbalancer/DefaultResponse
instanceKlass org/springframework/cloud/client/loadbalancer/TimedRequestContext
instanceKlass org/springframework/cloud/client/loadbalancer/LoadBalancerRequest
instanceKlass org/springframework/cloud/loadbalancer/blocking/client/BlockingLoadBalancerClient
instanceKlass com/netflix/discovery/shared/transport/TransportClientFactory
instanceKlass com/netflix/discovery/PreRegistrationHandler
instanceKlass com/netflix/eventbus/spi/EventBus
instanceKlass org/apache/hc/client5/http/config/RequestConfig$Builder
instanceKlass org/apache/hc/client5/http/config/RequestConfig
instanceKlass javax/net/ssl/SSLContext
instanceKlass org/springframework/cloud/netflix/eureka/http/DefaultEurekaClientHttpRequestFactorySupplier
instanceKlass org/springframework/cloud/netflix/eureka/http/EurekaClientHttpRequestFactorySupplier$RequestConfigCustomizer
instanceKlass org/springframework/cloud/context/restart/RestartEndpoint$ResumeEndpoint
instanceKlass org/springframework/cloud/context/restart/RestartEndpoint$PauseEndpoint
instanceKlass org/apache/hc/client5/http/SystemDefaultDnsResolver
instanceKlass org/apache/hc/client5/http/ssl/AbstractClientTlsStrategy
instanceKlass org/apache/hc/core5/http/nio/ssl/TlsStrategy
instanceKlass javax/net/ssl/HostnameVerifier
instanceKlass org/springframework/boot/http/client/HttpComponentsSslBundleTlsStrategy
instanceKlass org/apache/hc/client5/http/ssl/TlsSocketStrategy
instanceKlass org/springframework/boot/http/client/HttpComponentsHttpClientBuilder$TlsSocketStrategyFactory
instanceKlass org/springframework/boot/http/client/Empty
instanceKlass org/apache/hc/client5/http/DnsResolver
instanceKlass org/springframework/boot/http/client/HttpComponentsHttpClientBuilder
instanceKlass org/springframework/boot/http/client/AbstractClientHttpRequestFactoryBuilder
instanceKlass org/apache/hc/client5/http/impl/classic/HttpClients
instanceKlass org/springframework/boot/http/client/HttpComponentsClientHttpRequestFactoryBuilder$Classes
instanceKlass org/springframework/boot/restclient/autoconfigure/HttpMessageConvertersRestClientCustomizer
instanceKlass org/springframework/scheduling/config/ScheduledTaskRegistrar
instanceKlass io/micrometer/core/instrument/simple/SimpleMeterRegistry$1
instanceKlass io/micrometer/core/instrument/FunctionCounter$Builder
instanceKlass io/micrometer/common/util/StringUtils
instanceKlass io/micrometer/core/instrument/Tags$ArrayIterator
instanceKlass io/micrometer/core/instrument/ImmutableTag
instanceKlass java/util/concurrent/ForkJoinPool$ForkJoinWorkerThreadFactory
instanceKlass java/util/concurrent/ForkJoinTask
instanceKlass com/sun/management/UnixOperatingSystemMXBean
instanceKlass sun/management/BaseOperatingSystemImpl
instanceKlass com/sun/management/OperatingSystemMXBean
instanceKlass java/lang/management/OperatingSystemMXBean
instanceKlass io/micrometer/core/instrument/binder/jvm/convention/micrometer/MicrometerJvmCpuMeterConventions
instanceKlass io/micrometer/core/instrument/binder/jvm/convention/JvmCpuMeterConventions
instanceKlass io/micrometer/core/instrument/MultiGauge$Row
instanceKlass org/springframework/boot/micrometer/metrics/autoconfigure/ssl/SslMeterBinder$BundleMetrics
instanceKlass io/micrometer/core/instrument/binder/logging/LogbackMetrics$1
instanceKlass io/micrometer/core/instrument/binder/jvm/convention/micrometer/MicrometerJvmClassLoadingMeterConventions
instanceKlass io/micrometer/core/instrument/binder/jvm/convention/JvmClassLoadingMeterConventions
instanceKlass java/lang/management/ThreadInfo
instanceKlass java/lang/management/ThreadMXBean
instanceKlass io/micrometer/core/instrument/binder/jvm/convention/micrometer/MicrometerJvmThreadMeterConventions
instanceKlass io/micrometer/core/instrument/binder/jvm/convention/JvmThreadMeterConventions
instanceKlass io/micrometer/core/instrument/binder/MeterConvention
instanceKlass io/micrometer/core/instrument/binder/jvm/convention/micrometer/MicrometerJvmMemoryMeterConventions
instanceKlass io/micrometer/core/instrument/binder/jvm/convention/JvmMemoryMeterConventions
instanceKlass sun/management/NotificationEmitterSupport$ListenerInfo
instanceKlass javax/management/NotificationFilter
instanceKlass io/micrometer/core/instrument/distribution/TimeWindowSum
instanceKlass io/micrometer/core/instrument/binder/jvm/JvmGcMetrics$GcMetricsNotificationListener
instanceKlass java/lang/invoke/SerializedLambda
instanceKlass io/micrometer/core/instrument/binder/jvm/JvmMemory
instanceKlass sun/invoke/util/VerifyAccess$1
instanceKlass javax/management/MBeanInfo
instanceKlass javax/management/MBeanFeatureInfo
instanceKlass javax/management/DescriptorRead
instanceKlass com/sun/management/GarbageCollectorMXBean
instanceKlass java/lang/management/GarbageCollectorMXBean
instanceKlass java/lang/management/MemoryManagerMXBean
instanceKlass com/sun/management/GarbageCollectionNotificationInfo
instanceKlass javax/management/openmbean/CompositeDataView
instanceKlass com/sun/jmx/mbeanserver/Util
instanceKlass javax/management/ObjectName$Property
instanceKlass com/sun/jmx/mbeanserver/GetPropertyAction
instanceKlass javax/management/ObjectName
instanceKlass javax/management/QueryExp
instanceKlass sun/management/Util
instanceKlass sun/management/Sensor
instanceKlass sun/management/MemoryPoolImpl
instanceKlass java/lang/management/MemoryMXBean
instanceKlass java/lang/management/MemoryPoolMXBean
instanceKlass javax/management/NotificationListener
instanceKlass org/springframework/http/client/reactive/ReactorClientHttpConnector
instanceKlass org/springframework/boot/http/client/autoconfigure/HttpClientSettingsPropertyMapper
instanceKlass org/springframework/boot/http/client/autoconfigure/HttpClientSettingsProperties$Ssl
instanceKlass org/springframework/boot/http/client/InetAddressFilter
instanceKlass org/springframework/boot/devtools/filewatch/FileSystemWatcher$Watcher
instanceKlass org/springframework/boot/devtools/filewatch/FileSnapshot
instanceKlass org/springframework/boot/devtools/filewatch/DirectorySnapshot
instanceKlass org/springframework/boot/devtools/classpath/ClassPathFileChangeListener
instanceKlass org/springframework/boot/devtools/classpath/ClassPathDirectories
instanceKlass org/springframework/boot/devtools/filewatch/StaticSnapshotStateRepository
instanceKlass org/springframework/boot/devtools/filewatch/SnapshotStateRepository$1
instanceKlass org/springframework/boot/devtools/filewatch/SnapshotStateRepository
instanceKlass org/springframework/boot/devtools/filewatch/FileChangeListener
instanceKlass org/springframework/boot/devtools/filewatch/ChangedFile
instanceKlass org/springframework/boot/devtools/classpath/PatternClassPathRestartStrategy
instanceKlass org/springframework/boot/devtools/autoconfigure/RemoteDevToolsProperties$Proxy
instanceKlass org/springframework/boot/devtools/autoconfigure/RemoteDevToolsProperties$Restart
instanceKlass org/springframework/boot/task/SimpleAsyncTaskSchedulerCustomizer
instanceKlass org/springframework/boot/autoconfigure/task/TaskSchedulingConfigurations
instanceKlass org/springframework/boot/task/ThreadPoolTaskSchedulerCustomizer
instanceKlass org/springframework/aop/interceptor/AsyncUncaughtExceptionHandler
instanceKlass org/springframework/boot/task/SimpleAsyncTaskExecutorCustomizer
instanceKlass org/springframework/context/support/DefaultLifecycleProcessor$LifecycleGroup
instanceKlass reactor/core/observability/SignalListener
instanceKlass org/springframework/web/server/handler/ExceptionHandlingWebHandler$CheckpointInsertingHandler
instanceKlass org/springframework/web/server/handler/DefaultWebFilterChain
instanceKlass org/springframework/web/server/handler/WebHandlerDecorator
instanceKlass org/springframework/http/server/reactive/HttpHandlerDecoratorFactory
instanceKlass io/micrometer/core/instrument/util/MeterEquivalence
instanceKlass io/micrometer/core/instrument/AbstractMeter
instanceKlass io/micrometer/core/instrument/Gauge$Builder
instanceKlass org/springframework/core/log/LogAccessor
instanceKlass io/micrometer/common/lang/Nullable
instanceKlass io/micrometer/observation/ObservationHandler$FirstMatchingCompositeObservationHandler
instanceKlass io/micrometer/observation/ObservationHandler$CompositeObservationHandler
instanceKlass org/springframework/boot/micrometer/observation/autoconfigure/ObservationHandlerGroups
instanceKlass io/micrometer/common/KeyValues
instanceKlass org/springframework/web/filter/reactive/HiddenHttpMethodFilter
instanceKlass org/springframework/boot/webflux/filter/OrderedWebFilter
instanceKlass org/springframework/web/server/handler/ResponseStatusExceptionHandler
instanceKlass org/springframework/http/codec/ServerSentEvent
instanceKlass org/springframework/ui/Model
instanceKlass org/springframework/web/reactive/result/view/Fragment
instanceKlass org/springframework/http/server/reactive/ServerHttpResponseDecorator
instanceKlass org/springframework/web/reactive/result/view/View
instanceKlass org/springframework/web/bind/annotation/ModelAttribute
instanceKlass org/springframework/web/reactive/result/view/ViewResolutionResultHandler$SseStreamHandler
instanceKlass org/springframework/web/reactive/result/view/ViewResolutionResultHandler$StreamHandler
instanceKlass org/springframework/web/reactive/config/UrlBasedViewResolverRegistration
instanceKlass org/springframework/web/bind/annotation/ControllerAdvice
instanceKlass org/springframework/web/method/ControllerAdviceBean
instanceKlass org/springframework/web/method/annotation/HandlerMethodValidator$WebObjectNameResolver
instanceKlass org/springframework/web/method/annotation/HandlerMethodValidator
instanceKlass org/springframework/web/reactive/result/method/annotation/SessionStatusMethodArgumentResolver
instanceKlass org/springframework/web/reactive/result/method/annotation/ApiVersionMethodArgumentResolver
instanceKlass org/springframework/web/reactive/result/method/annotation/AbstractNamedValueArgumentResolver$NamedValueInfo
instanceKlass org/springframework/validation/DataBinder
instanceKlass org/springframework/web/reactive/result/method/HandlerMethodArgumentResolverSupport
instanceKlass org/springframework/web/reactive/result/method/SyncHandlerMethodArgumentResolver
instanceKlass org/springframework/web/reactive/result/method/annotation/ModelInitializer
instanceKlass org/springframework/web/reactive/result/method/annotation/ControllerMethodResolver
instanceKlass org/springframework/web/util/DisconnectedClientHelper
instanceKlass org/springframework/web/reactive/BindingContext
instanceKlass org/springframework/core/ReactiveTypeDescriptor
instanceKlass reactor/adapter/JdkFlowAdapter$PublisherAsFlowPublisher
instanceKlass java/util/concurrent/Flow$Publisher
instanceKlass reactor/adapter/JdkFlowAdapter
instanceKlass org/springframework/core/ReactiveAdapterRegistry$ReactorRegistrar
instanceKlass org/springframework/core/ReactiveAdapter
instanceKlass org/springframework/web/bind/annotation/RequestParam
instanceKlass org/springframework/web/bind/annotation/PathVariable
instanceKlass org/springframework/web/reactive/result/method/RequestMappingInfo$MutateBuilder
instanceKlass java/util/TreeMap$TreeMapSpliterator
instanceKlass org/springframework/core/annotation/MergedAnnotationPredicates$FirstRunOfPredicate
instanceKlass org/springframework/boot/webflux/actuate/endpoint/web/WebFluxEndpointHandlerMapping$WebFluxLinksHandler
instanceKlass org/springframework/boot/webflux/actuate/endpoint/web/AbstractWebFluxEndpointHandlerMapping$ExceptionCapturingInvoker
instanceKlass org/springframework/web/bind/annotation/RequestBody
instanceKlass org/springframework/web/reactive/result/method/AbstractHandlerMethodMapping$MappingRegistration
instanceKlass org/springframework/web/method/HandlerMethod$MethodValidationInitializer
instanceKlass org/springframework/boot/webflux/actuate/endpoint/web/AbstractWebFluxEndpointHandlerMapping$ElasticSchedulerInvoker
instanceKlass org/springframework/boot/actuate/endpoint/InvocationContext
instanceKlass org/springframework/boot/webflux/actuate/endpoint/web/AbstractWebFluxEndpointHandlerMapping$ReactiveWebOperationAdapter
instanceKlass org/springframework/web/reactive/result/method/RequestMappingInfo$DefaultBuilder
instanceKlass org/springframework/web/reactive/result/condition/AbstractMediaTypeExpression
instanceKlass org/springframework/web/reactive/result/condition/MediaTypeExpression
instanceKlass org/springframework/web/reactive/result/condition/AbstractRequestCondition
instanceKlass org/springframework/web/reactive/result/method/RequestMappingInfo$Builder
instanceKlass org/springframework/boot/actuate/endpoint/web/EndpointLinksResolver
instanceKlass org/springframework/boot/actuate/endpoint/web/annotation/ControllerEndpoint
instanceKlass org/springframework/boot/webflux/actuate/endpoint/web/AbstractWebFluxEndpointHandlerMapping$LinksHandler
instanceKlass org/springframework/boot/webflux/actuate/endpoint/web/AbstractWebFluxEndpointHandlerMapping$CatchAllHandler
instanceKlass org/springframework/boot/webflux/actuate/endpoint/web/AbstractWebFluxEndpointHandlerMapping$ReadOperationHandler
instanceKlass org/springframework/boot/webflux/actuate/endpoint/web/AbstractWebFluxEndpointHandlerMapping$WriteOperationHandler
instanceKlass org/springframework/boot/actuate/endpoint/web/EndpointMapping
instanceKlass org/springframework/boot/webflux/actuate/endpoint/web/AbstractWebFluxEndpointHandlerMapping$ReactiveWebOperation
instanceKlass org/springframework/cloud/client/actuator/FeaturesEndpoint$Features
instanceKlass org/springframework/cloud/client/actuator/NamedFeature
instanceKlass org/springframework/boot/util/Instantiator$AvailableParameters
instanceKlass org/springframework/boot/micrometer/metrics/actuate/endpoint/package-info
instanceKlass org/springframework/boot/micrometer/metrics/actuate/endpoint/MetricsEndpoint$MetricNamesDescriptor
instanceKlass org/springframework/boot/micrometer/metrics/actuate/endpoint/MetricsEndpoint$MetricDescriptor
instanceKlass org/springframework/boot/health/contributor/CompositeReactiveHealthContributors
instanceKlass org/springframework/boot/health/contributor/HealthContributorsAdapter
instanceKlass org/springframework/boot/health/actuate/endpoint/package-info
instanceKlass org/springframework/boot/cache/actuate/endpoint/package-info
instanceKlass org/springframework/boot/actuate/web/mappings/MappingsEndpoint$ContextMappingsDescriptor
instanceKlass org/springframework/boot/actuate/web/mappings/MappingsEndpoint$ApplicationMappingsDescriptor
instanceKlass org/springframework/boot/webflux/actuate/web/mappings/DispatcherHandlersMappingDescriptionProvider$RouterFunctionMappingDescriptionProvider
instanceKlass org/springframework/boot/webflux/actuate/web/mappings/DispatcherHandlersMappingDescriptionProvider$UrlHandlerMappingDescriptionProvider
instanceKlass org/springframework/boot/webflux/actuate/web/mappings/DispatcherHandlersMappingDescriptionProvider$RequestMappingInfoHandlerMappingDescriptionProvider
instanceKlass org/springframework/boot/webflux/actuate/web/mappings/DispatcherHandlersMappingDescriptionProvider$HandlerMappingDescriptionProvider
instanceKlass org/springframework/boot/actuate/scheduling/ScheduledTasksEndpoint$ScheduledTasksDescriptor
instanceKlass org/springframework/scheduling/config/ScheduledTaskHolder
instanceKlass org/springframework/boot/actuate/sbom/package-info
instanceKlass org/springframework/boot/actuate/management/ThreadDumpEndpoint$ThreadDumpDescriptor
instanceKlass java/lang/management/LockInfo
instanceKlass org/springframework/boot/actuate/management/PlainTextThreadDumpFormatter
instanceKlass org/springframework/boot/actuate/logging/package-info
instanceKlass org/springframework/boot/actuate/logging/LoggersEndpoint$LoggersDescriptor
instanceKlass org/springframework/boot/actuate/env/package-info
instanceKlass org/springframework/boot/actuate/endpoint/invoker/cache/CachingOperationInvoker$CacheKey
instanceKlass org/springframework/boot/actuate/context/properties/package-info
instanceKlass org/springframework/boot/actuate/endpoint/annotation/Selector
instanceKlass org/springframework/boot/actuate/endpoint/invoke/reflect/OperationMethodParameter
instanceKlass org/springframework/boot/actuate/autoconfigure/condition/ConditionsReportEndpoint$ConditionsDescriptor
instanceKlass org/springframework/boot/actuate/endpoint/OperationFilter$1
instanceKlass org/springframework/boot/actuate/endpoint/annotation/AbstractDiscoveredOperation
instanceKlass org/springframework/boot/actuate/endpoint/web/WebOperationRequestPredicate
instanceKlass org/springframework/boot/actuate/endpoint/web/WebEndpointResponse
instanceKlass org/springframework/boot/actuate/endpoint/invoker/cache/CachingOperationInvoker$CachedResponse
instanceKlass org/springframework/boot/actuate/endpoint/invoker/cache/CachingOperationInvoker
instanceKlass org/springframework/boot/actuate/endpoint/invoke/reflect/ReflectiveOperationInvoker
instanceKlass org/springframework/boot/actuate/endpoint/invoke/reflect/OperationMethodParameters
instanceKlass java/util/EnumMap$EntryIterator$Entry
instanceKlass org/springframework/core/MethodIntrospector
instanceKlass org/springframework/core/MethodIntrospector$MetadataLookup
instanceKlass org/springframework/boot/actuate/beans/BeansEndpoint$BeansDescriptor
instanceKlass org/springframework/boot/actuate/endpoint/SecurityContext
instanceKlass org/springframework/boot/health/contributor/CompositeHealthContributors
instanceKlass org/springframework/boot/health/contributor/ReactiveHealthContributorsAdapter
instanceKlass sun/reflect/annotation/AnnotationInvocationHandler$1
instanceKlass org/springframework/cloud/client/discovery/simple/reactive/SimpleReactiveDiscoveryClientConfigurations
instanceKlass org/springframework/boot/health/actuate/endpoint/Contributor
instanceKlass org/springframework/boot/health/actuate/endpoint/HealthDescriptor
instanceKlass org/springframework/core/convert/support/MapToMapConverter$MapEntry
instanceKlass com/fasterxml/jackson/databind/jsontype/impl/TypeIdResolverBase
instanceKlass com/fasterxml/jackson/databind/jsontype/TypeIdResolver
instanceKlass com/fasterxml/jackson/databind/annotation/JsonTypeIdResolver
instanceKlass com/fasterxml/jackson/annotation/JsonRootName
instanceKlass org/springframework/cloud/commons/util/IdUtils
instanceKlass com/netflix/appinfo/MyDataCenterInfo
instanceKlass com/netflix/appinfo/DataCenterInfo
instanceKlass org/springframework/cloud/netflix/eureka/metadata/DefaultManagementMetadataProvider
instanceKlass org/springframework/jmx/export/annotation/ManagedAttribute
instanceKlass org/springframework/jmx/export/annotation/ManagedOperation
instanceKlass org/springframework/boot/info/SslInfo$CertificateInfo
instanceKlass org/springframework/boot/info/SslInfo$CertificateChainInfo
instanceKlass org/springframework/boot/info/SslInfo$BundleInfo
instanceKlass org/springframework/boot/health/contributor/Health$Builder
instanceKlass org/springframework/boot/health/application/AvailabilityStateHealthIndicator$StatusMappings
instanceKlass org/springframework/boot/health/autoconfigure/registry/HealthContributorNameGenerator
instanceKlass org/springframework/boot/cache/actuate/endpoint/CachesEndpoint$CachesDescriptor
instanceKlass org/springframework/boot/cache/actuate/endpoint/CachesEndpoint$CacheDescriptor
instanceKlass org/springframework/boot/actuate/env/EnvironmentEndpoint$PropertySourceDescriptor
instanceKlass org/springframework/boot/actuate/env/EnvironmentEndpoint$EnvironmentEntryDescriptor
instanceKlass org/springframework/boot/actuate/env/EnvironmentEndpoint$PropertySummaryDescriptor
instanceKlass org/springframework/boot/actuate/env/EnvironmentEndpoint$PropertyValueDescriptor
instanceKlass org/springframework/boot/actuate/env/EnvironmentEndpoint$EnvironmentDescriptor
instanceKlass org/springframework/boot/actuate/endpoint/AbstractExposableEndpoint
instanceKlass org/springframework/boot/actuate/endpoint/annotation/DiscoveredEndpoint
instanceKlass org/springframework/boot/actuate/context/properties/ConfigurationPropertiesReportEndpoint$ConfigurationPropertiesBeanDescriptor
instanceKlass org/springframework/boot/actuate/context/properties/ConfigurationPropertiesReportEndpoint$ContextConfigurationPropertiesDescriptor
instanceKlass org/springframework/boot/actuate/context/properties/ConfigurationPropertiesReportEndpoint$ConfigurationPropertiesDescriptor
instanceKlass tools/jackson/databind/ser/std/SimpleBeanPropertyFilter
instanceKlass tools/jackson/databind/ser/PropertyFilter
instanceKlass org/springframework/boot/actuate/context/properties/JacksonBeanSerializer
instanceKlass org/springframework/boot/actuate/endpoint/Sanitizer
instanceKlass org/springframework/boot/actuate/context/properties/BeanSerializer
instanceKlass org/springframework/boot/actuate/endpoint/SanitizingFunction
instanceKlass org/springframework/boot/actuate/endpoint/annotation/EndpointDiscoverer$ExtensionBean
instanceKlass org/springframework/boot/actuate/endpoint/annotation/EndpointDiscoverer$EndpointBean
instanceKlass org/springframework/boot/actuate/endpoint/annotation/EndpointDiscoverer$OperationKey
instanceKlass org/springframework/boot/actuate/endpoint/web/annotation/RequestPredicateFactory
instanceKlass org/springframework/boot/actuate/endpoint/annotation/DeleteOperation
instanceKlass org/springframework/boot/actuate/endpoint/annotation/WriteOperation
instanceKlass org/springframework/boot/actuate/endpoint/annotation/ReadOperation
instanceKlass org/springframework/boot/actuate/endpoint/invoke/reflect/OperationMethod
instanceKlass org/springframework/boot/actuate/endpoint/invoke/OperationParameters
instanceKlass org/springframework/boot/actuate/autoconfigure/endpoint/EndpointIdTimeToLivePropertyFunction
instanceKlass org/springframework/boot/actuate/endpoint/invoke/OperationInvoker
instanceKlass org/springframework/boot/health/autoconfigure/actuate/endpoint/AvailabilityProbesHealthEndpointGroup
instanceKlass org/springframework/boot/health/autoconfigure/actuate/endpoint/AvailabilityProbesHealthEndpointGroups
instanceKlass org/springframework/boot/health/actuate/endpoint/AdditionalHealthEndpointPath
instanceKlass org/springframework/boot/actuate/endpoint/web/WebServerNamespace
instanceKlass org/springframework/boot/health/autoconfigure/contributor/HealthContributorMembership
instanceKlass org/springframework/boot/health/autoconfigure/actuate/endpoint/AutoConfiguredHealthEndpointGroup
instanceKlass org/springframework/boot/health/actuate/endpoint/SimpleHttpCodeStatusMapper
instanceKlass java/util/function/ObjIntConsumer
instanceKlass org/springframework/boot/health/contributor/Status
instanceKlass org/springframework/boot/health/actuate/endpoint/SimpleStatusAggregator
instanceKlass org/springframework/boot/health/actuate/endpoint/HealthEndpointGroup
instanceKlass org/springframework/boot/health/autoconfigure/actuate/endpoint/HealthProperties$Status
instanceKlass org/springframework/boot/actuate/autoconfigure/endpoint/web/MappingWebEndpointPathMapper
instanceKlass org/springframework/boot/actuate/endpoint/annotation/DiscoveredOperationsFactory
instanceKlass org/springframework/boot/actuate/endpoint/Producible
instanceKlass org/springframework/boot/actuate/endpoint/invoke/OperationParameter
instanceKlass org/springframework/boot/actuate/endpoint/invoke/convert/ConversionServiceParameterValueMapper
instanceKlass org/springframework/boot/actuate/endpoint/annotation/EndpointConverter
instanceKlass org/springframework/boot/webflux/autoconfigure/WelcomePageRouterFunctionFactory
instanceKlass java/util/Comparators$NullComparator
instanceKlass org/springframework/http/server/DefaultPathContainer$DefaultSeparator
instanceKlass org/springframework/http/server/PathContainer$Separator
instanceKlass org/springframework/http/server/PathContainer$PathSegment
instanceKlass org/springframework/http/server/PathContainer$Element
instanceKlass org/springframework/http/server/DefaultPathContainer
instanceKlass org/springframework/web/util/pattern/PathElement
instanceKlass org/springframework/web/util/pattern/InternalPathPatternParser
instanceKlass org/springframework/web/reactive/resource/DefaultResourceTransformerChain
instanceKlass org/springframework/web/reactive/resource/DefaultResourceResolverChain
instanceKlass org/springframework/web/reactive/resource/AbstractResourceResolver
instanceKlass org/springframework/web/reactive/resource/ResourceResolver
instanceKlass org/springframework/web/reactive/resource/ResourceHandlerUtils
instanceKlass org/springframework/web/reactive/resource/ResourceTransformerChain
instanceKlass org/springframework/http/CacheControl
instanceKlass org/springframework/web/reactive/resource/ResourceWebHandler
instanceKlass org/springframework/web/reactive/resource/ResourceResolverChain
instanceKlass org/springframework/web/reactive/function/server/RouterFunctions$Visitor
instanceKlass org/springframework/stereotype/Controller
instanceKlass org/springframework/http/server/PathContainer
instanceKlass org/springframework/web/util/pattern/PathPattern
instanceKlass org/springframework/web/bind/annotation/CrossOrigin
instanceKlass org/springframework/web/reactive/result/method/annotation/RequestMappingHandlerMapping$AnnotationDescriptor
instanceKlass org/springframework/web/reactive/result/method/RequestMappingInfo
instanceKlass org/springframework/web/reactive/result/condition/RequestCondition
instanceKlass org/springframework/web/service/annotation/HttpExchange
instanceKlass org/springframework/web/reactive/result/method/RequestMappingInfo$BuilderConfiguration
instanceKlass org/springframework/web/reactive/result/method/AbstractHandlerMethodMapping$MappingRegistry
instanceKlass org/springframework/web/reactive/result/method/RequestMappingInfoHandlerMapping$HttpOptionsHandler
instanceKlass org/springframework/web/cors/CorsConfiguration$OriginPattern
instanceKlass org/springframework/web/bind/annotation/ResponseStatus
instanceKlass org/springframework/web/reactive/result/method/AbstractHandlerMethodMapping$PreFlightAmbiguousMatchHandler
instanceKlass org/springframework/core/annotation/AnnotatedMethod
instanceKlass org/springframework/web/reactive/accept/HeaderContentTypeResolver
instanceKlass java/time/Instant$1
instanceKlass org/springframework/web/server/session/InMemoryWebSessionStore$ExpiredSessionChecker
instanceKlass org/springframework/util/JdkIdGenerator
instanceKlass org/springframework/web/server/session/InMemoryWebSessionStore
instanceKlass org/springframework/web/server/session/DefaultWebSessionManager
instanceKlass org/springframework/context/i18n/LocaleContext
instanceKlass org/springframework/web/server/i18n/AcceptHeaderLocaleContextResolver
instanceKlass org/springframework/beans/factory/config/NamedBeanHolder
instanceKlass org/springframework/beans/factory/NamedBean
instanceKlass org/springframework/boot/validation/autoconfigure/ValidatorAdapter
instanceKlass org/springframework/boot/convert/ApplicationConversionService$BeanAdapter
instanceKlass org/springframework/boot/autoconfigure/web/format/DateTimeFormatters
instanceKlass org/springframework/beans/factory/aot/BeanFactoryInitializationCode
instanceKlass org/springframework/aot/generate/GenerationContext
instanceKlass org/springframework/aot/hint/ReflectionHints
instanceKlass org/springframework/aot/hint/TypeHint$Builder
instanceKlass org/springframework/context/support/MessageSourceAccessor
instanceKlass org/springframework/web/accept/ApiVersionHolder
instanceKlass org/springframework/web/cors/reactive/DefaultCorsProcessor
instanceKlass org/springframework/web/cors/reactive/CorsConfigurationSource
instanceKlass org/springframework/web/cors/reactive/CorsProcessor
instanceKlass org/springframework/cloud/gateway/filter/OrderedGatewayFilter
instanceKlass org/springframework/cloud/gateway/handler/FilteringWebHandler$GatewayFilterAdapter
instanceKlass org/springframework/cloud/gateway/route/builder/RouteLocatorBuilder$Builder
instanceKlass org/springframework/cloud/gateway/support/config/KeyValue
instanceKlass org/springframework/web/bind/annotation/ControllerMappingReflectiveProcessor
instanceKlass org/springframework/web/bind/annotation/Mapping
instanceKlass org/springframework/web/bind/annotation/PostMapping
instanceKlass org/springframework/web/bind/annotation/DeleteMapping
instanceKlass org/springframework/cloud/gateway/actuate/GatewayEndpointInfo
instanceKlass org/springframework/web/bind/annotation/RequestMapping
instanceKlass org/springframework/web/bind/annotation/GetMapping
instanceKlass reactor/cache/CacheFlux$FluxCacheBuilderMapMiss
instanceKlass reactor/cache/CacheFlux
instanceKlass org/springframework/cloud/gateway/route/CompositeRouteLocator
instanceKlass org/springframework/cloud/gateway/route/CachingRouteLocator
instanceKlass org/springframework/cloud/gateway/route/RouteDefinitionRouteLocator
instanceKlass sun/security/provider/AbstractDrbg$NonceProvider
instanceKlass sun/security/provider/SeedGenerator$1
instanceKlass sun/security/provider/SeedGenerator
instanceKlass sun/security/provider/AbstractDrbg$SeederHolder
instanceKlass java/security/DrbgParameters$NextBytes
instanceKlass org/springframework/util/AlternativeJdkIdGenerator
instanceKlass reactor/util/function/Tuple2
instanceKlass reactor/util/function/Tuples
instanceKlass org/springframework/util/IdGenerator
instanceKlass org/springframework/cloud/gateway/route/CompositeRouteDefinitionLocator
instanceKlass org/springframework/cloud/gateway/support/WeightConfig
instanceKlass org/springframework/web/server/WebFilterChain
instanceKlass org/springframework/cloud/gateway/filter/WeightCalculatorWebFilter$GroupWeightConfig
instanceKlass org/springframework/cloud/gateway/support/ConfigurationService$AbstractBuilder
instanceKlass org/springframework/cloud/gateway/handler/predicate/XForwardedRemoteAddrRoutePredicateFactory$Config
instanceKlass org/springframework/cloud/gateway/support/ipresolver/RemoteAddressResolver
instanceKlass org/springframework/cloud/gateway/handler/predicate/VersionRoutePredicateFactory$Config
instanceKlass org/springframework/cloud/gateway/handler/predicate/RemoteAddrRoutePredicateFactory$Config
instanceKlass org/springframework/cloud/gateway/handler/predicate/ReadBodyRoutePredicateFactory$Config
instanceKlass org/springframework/cloud/gateway/handler/predicate/QueryRoutePredicateFactory$Config
instanceKlass org/springframework/http/server/PathContainer$Options
instanceKlass org/springframework/web/util/pattern/PathPatternParser
instanceKlass org/springframework/cloud/gateway/handler/predicate/PathRoutePredicateFactory$Config
instanceKlass org/springframework/cloud/gateway/handler/predicate/MethodRoutePredicateFactory$Config
instanceKlass org/springframework/cloud/gateway/handler/predicate/HostRoutePredicateFactory$Config
instanceKlass org/springframework/cloud/gateway/handler/predicate/HeaderRoutePredicateFactory$Config
instanceKlass org/springframework/cloud/gateway/handler/predicate/CookieRoutePredicateFactory$Config
instanceKlass org/springframework/cloud/gateway/handler/predicate/BetweenRoutePredicateFactory$Config
instanceKlass org/springframework/cloud/gateway/handler/predicate/BeforeRoutePredicateFactory$Config
instanceKlass org/springframework/cloud/gateway/handler/AsyncPredicate
instanceKlass org/springframework/cloud/gateway/support/HasConfig
instanceKlass org/springframework/cloud/gateway/handler/predicate/AfterRoutePredicateFactory$Config
instanceKlass org/springframework/cloud/gateway/filter/factory/RequestHeaderSizeGatewayFilterFactory$Config
instanceKlass org/springframework/cloud/gateway/filter/factory/RequestSizeGatewayFilterFactory$RequestSizeConfig
instanceKlass org/springframework/cloud/gateway/filter/factory/SetRequestUriGatewayFilterFactory$Config
instanceKlass org/springframework/cloud/gateway/filter/factory/StripPrefixGatewayFilterFactory$Config
instanceKlass org/springframework/cloud/gateway/filter/factory/SetStatusGatewayFilterFactory$Config
instanceKlass org/springframework/cloud/gateway/filter/factory/RewriteLocationResponseHeaderGatewayFilterFactory$Config
instanceKlass org/springframework/cloud/gateway/filter/factory/SetRequestHostHeaderGatewayFilterFactory$Config
instanceKlass org/springframework/cloud/gateway/filter/factory/SecureHeadersGatewayFilterFactory$Config
instanceKlass org/springframework/cloud/gateway/filter/factory/SetPathGatewayFilterFactory$Config
instanceKlass reactor/retry/RetryContext
instanceKlass reactor/retry/Backoff
instanceKlass org/springframework/cloud/gateway/filter/factory/RetryGatewayFilterFactory$BackoffConfig
instanceKlass reactor/retry/Jitter
instanceKlass org/springframework/cloud/gateway/filter/factory/RetryGatewayFilterFactory$JitterConfig
instanceKlass reactor/retry/RepeatContext
instanceKlass reactor/retry/IterationContext
instanceKlass reactor/retry/Retry
instanceKlass reactor/retry/Repeat
instanceKlass org/springframework/cloud/gateway/filter/factory/RetryGatewayFilterFactory$RetryConfig
instanceKlass org/springframework/cloud/gateway/support/HasRouteId
instanceKlass org/springframework/cloud/gateway/filter/factory/RewritePathGatewayFilterFactory$Config
instanceKlass org/springframework/cloud/gateway/filter/factory/RemoveJsonAttributesResponseBodyGatewayFilterFactory$FieldListConfiguration
instanceKlass org/springframework/cloud/gateway/support/HttpStatusHolder
instanceKlass org/springframework/cloud/gateway/filter/factory/RedirectToGatewayFilterFactory$Config
instanceKlass org/springframework/cloud/gateway/filter/factory/PrefixPathGatewayFilterFactory$Config
instanceKlass org/springframework/cloud/gateway/filter/factory/CacheRequestBodyGatewayFilterFactory$Config
instanceKlass org/springframework/cloud/gateway/filter/factory/rewrite/ModifyResponseBodyGatewayFilterFactory$Config
instanceKlass org/springframework/cloud/gateway/filter/factory/AbstractGatewayFilterFactory$NameConfig
instanceKlass org/springframework/cloud/gateway/filter/factory/rewrite/CachedBodyOutputMessage
instanceKlass org/springframework/web/reactive/function/client/DefaultExchangeStrategiesBuilder$DefaultExchangeStrategies
instanceKlass org/springframework/http/codec/ClientCodecConfigurer$ClientDefaultCodecs
instanceKlass org/springframework/web/reactive/function/client/DefaultExchangeStrategiesBuilder
instanceKlass org/springframework/web/reactive/function/client/ExchangeStrategies$Builder
instanceKlass org/springframework/web/reactive/function/client/ExchangeStrategies
instanceKlass org/springframework/cloud/gateway/support/BodyInserterContext
instanceKlass org/springframework/web/reactive/function/BodyInserter$Context
instanceKlass org/springframework/cloud/gateway/filter/factory/rewrite/ModifyRequestBodyGatewayFilterFactory$Config
instanceKlass org/springframework/http/server/reactive/ServerHttpRequestDecorator
instanceKlass org/springframework/cloud/gateway/filter/factory/MapRequestHeaderGatewayFilterFactory$Config
instanceKlass org/springframework/cloud/gateway/support/config/KeyValueConfig
instanceKlass org/springframework/cloud/gateway/filter/factory/AbstractNameValueGatewayFilterFactory$NameValueConfig
instanceKlass org/springframework/cloud/gateway/filter/GatewayFilter
instanceKlass io/micrometer/core/instrument/Timer$Sample
instanceKlass io/micrometer/core/instrument/Metrics$More
instanceKlass io/micrometer/core/instrument/Metrics
instanceKlass org/springframework/boot/micrometer/observation/autoconfigure/ObservationProperties$Http$Server$ServerRequests
instanceKlass org/springframework/boot/micrometer/observation/autoconfigure/ObservationProperties$Http$Server
instanceKlass org/springframework/boot/micrometer/observation/autoconfigure/ObservationProperties$Http$Client$ClientRequests
instanceKlass org/springframework/boot/micrometer/observation/autoconfigure/ObservationProperties$Http$Client
instanceKlass org/springframework/boot/micrometer/metrics/autoconfigure/ServiceLevelObjectiveBoundary
instanceKlass org/springframework/boot/micrometer/metrics/autoconfigure/PropertiesMeterFilter$1
instanceKlass org/springframework/boot/micrometer/metrics/autoconfigure/MetricsProperties$System$Diskspace
instanceKlass org/springframework/boot/micrometer/metrics/autoconfigure/MetricsProperties$Web$Server
instanceKlass org/springframework/boot/micrometer/metrics/autoconfigure/MetricsProperties$Web$Client
instanceKlass io/micrometer/core/instrument/HighCardinalityTagsDetector
instanceKlass io/micrometer/core/instrument/MeterRegistry$NewMeterSupplier
instanceKlass io/micrometer/core/instrument/Tags
instanceKlass io/micrometer/core/instrument/search/Search
instanceKlass io/micrometer/core/instrument/search/RequiredSearch
instanceKlass java/util/function/ToDoubleFunction
instanceKlass io/micrometer/core/instrument/distribution/DistributionStatisticConfig
instanceKlass io/micrometer/core/instrument/internal/Mergeable
instanceKlass io/micrometer/core/instrument/Meter$Id
instanceKlass io/micrometer/core/instrument/Measurement
instanceKlass io/micrometer/core/instrument/Tag
instanceKlass io/micrometer/core/instrument/config/validate/Validated$Invalid
instanceKlass io/micrometer/core/instrument/config/validate/Validated$Either
instanceKlass io/micrometer/core/instrument/config/validate/Validated$Valid
instanceKlass io/micrometer/core/instrument/config/validate/Validated$None
instanceKlass io/micrometer/core/instrument/config/MeterRegistryConfigValidator
instanceKlass io/micrometer/core/instrument/config/NamingConvention$4
instanceKlass io/micrometer/core/instrument/config/NamingConvention$3
instanceKlass io/micrometer/core/instrument/config/NamingConvention$2
instanceKlass io/micrometer/core/instrument/config/NamingConvention$1
instanceKlass io/micrometer/core/instrument/config/NamingConvention
instanceKlass io/micrometer/core/instrument/distribution/pause/NoPauseDetector
instanceKlass io/micrometer/core/instrument/MeterRegistry$More
instanceKlass io/micrometer/core/instrument/MeterRegistry$Config
instanceKlass io/micrometer/common/util/internal/logging/WarnThenDebugLogger
instanceKlass io/micrometer/core/instrument/DistributionSummary
instanceKlass io/micrometer/core/instrument/FunctionTimer
instanceKlass io/micrometer/core/instrument/FunctionCounter
instanceKlass io/micrometer/core/instrument/LongTaskTimer
instanceKlass io/micrometer/core/instrument/Counter
instanceKlass io/micrometer/core/instrument/Timer
instanceKlass io/micrometer/core/instrument/distribution/HistogramSupport
instanceKlass io/micrometer/core/instrument/TimeGauge
instanceKlass io/micrometer/core/instrument/Gauge
instanceKlass io/micrometer/core/instrument/Meter
instanceKlass io/micrometer/core/instrument/distribution/pause/PauseDetector
instanceKlass io/micrometer/core/instrument/Clock$1
instanceKlass org/springframework/boot/micrometer/metrics/autoconfigure/export/properties/PropertiesConfigAdapter$RequiredFallback
instanceKlass org/springframework/boot/micrometer/metrics/autoconfigure/export/properties/PropertiesConfigAdapter$Fallback
instanceKlass org/springframework/boot/micrometer/metrics/autoconfigure/export/properties/PropertiesConfigAdapter$Getter
instanceKlass io/micrometer/core/instrument/config/validate/Validated
instanceKlass org/springframework/boot/micrometer/metrics/autoconfigure/export/properties/PropertiesConfigAdapter
instanceKlass org/springframework/web/server/WebSession
instanceKlass org/springframework/web/reactive/socket/server/support/HandshakeWebSocketService
instanceKlass org/springframework/core/io/buffer/NettyDataBufferFactory
instanceKlass org/springframework/web/reactive/socket/HandshakeInfo
instanceKlass reactor/netty/http/server/HttpServerResponse
instanceKlass reactor/netty/http/server/WebsocketServerSpec
instanceKlass reactor/netty/http/websocket/WebsocketOutbound
instanceKlass reactor/netty/http/websocket/WebsocketInbound
instanceKlass reactor/netty/http/client/WebsocketClientSpec
instanceKlass reactor/netty/http/websocket/WebsocketSpec
instanceKlass org/springframework/web/reactive/socket/WebSocketHandler
instanceKlass org/springframework/web/reactive/socket/WebSocketSession
instanceKlass org/hibernate/validator/internal/engine/valueextraction/ValueExtractorHelper
instanceKlass org/hibernate/validator/internal/engine/ValidatorImpl$CascadingValueReceiver
instanceKlass com/fasterxml/classmate/Annotations
instanceKlass com/fasterxml/classmate/util/MethodKey
instanceKlass org/hibernate/validator/internal/util/actions/GetResolvedMemberMethods
instanceKlass com/fasterxml/classmate/ResolvedTypeWithMembers$AnnotationHandler
instanceKlass com/fasterxml/classmate/members/ResolvedMember
instanceKlass com/fasterxml/classmate/AnnotationConfiguration
instanceKlass com/fasterxml/classmate/ResolvedTypeWithMembers
instanceKlass com/fasterxml/classmate/members/HierarchicType
instanceKlass org/hibernate/validator/internal/util/ExecutableHelper$SimpleMethodFilter
instanceKlass com/fasterxml/classmate/MemberResolver
instanceKlass com/fasterxml/classmate/GenericType
instanceKlass java/lang/reflect/AnnotatedTypeVariable
instanceKlass java/io/ObjectOutput
instanceKlass java/io/ObjectStreamConstants
instanceKlass java/io/ObjectInput
instanceKlass org/hibernate/validator/internal/metadata/aggregated/AbstractPropertyCascadable
instanceKlass org/hibernate/validator/internal/engine/valueextraction/ValueExtractorResolver$ValueExtractorCacheKey
instanceKlass org/hibernate/validator/internal/metadata/aggregated/ContainerCascadingMetaData
instanceKlass org/hibernate/validator/internal/util/TypeVariableBindings
instanceKlass org/hibernate/validator/internal/metadata/aggregated/AbstractPropertyCascadable$AbstractBuilder
instanceKlass org/hibernate/validator/internal/metadata/aggregated/PropertyMetaData$1
instanceKlass org/hibernate/validator/internal/util/actions/GetDeclaredField
instanceKlass org/hibernate/validator/internal/properties/javabean/JavaBeanField$FieldAccessor
instanceKlass org/springframework/cloud/gateway/route/RouteDefinition
instanceKlass jakarta/validation/constraints/NotNull$List
instanceKlass org/springframework/cloud/gateway/route/Route
instanceKlass io/netty/handler/codec/http/HttpHeaderValues
instanceKlass io/netty/handler/codec/http/HttpUtil
instanceKlass io/netty/handler/codec/http/HttpMethod
instanceKlass io/netty/handler/codec/DefaultHeaders$HeaderEntry
instanceKlass io/netty/handler/codec/CharSequenceValueConverter
instanceKlass io/netty/handler/codec/DefaultHeaders$ValueValidator$1
instanceKlass io/netty/handler/codec/DefaultHeaders$NameValidator$1
instanceKlass io/netty/handler/codec/http/DefaultHttpHeadersFactory$3
instanceKlass io/netty/handler/codec/http/DefaultHttpHeadersFactory$2
instanceKlass io/netty/handler/codec/http/DefaultHttpHeadersFactory$1
instanceKlass io/netty/handler/codec/DefaultHeaders$ValueValidator
instanceKlass io/netty/handler/codec/DefaultHeaders$NameValidator
instanceKlass io/netty/handler/codec/http/DefaultHttpHeadersFactory
instanceKlass io/netty/handler/codec/http/HttpHeadersFactory
instanceKlass io/netty/handler/codec/http/EmptyHttpHeaders$InstanceInitializer
instanceKlass io/netty/handler/codec/DefaultHeaders
instanceKlass io/netty/handler/codec/Headers
instanceKlass io/netty/handler/codec/ValueConverter
instanceKlass io/netty/handler/codec/http/cookie/ClientCookieEncoder$1
instanceKlass io/netty/resolver/dns/DnsQueryLifecycleObserverFactory
instanceKlass reactor/netty/transport/NameResolverProvider$Build
instanceKlass reactor/netty/transport/NameResolverProvider$NameResolverSpec
instanceKlass reactor/netty/transport/NameResolverProvider
instanceKlass reactor/netty/http/client/HttpClientRequest
instanceKlass reactor/netty/http/client/HttpClientResponse
instanceKlass reactor/netty/http/client/HttpClientInfos
instanceKlass reactor/netty/channel/ChannelOperations
instanceKlass reactor/netty/ChannelOperationsId
instanceKlass io/netty/handler/codec/http/HttpClientUpgradeHandler$SourceCodec
instanceKlass io/netty/handler/codec/http/HttpClientUpgradeHandler$UpgradeCodec
instanceKlass io/netty/handler/codec/http/HttpHeaders
instanceKlass reactor/netty/http/client/HttpConnectionProvider
instanceKlass reactor/netty/transport/AddressUtils
instanceKlass io/netty/util/AsciiString$2
instanceKlass io/netty/util/AsciiString$1
instanceKlass io/netty/util/internal/MathUtil
instanceKlass io/netty/util/AsciiString$CharEqualityComparator
instanceKlass io/netty/util/HashingStrategy
instanceKlass reactor/netty/internal/shaded/reactor/pool/AllocationStrategy
instanceKlass reactor/netty/resources/PooledConnectionProvider$PoolFactory
instanceKlass reactor/netty/resources/ConnectionPoolMetrics
instanceKlass reactor/netty/resources/PooledConnectionProvider
instanceKlass reactor/netty/resources/ConnectionProvider$ConnectionPoolSpec
instanceKlass reactor/netty/transport/ProxyProvider$TypeSpec
instanceKlass reactor/netty/transport/ProxyProvider$Builder
instanceKlass javax/net/ssl/KeyManagerFactory
instanceKlass java/security/KeyStore
instanceKlass javax/net/ssl/TrustManagerFactory
instanceKlass io/netty/handler/ssl/SslContextBuilder
instanceKlass reactor/netty/tcp/SslProvider$SslContextSpec
instanceKlass reactor/netty/tcp/AbstractProtocolSslContextSpec
instanceKlass reactor/netty/tcp/SslProvider$ProtocolSslContextSpec
instanceKlass reactor/netty/tcp/SslProvider$GenericSslContextSpec
instanceKlass org/jspecify/annotations/NullUnmarked
instanceKlass java/lang/Package$1PackageInfoProxy
instanceKlass org/jspecify/annotations/NullMarked
instanceKlass org/jspecify/annotations/NonNull
instanceKlass org/jspecify/annotations/Nullable
instanceKlass org/hibernate/validator/constraintvalidation/HibernateConstraintViolationBuilder
instanceKlass jakarta/validation/ConstraintValidatorContext$ConstraintViolationBuilder
instanceKlass org/hibernate/validator/internal/engine/constraintvalidation/ConstraintValidatorContextImpl
instanceKlass org/hibernate/validator/constraintvalidation/HibernateConstraintValidatorContext
instanceKlass org/hibernate/validator/internal/engine/constraintvalidation/ConstraintValidatorManagerImpl$CacheKey
instanceKlass org/hibernate/validator/internal/engine/valuecontext/ValueContext$ValueState
instanceKlass org/hibernate/validator/internal/engine/valuecontext/ValueContexts
instanceKlass org/hibernate/validator/internal/engine/path/MutableNode
instanceKlass org/hibernate/validator/path/ContainerElementNode
instanceKlass org/hibernate/validator/path/PropertyNode
instanceKlass jakarta/validation/Path$ContainerElementNode
instanceKlass jakarta/validation/Path$CrossParameterNode
instanceKlass jakarta/validation/Path$ReturnValueNode
instanceKlass jakarta/validation/Path$ParameterNode
instanceKlass jakarta/validation/Path$BeanNode
instanceKlass jakarta/validation/Path$ConstructorNode
instanceKlass jakarta/validation/Path$MethodNode
instanceKlass jakarta/validation/Path$PropertyNode
instanceKlass org/hibernate/validator/internal/engine/path/MutablePath
instanceKlass org/hibernate/validator/path/Path
instanceKlass jakarta/validation/MessageInterpolator$Context
instanceKlass org/hibernate/validator/internal/engine/validationcontext/AbstractValidationContext
instanceKlass org/hibernate/validator/internal/engine/validationcontext/ExecutableValidationContext
instanceKlass org/hibernate/validator/internal/engine/validationcontext/ValidationContextBuilder
instanceKlass org/hibernate/validator/internal/util/ConcurrentReferenceHashMap$KeyReference
instanceKlass org/hibernate/validator/internal/engine/groups/GroupWithInheritance
instanceKlass org/hibernate/validator/internal/engine/groups/Sequence
instanceKlass org/hibernate/validator/internal/engine/groups/ValidationOrder$DefaultSequenceValidationOrder
instanceKlass org/hibernate/validator/internal/engine/groups/Group
instanceKlass org/hibernate/validator/internal/engine/groups/ValidationOrder$DefaultGroupValidationOrder
instanceKlass org/hibernate/validator/internal/metadata/aggregated/BeanMetaDataImpl$DefaultGroupSequenceContext
instanceKlass org/hibernate/validator/internal/util/classhierarchy/Filters$InterfacesFilter
instanceKlass org/hibernate/validator/internal/metadata/aggregated/BeanMetaDataImpl
instanceKlass jakarta/validation/metadata/ParameterDescriptor
instanceKlass jakarta/validation/metadata/ReturnValueDescriptor
instanceKlass jakarta/validation/metadata/ContainerDescriptor
instanceKlass jakarta/validation/metadata/CascadableDescriptor
instanceKlass org/hibernate/validator/internal/metadata/aggregated/ValidatableParametersMetaData
instanceKlass org/hibernate/validator/internal/metadata/aggregated/GroupConversionHelper
instanceKlass org/hibernate/validator/internal/metadata/aggregated/NonContainerCascadingMetaData
instanceKlass java/util/AbstractMap$2$1
instanceKlass java/util/AbstractMap$1$1
instanceKlass org/hibernate/validator/internal/metadata/facets/Cascadable
instanceKlass org/hibernate/validator/internal/metadata/facets/Cascadable$Builder
instanceKlass org/hibernate/validator/internal/metadata/aggregated/AbstractConstraintMetaData
instanceKlass org/hibernate/validator/internal/util/actions/GetDeclaredMethod
instanceKlass org/hibernate/validator/internal/properties/javabean/JavaBeanGetter$GetterAccessor
instanceKlass org/hibernate/validator/engine/HibernateValidatorEnhancedBean
instanceKlass org/hibernate/validator/internal/metadata/location/AbstractPropertyConstraintLocation
instanceKlass org/hibernate/validator/internal/properties/Signature
instanceKlass org/hibernate/validator/internal/metadata/aggregated/ConstraintMetaData
instanceKlass org/hibernate/validator/internal/metadata/aggregated/BeanMetaDataBuilder$1
instanceKlass org/hibernate/validator/internal/metadata/aggregated/MetaDataBuilder
instanceKlass org/hibernate/validator/internal/metadata/aggregated/BeanMetaDataBuilder$BuilderDelegate
instanceKlass jakarta/validation/ConstraintValidatorContext
instanceKlass org/hibernate/validator/internal/engine/constraintvalidation/ConstraintTree
instanceKlass org/hibernate/validator/internal/metadata/core/MetaConstraint$ValueExtractionPathNode
instanceKlass org/hibernate/validator/internal/metadata/core/MetaConstraint
instanceKlass org/hibernate/validator/internal/metadata/location/TypeArgumentConstraintLocation
instanceKlass org/hibernate/validator/internal/metadata/core/MetaConstraints
instanceKlass org/hibernate/validator/internal/metadata/location/CrossParameterConstraintLocation
instanceKlass org/hibernate/validator/internal/metadata/location/ReturnValueConstraintLocation
instanceKlass org/hibernate/validator/internal/metadata/location/ConstraintLocation
instanceKlass sun/reflect/annotation/TypeAnnotation$TypeAnnotationTargetInfo
instanceKlass jakarta/validation/OverridesAttribute$List
instanceKlass jakarta/validation/OverridesAttribute
instanceKlass jakarta/validation/valueextraction/Unwrapping$Skip
instanceKlass jakarta/validation/valueextraction/Unwrapping$Unwrap
instanceKlass jakarta/validation/Payload
instanceKlass org/hibernate/validator/internal/util/actions/GetAnnotationAttributes
instanceKlass org/hibernate/validator/internal/util/annotation/AnnotationDescriptor
instanceKlass jakarta/validation/ReportAsSingleViolation
instanceKlass org/hibernate/validator/internal/metadata/provider/AnnotationMetaDataProvider$TypeArgumentFieldLocation
instanceKlass org/hibernate/validator/internal/properties/javabean/JavaBeanField
instanceKlass org/hibernate/validator/internal/util/classhierarchy/Filters$WeldProxyFilter
instanceKlass org/hibernate/validator/internal/util/classhierarchy/Filters
instanceKlass org/hibernate/validator/internal/util/classhierarchy/ClassHierarchyHelper
instanceKlass org/hibernate/validator/internal/util/classhierarchy/Filter
instanceKlass org/hibernate/validator/internal/metadata/aggregated/BeanMetaDataBuilder
instanceKlass org/springframework/validation/AbstractErrors
instanceKlass org/springframework/cloud/gateway/config/HttpClientProperties$Websocket
instanceKlass org/springframework/cloud/gateway/config/HttpClientProperties$Ssl
instanceKlass org/springframework/cloud/gateway/config/HttpClientProperties$Proxy
instanceKlass org/springframework/cloud/gateway/config/HttpClientProperties$Pool
instanceKlass org/springframework/cloud/gateway/config/HttpClientCustomizer
instanceKlass org/springframework/cloud/gateway/filter/FilterDefinition
instanceKlass org/springframework/cloud/gateway/handler/predicate/PredicateDefinition
instanceKlass org/springframework/cloud/gateway/discovery/DiscoveryClientRouteDefinitionLocator
instanceKlass com/netflix/discovery/converters/wrappers/CodecWrappers$JacksonXmlMini
instanceKlass com/netflix/discovery/converters/wrappers/CodecWrappers$JacksonJsonMini
instanceKlass com/netflix/discovery/converters/wrappers/CodecWrappers$JacksonXml
instanceKlass com/netflix/discovery/converters/wrappers/CodecWrappers$XStreamXml
instanceKlass com/netflix/discovery/converters/wrappers/CodecWrappers$XStreamJson
instanceKlass com/netflix/discovery/converters/wrappers/CodecWrappers$JacksonJson
instanceKlass com/netflix/discovery/converters/wrappers/CodecWrappers
instanceKlass com/netflix/discovery/converters/wrappers/CodecWrappers$LegacyJacksonJson
instanceKlass com/netflix/discovery/converters/wrappers/CodecWrapper
instanceKlass com/netflix/discovery/converters/wrappers/DecoderWrapper
instanceKlass com/netflix/discovery/converters/wrappers/EncoderWrapper
instanceKlass com/netflix/discovery/converters/wrappers/CodecWrapperBase
instanceKlass org/springframework/cloud/netflix/eureka/CloudEurekaTransportConfig
instanceKlass com/netflix/discovery/shared/transport/EurekaTransportConfig
instanceKlass org/springframework/cloud/client/discovery/simple/SimpleDiscoveryClient
instanceKlass org/springframework/cloud/client/discovery/simple/InstanceProperties
instanceKlass org/springframework/core/convert/support/StringToNumberConverterFactory$StringToNumber
instanceKlass org/springframework/core/SerializableTypeWrapper$FieldTypeProvider
instanceKlass org/springframework/cloud/client/discovery/simple/SimpleDiscoveryClientConfigurations
instanceKlass org/springframework/cloud/client/loadbalancer/LoadBalancerLifecycle
instanceKlass org/springframework/cloud/client/loadbalancer/Response
instanceKlass org/springframework/cloud/client/loadbalancer/DefaultRequest
instanceKlass org/springframework/cloud/gateway/filter/GatewayFilterChain
instanceKlass org/springframework/cloud/client/loadbalancer/Request
instanceKlass org/springframework/web/ErrorResponse
instanceKlass sun/reflect/generics/reflectiveObjects/GenericArrayTypeImpl
instanceKlass org/springframework/cloud/loadbalancer/annotation/LoadBalancerClientConfiguration
instanceKlass org/springframework/cloud/client/loadbalancer/LoadBalancerProperties$Retry$Backoff
instanceKlass org/springframework/cloud/client/loadbalancer/LoadBalancerProperties$Retry
instanceKlass org/springframework/cloud/client/loadbalancer/LoadBalancerProperties$XForwarded
instanceKlass org/springframework/cloud/client/loadbalancer/LoadBalancerProperties$Subset
instanceKlass org/springframework/cloud/client/loadbalancer/LoadBalancerProperties$Stats
instanceKlass org/springframework/cloud/client/loadbalancer/LoadBalancerProperties$StickySession
instanceKlass org/springframework/cloud/client/loadbalancer/LoadBalancerProperties$HealthCheck
instanceKlass org/springframework/cloud/client/loadbalancer/LoadBalancerProperties$ApiVersion
instanceKlass org/springframework/web/reactive/function/server/HandlerFunction
instanceKlass org/springframework/web/reactive/function/server/ServerResponse
instanceKlass org/springframework/web/reactive/function/server/ServerResponse$BodyBuilder
instanceKlass org/springframework/web/reactive/function/server/ServerResponse$HeadersBuilder
instanceKlass org/springframework/web/reactive/function/server/RouterFunction
instanceKlass org/springframework/web/reactive/function/server/RequestPredicate
instanceKlass org/springframework/boot/autoconfigure/template/TemplateAvailabilityProviders$NoTemplateAvailabilityProvider
instanceKlass org/springframework/boot/autoconfigure/template/TemplateAvailabilityProvider
instanceKlass org/springframework/boot/autoconfigure/template/TemplateAvailabilityProviders
instanceKlass org/springframework/web/reactive/function/server/ServerResponse$Context
instanceKlass org/springframework/boot/webflux/autoconfigure/error/AbstractErrorWebExceptionHandler
instanceKlass org/springframework/http/codec/json/Jackson2CodecSupport
instanceKlass org/springframework/http/codec/support/BaseCodecConfigurer$DefaultCustomCodecs
instanceKlass org/springframework/http/codec/HttpMessageEncoder
instanceKlass org/springframework/core/codec/Hints
instanceKlass org/springframework/core/io/support/ResourceRegion
instanceKlass org/springframework/http/codec/ResourceHttpMessageWriter
instanceKlass org/springframework/core/codec/AbstractEncoder
instanceKlass org/springframework/core/io/buffer/DataBuffer
instanceKlass org/springframework/http/codec/JacksonCodecSupport
instanceKlass org/springframework/http/codec/HttpMessageDecoder
instanceKlass org/springframework/http/codec/multipart/PartEvent
instanceKlass org/springframework/http/codec/multipart/Part
instanceKlass org/springframework/http/codec/multipart/FileStorage
instanceKlass org/springframework/http/codec/EncoderHttpMessageWriter
instanceKlass org/springframework/http/codec/ServerSentEventHttpMessageWriter
instanceKlass org/springframework/http/codec/ServerSentEventHttpMessageReader
instanceKlass org/springframework/core/codec/AbstractDecoder
instanceKlass org/springframework/http/codec/DecoderHttpMessageReader
instanceKlass org/springframework/http/codec/HttpMessageWriter
instanceKlass org/springframework/http/codec/CodecConfigurer$MultipartCodecs
instanceKlass org/springframework/http/codec/ServerCodecConfigurer$ServerDefaultCodecs
instanceKlass org/springframework/http/codec/support/BaseDefaultCodecs
instanceKlass org/springframework/http/codec/CodecConfigurer$DefaultCodecConfig
instanceKlass org/springframework/http/codec/CodecConfigurer$CustomCodecs
instanceKlass org/springframework/http/codec/support/BaseCodecConfigurer
instanceKlass org/springframework/http/codec/ClientCodecConfigurer
instanceKlass org/springframework/http/codec/CodecConfigurerFactory
instanceKlass org/springframework/http/codec/CodecConfigurer$DefaultCodecs
instanceKlass org/springframework/web/reactive/accept/ApiVersionDeprecationHandler
instanceKlass org/springframework/web/accept/ApiVersionParser
instanceKlass org/springframework/web/reactive/result/method/HandlerMethodArgumentResolver
instanceKlass org/springframework/web/reactive/accept/ApiVersionResolver
instanceKlass org/springframework/boot/webflux/autoconfigure/ResourceHandlerRegistrationCustomizer
instanceKlass org/springframework/web/reactive/config/ResourceHandlerRegistration
instanceKlass org/springframework/beans/factory/annotation/InjectionMetadata$InjectedElement
instanceKlass org/springframework/web/reactive/config/WebFluxConfigurerComposite
instanceKlass org/springframework/boot/webflux/autoconfigure/WebFluxRegistrations
instanceKlass java/util/function/IntUnaryOperator
instanceKlass org/springframework/boot/convert/LenientObjectToEnumConverterFactory$LenientToEnumConverter
instanceKlass org/springframework/boot/autoconfigure/web/ErrorProperties$Whitelabel
instanceKlass org/springframework/boot/autoconfigure/web/WebProperties$Resources$Cache$Cachecontrol
instanceKlass org/springframework/boot/autoconfigure/web/WebProperties$Resources$Cache
instanceKlass org/springframework/boot/autoconfigure/web/WebProperties$Resources$Chain$Strategy$Content
instanceKlass org/springframework/boot/autoconfigure/web/WebProperties$Resources$Chain$Strategy$Fixed
instanceKlass org/springframework/boot/autoconfigure/web/WebProperties$Resources$Chain$Strategy
instanceKlass org/springframework/boot/web/error/ErrorAttributeOptions
instanceKlass org/springframework/web/reactive/function/server/ServerRequest
instanceKlass org/springframework/web/reactive/result/view/ViewResolver
instanceKlass org/springframework/web/server/ServerWebExchange
instanceKlass org/springframework/web/server/session/CookieWebSessionIdResolver
instanceKlass org/springframework/boot/webflux/autoconfigure/WebFluxProperties$Apiversion$Use
instanceKlass org/springframework/validation/beanvalidation/SpringConstraintValidatorFactory
instanceKlass org/springframework/validation/beanvalidation/LocaleContextMessageInterpolator
instanceKlass jakarta/validation/ConstraintViolation
instanceKlass jakarta/validation/metadata/BeanDescriptor
instanceKlass jakarta/validation/metadata/ElementDescriptor
instanceKlass org/springframework/boot/validation/MessageSourceMessageInterpolator
instanceKlass java/util/WeakHashMap$HashIterator
instanceKlass org/springframework/boot/validation/MessageInterpolatorFactory
instanceKlass org/springframework/context/support/DefaultMessageSourceResolvable
instanceKlass com/fasterxml/jackson/databind/jsonschema/JsonSchema
instanceKlass com/fasterxml/jackson/databind/MappingIterator
instanceKlass com/fasterxml/jackson/databind/EnumNamingStrategy
instanceKlass com/fasterxml/jackson/annotation/JsonAutoDetect$Value
instanceKlass com/fasterxml/jackson/databind/jsonFormatVisitors/JsonFormatVisitorWrapper
instanceKlass com/fasterxml/jackson/databind/jsonFormatVisitors/JsonFormatVisitorWithSerializerProvider
instanceKlass com/fasterxml/jackson/databind/deser/DeserializationProblemHandler
instanceKlass com/fasterxml/jackson/core/io/CharacterEscapes
instanceKlass com/fasterxml/jackson/databind/ObjectWriter
instanceKlass com/fasterxml/jackson/core/type/TypeReference
instanceKlass com/fasterxml/jackson/databind/InjectableValues
instanceKlass com/fasterxml/jackson/core/FormatSchema
instanceKlass com/fasterxml/jackson/databind/cfg/ConstructorDetector
instanceKlass org/springframework/boot/jackson2/autoconfigure/Jackson2AutoConfiguration$1
instanceKlass com/fasterxml/jackson/databind/type/ClassKey
instanceKlass com/fasterxml/jackson/datatype/jsr310/deser/InstantDeserializer$FromDecimalArguments
instanceKlass com/fasterxml/jackson/datatype/jsr310/deser/InstantDeserializer$FromIntegerArguments
instanceKlass com/fasterxml/jackson/module/paramnames/ParameterExtractor
instanceKlass com/fasterxml/jackson/databind/util/ArrayBuilders
instanceKlass com/fasterxml/jackson/databind/ObjectMapper$1
instanceKlass com/fasterxml/jackson/datatype/jdk8/PackageVersion
instanceKlass com/fasterxml/jackson/core/util/JacksonFeatureSet
instanceKlass com/fasterxml/jackson/datatype/jsr310/PackageVersion
instanceKlass com/fasterxml/jackson/databind/type/TypeModifier
instanceKlass java/lang/SafeVarargs
instanceKlass com/fasterxml/jackson/databind/ser/FilterProvider
instanceKlass com/fasterxml/jackson/databind/cfg/HandlerInstantiator
instanceKlass org/springframework/boot/jackson2/JsonComponent
instanceKlass org/springframework/boot/jackson2/JsonMixin
instanceKlass org/springframework/boot/jackson2/JsonMixinModuleEntries$Builder
instanceKlass com/fasterxml/jackson/databind/deser/ValueInstantiator
instanceKlass com/fasterxml/jackson/databind/deser/ValueInstantiators$Base
instanceKlass com/fasterxml/jackson/databind/module/SimpleKeyDeserializers
instanceKlass com/fasterxml/jackson/databind/jsontype/NamedType
instanceKlass com/fasterxml/jackson/databind/PropertyNamingStrategy
instanceKlass com/fasterxml/jackson/databind/ser/Serializers$Base
instanceKlass com/fasterxml/jackson/databind/deser/Deserializers$Base
instanceKlass com/fasterxml/jackson/core/Version
instanceKlass com/fasterxml/jackson/core/util/VersionUtil
instanceKlass com/fasterxml/jackson/module/paramnames/PackageVersion
instanceKlass tools/jackson/databind/MappingIterator
instanceKlass tools/jackson/databind/jsonFormatVisitors/JsonFormatVisitorWrapper
instanceKlass tools/jackson/databind/jsonFormatVisitors/WithSettableSerializationContext
instanceKlass tools/jackson/databind/jsonFormatVisitors/WithGettableSerializationContext
instanceKlass tools/jackson/core/type/TypeReference
instanceKlass tools/jackson/databind/ObjectWriter
instanceKlass tools/jackson/databind/EnumNamingStrategy
instanceKlass tools/jackson/databind/type/TypeModifier
instanceKlass tools/jackson/databind/InjectableValues
instanceKlass org/springframework/boot/jackson/autoconfigure/JacksonAutoConfiguration$1
instanceKlass java/util/EnumMap$EnumMapIterator
instanceKlass tools/jackson/core/io/InputDecorator
instanceKlass tools/jackson/core/io/OutputDecorator
instanceKlass tools/jackson/core/FormatSchema
instanceKlass tools/jackson/core/io/CharacterEscapes
instanceKlass tools/jackson/core/StreamWriteConstraints$Builder
instanceKlass tools/jackson/core/StreamReadConstraints$Builder
instanceKlass org/springframework/boot/webflux/actuate/endpoint/web/WebFluxEndpointHandlerMapping$WebFluxEndpointHandlerMappingRuntimeHints
instanceKlass java/lang/invoke/MethodHandleImpl$CountingWrapper$1
instanceKlass com/netflix/discovery/DiscoveryClient
instanceKlass org/springframework/cloud/netflix/eureka/serviceregistry/EurekaRegistration$Builder
instanceKlass sun/reflect/ReflectionFactory$1
instanceKlass sun/reflect/ReflectionFactory
instanceKlass org/springframework/objenesis/instantiator/sun/SunReflectionFactoryHelper
instanceKlass org/springframework/objenesis/instantiator/sun/SunReflectionFactoryInstantiator
instanceKlass org/springframework/objenesis/strategy/PlatformDescription
instanceKlass org/springframework/cglib/proxy/Enhancer$EnhancerFactoryData
instanceKlass org/springframework/cglib/proxy/MethodProxy$CreateInfo
instanceKlass org/springframework/cglib/proxy/MethodProxy
instanceKlass com/netflix/appinfo/ApplicationInfoManager$1
instanceKlass org/springframework/cglib/proxy/Enhancer$2
instanceKlass org/springframework/cglib/proxy/Enhancer$1
instanceKlass org/springframework/cglib/core/EmitUtils$8
instanceKlass org/springframework/cglib/core/EmitUtils$7
instanceKlass org/springframework/cglib/core/EmitUtils$ParameterTyper
instanceKlass org/springframework/cglib/proxy/Enhancer$3
instanceKlass org/springframework/cglib/core/Local
instanceKlass org/springframework/cglib/core/EmitUtils$3
instanceKlass java/util/DualPivotQuicksort
instanceKlass org/springframework/cglib/proxy/MethodInterceptorGenerator$1
instanceKlass org/springframework/asm/Handler
instanceKlass org/springframework/asm/Edge
instanceKlass org/springframework/cglib/core/Block
instanceKlass org/springframework/cglib/core/EmitUtils$ArrayDelimiters
instanceKlass org/springframework/cglib/core/ProcessArrayCallback
instanceKlass org/springframework/cglib/core/EmitUtils
instanceKlass org/springframework/cglib/proxy/Enhancer$4
instanceKlass org/springframework/cglib/core/LocalVariablesSorter$State
instanceKlass org/springframework/asm/Label
instanceKlass org/springframework/asm/Frame
instanceKlass org/springframework/cglib/proxy/BridgeMethodResolver
instanceKlass org/springframework/aop/ThrowsAdvice
instanceKlass org/springframework/aop/AfterReturningAdvice
instanceKlass org/springframework/aop/AfterAdvice
instanceKlass org/springframework/aop/MethodBeforeAdvice
instanceKlass org/springframework/aop/BeforeAdvice
instanceKlass org/springframework/cglib/core/ClassEmitter$FieldInfo
instanceKlass org/springframework/cglib/core/MethodInfoTransformer
instanceKlass org/springframework/cglib/core/DuplicatesPredicate
instanceKlass org/springframework/cglib/core/RejectModifierPredicate
instanceKlass org/springframework/cglib/core/MethodWrapper
instanceKlass org/springframework/cglib/proxy/Factory
instanceKlass org/springframework/cglib/core/VisibilityPredicate
instanceKlass com/netflix/appinfo/ApplicationInfoManager$OptionalArgs
instanceKlass org/springframework/cglib/transform/TransformingClassGenerator
instanceKlass org/springframework/asm/ByteVector
instanceKlass org/springframework/asm/Symbol
instanceKlass org/springframework/asm/SymbolTable
instanceKlass org/springframework/asm/RecordComponentVisitor
instanceKlass org/springframework/asm/ModuleVisitor
instanceKlass org/springframework/asm/FieldVisitor
instanceKlass org/springframework/cglib/core/internal/LoadingCache
instanceKlass org/springframework/cglib/core/AbstractClassGenerator$ClassLoaderData
instanceKlass org/springframework/cglib/core/MethodInfo
instanceKlass org/springframework/cglib/core/ClassInfo
instanceKlass org/springframework/cglib/core/ReflectUtils
instanceKlass org/springframework/cglib/proxy/ProxyRefDispatcher
instanceKlass org/springframework/cglib/proxy/FixedValueGenerator
instanceKlass org/springframework/cglib/proxy/FixedValue
instanceKlass org/springframework/cglib/proxy/DispatcherGenerator
instanceKlass org/springframework/cglib/proxy/LazyLoaderGenerator
instanceKlass org/springframework/cglib/proxy/LazyLoader
instanceKlass org/springframework/cglib/proxy/InvocationHandlerGenerator
instanceKlass org/springframework/cglib/proxy/InvocationHandler
instanceKlass org/springframework/cglib/proxy/MethodInterceptorGenerator
instanceKlass org/springframework/cglib/proxy/NoOpGenerator
instanceKlass org/springframework/cglib/proxy/CallbackGenerator
instanceKlass org/springframework/cglib/proxy/CallbackInfo
instanceKlass org/springframework/aop/framework/AdvisedSupport$AdvisorKeyEntry
instanceKlass org/springframework/aop/framework/CglibAopProxy$ProxyCallbackFilter
instanceKlass org/springframework/aop/framework/CglibAopProxy$HashCodeInterceptor
instanceKlass org/springframework/aop/framework/CglibAopProxy$EqualsInterceptor
instanceKlass org/springframework/aop/framework/CglibAopProxy$SerializableNoOp
instanceKlass org/springframework/cglib/proxy/NoOp
instanceKlass org/springframework/aop/framework/CglibAopProxy$DynamicUnadvisedInterceptor
instanceKlass org/springframework/aop/framework/CglibAopProxy$DynamicAdvisedInterceptor
instanceKlass org/springframework/cglib/core/SpringNamingPolicy
instanceKlass org/springframework/cglib/core/DefaultNamingPolicy
instanceKlass org/springframework/cglib/core/AsmApi
instanceKlass org/springframework/cglib/core/Constants
instanceKlass org/springframework/cglib/core/Signature
instanceKlass org/springframework/cglib/core/CollectionUtils
instanceKlass org/springframework/cglib/core/TypeUtils
instanceKlass org/springframework/cglib/core/AbstractClassGenerator$Source
instanceKlass org/springframework/cglib/core/ProcessSwitchCallback
instanceKlass org/springframework/cglib/proxy/CallbackGenerator$Context
instanceKlass org/springframework/cglib/core/Transformer
instanceKlass org/springframework/cglib/core/ObjectSwitchCallback
instanceKlass org/springframework/cglib/core/Predicate
instanceKlass org/springframework/cglib/core/AbstractClassGenerator
instanceKlass com/netflix/appinfo/ApplicationInfoManager$StatusChangeListener
instanceKlass com/netflix/appinfo/ApplicationInfoManager$InstanceStatusMapper
instanceKlass org/springframework/aop/framework/CglibAopProxy$AdvisedDispatcher
instanceKlass org/springframework/cglib/proxy/Dispatcher
instanceKlass org/springframework/objenesis/instantiator/ObjectInstantiator
instanceKlass org/springframework/objenesis/strategy/BaseInstantiatorStrategy
instanceKlass org/springframework/objenesis/strategy/InstantiatorStrategy
instanceKlass org/springframework/objenesis/SpringObjenesis
instanceKlass org/springframework/objenesis/Objenesis
instanceKlass org/springframework/cglib/transform/MethodFilter
instanceKlass org/springframework/cglib/core/ClassGenerator
instanceKlass org/springframework/cglib/core/DefaultGeneratorStrategy
instanceKlass org/springframework/cglib/proxy/CallbackFilter
instanceKlass org/springframework/cglib/core/NamingPolicy
instanceKlass org/springframework/cglib/proxy/MethodInterceptor
instanceKlass org/springframework/cglib/proxy/Callback
instanceKlass org/springframework/cglib/core/GeneratorStrategy
instanceKlass org/springframework/aop/framework/CglibAopProxy
instanceKlass jakarta/inject/Scope
instanceKlass jakarta/inject/Singleton
instanceKlass com/netflix/discovery/shared/Application
instanceKlass com/netflix/appinfo/InstanceInfo
instanceKlass com/netflix/discovery/shared/Applications
instanceKlass com/netflix/discovery/EurekaEventListener
instanceKlass com/netflix/appinfo/HealthCheckCallback
instanceKlass org/springframework/aop/framework/JdkDynamicAopProxy$ProxiedInterfacesCache
instanceKlass org/springframework/aop/framework/JdkDynamicAopProxy
instanceKlass org/springframework/aop/support/DefaultIntroductionAdvisor
instanceKlass org/springframework/aop/support/IntroductionInfoSupport
instanceKlass org/springframework/aop/IntroductionInterceptor
instanceKlass org/springframework/aop/DynamicIntroductionAdvice
instanceKlass org/springframework/aop/scope/DefaultScopedObject
instanceKlass org/springframework/aop/scope/ScopedObject
instanceKlass org/springframework/aop/RawTargetAccess
instanceKlass org/springframework/aop/framework/AopProxy
instanceKlass org/springframework/aop/framework/DefaultAopProxyFactory
instanceKlass org/springframework/aop/framework/DefaultAdvisorChainFactory
instanceKlass org/springframework/aop/target/EmptyTargetSource
instanceKlass org/springframework/aop/framework/AopProxyFactory
instanceKlass org/springframework/aop/framework/AdvisorChainFactory
instanceKlass org/springframework/aop/target/AbstractBeanFactoryBasedTargetSource
instanceKlass org/aopalliance/intercept/MethodInvocation
instanceKlass org/aopalliance/intercept/Invocation
instanceKlass org/aopalliance/intercept/Joinpoint
instanceKlass org/springframework/boot/webflux/actuate/web/mappings/DispatcherHandlersMappingDescriptionProvider$DispatcherHandlersMappingDescriptionProviderRuntimeHints
instanceKlass org/springframework/boot/webflux/actuate/endpoint/web/AbstractWebFluxEndpointHandlerMapping$AbstractWebFluxEndpointHandlerMappingRuntimeHints
instanceKlass org/springframework/boot/http/client/autoconfigure/service/HttpServiceClientProperties$HttpServiceClientPropertiesRuntimeHints
instanceKlass org/springframework/boot/health/actuate/endpoint/HealthEndpointWebExtensionRuntimeHints
instanceKlass org/springframework/aot/hint/annotation/RegisterReflectionReflectiveProcessor
instanceKlass org/springframework/jmx/export/annotation/ManagedResource
instanceKlass org/springframework/boot/actuate/endpoint/web/annotation/ControllerEndpointDiscoverer$ControllerEndpointDiscovererRuntimeHints
instanceKlass org/springframework/boot/actuate/endpoint/web/annotation/WebEndpointDiscoverer$WebEndpointDiscovererRuntimeHints
instanceKlass org/springframework/web/reactive/socket/server/support/HandshakeWebSocketServiceRuntimeHints
instanceKlass org/springframework/boot/jackson/JacksonComponent
instanceKlass tools/jackson/databind/jsontype/NamedType
instanceKlass tools/jackson/databind/PropertyNamingStrategy
instanceKlass tools/jackson/core/Version
instanceKlass org/springframework/boot/jackson/JacksonMixin
instanceKlass org/springframework/boot/jackson/JacksonMixinModuleEntries$Builder
instanceKlass tools/jackson/databind/cfg/HandlerInstantiator
instanceKlass org/springframework/boot/jackson/autoconfigure/JacksonProperties$Factory$Constraints$Write
instanceKlass org/springframework/boot/jackson/autoconfigure/JacksonProperties$Factory$Constraints$Read
instanceKlass org/springframework/boot/jackson/autoconfigure/JacksonProperties$Factory$Constraints
instanceKlass org/springframework/context/weaving/LoadTimeWeaverAware
instanceKlass org/springframework/beans/factory/BeanFactoryInitializer
instanceKlass org/springframework/scheduling/concurrent/ExecutorLifecycleDelegate
instanceKlass java/util/concurrent/CompletableFuture
instanceKlass org/springframework/boot/context/properties/PropertyMapper$Source$Adapter
instanceKlass org/springframework/boot/autoconfigure/task/TaskExecutionProperties$Pool$Shutdown
instanceKlass org/springframework/core/task/TaskDecorator
instanceKlass org/springframework/boot/task/ThreadPoolTaskExecutorCustomizer
instanceKlass org/springframework/boot/web/server/reactive/context/WebServerStartStopLifecycle
instanceKlass org/springframework/boot/web/server/context/WebServerGracefulShutdownLifecycle
instanceKlass org/springframework/boot/reactor/netty/GracefulShutdown
instanceKlass io/netty/channel/group/VoidChannelGroupFuture
instanceKlass io/netty/channel/group/DefaultChannelGroup$1
instanceKlass io/netty/util/internal/ThreadExecutorMap$1
instanceKlass io/netty/util/internal/ThreadExecutorMap$3
instanceKlass io/netty/util/concurrent/FastThreadLocal
instanceKlass io/netty/util/internal/ThreadExecutorMap
instanceKlass io/netty/util/concurrent/GlobalEventExecutor$TaskRunner
instanceKlass io/netty/util/concurrent/SystemTicker
instanceKlass io/netty/util/concurrent/MockTicker
instanceKlass io/netty/util/concurrent/Ticker
instanceKlass io/netty/util/concurrent/GlobalEventExecutor$1
instanceKlass io/netty/util/concurrent/PromiseTask$SentinelRunnable
instanceKlass io/netty/util/internal/PriorityQueueNode
instanceKlass io/netty/util/internal/ThrowableUtil
instanceKlass io/netty/util/concurrent/DefaultFutureListeners
instanceKlass io/netty/util/concurrent/DefaultPromise$CauseHolder
instanceKlass io/netty/util/concurrent/AbstractFuture
instanceKlass io/netty/util/concurrent/RejectedExecutionHandlers$1
instanceKlass io/netty/util/concurrent/RejectedExecutionHandlers
instanceKlass io/netty/util/concurrent/ThreadPerTaskExecutor
instanceKlass io/netty/util/concurrent/DefaultThreadFactory
instanceKlass java/util/concurrent/atomic/AtomicLongFieldUpdater$CASUpdater$1
instanceKlass io/netty/util/concurrent/RejectedExecutionHandler
instanceKlass java/util/concurrent/atomic/AtomicLongFieldUpdater
instanceKlass io/netty/util/concurrent/SingleThreadEventExecutor$1
instanceKlass io/netty/util/concurrent/AbstractScheduledEventExecutor$2
instanceKlass io/netty/util/concurrent/AbstractScheduledEventExecutor$1
instanceKlass io/netty/util/concurrent/ThreadProperties
instanceKlass io/netty/util/internal/PriorityQueue
instanceKlass io/netty/util/concurrent/ScheduledFuture
instanceKlass io/netty/util/concurrent/ProgressivePromise
instanceKlass io/netty/util/concurrent/ProgressiveFuture
instanceKlass io/netty/util/concurrent/OrderedEventExecutor
instanceKlass io/netty/channel/group/ChannelGroupFuture
instanceKlass io/netty/channel/ChannelFutureListener
instanceKlass io/netty/util/concurrent/GenericFutureListener
instanceKlass reactor/netty/http/server/HttpServerRequest
instanceKlass reactor/netty/http/server/HttpServerInfos
instanceKlass reactor/netty/http/server/ConnectionInformation
instanceKlass reactor/netty/http/HttpInfos
instanceKlass io/netty/channel/group/ChannelGroup
instanceKlass io/netty/util/concurrent/EventExecutor
instanceKlass io/netty/util/concurrent/ThreadAwareExecutor
instanceKlass org/springframework/core/io/buffer/DataBufferFactory
instanceKlass io/netty/handler/codec/DecoderResult
instanceKlass reactor/netty/http/logging/AbstractHttpMessageLogFactory
instanceKlass reactor/core/Disposables$AlwaysDisposable
instanceKlass reactor/core/Disposable$Composite
instanceKlass reactor/core/Disposable$Swap
instanceKlass reactor/core/Disposables
instanceKlass reactor/core/scheduler/ImmediateScheduler
instanceKlass reactor/util/context/Context0
instanceKlass reactor/util/context/CoreContext
instanceKlass reactor/util/context/Context
instanceKlass reactor/core/publisher/ImmutableSignal
instanceKlass reactor/core/publisher/Operators$MonoSubscriber
instanceKlass reactor/core/Fuseable$QueueSubscription
instanceKlass reactor/core/publisher/InnerOperator
instanceKlass reactor/core/publisher/InnerProducer
instanceKlass java/util/concurrent/locks/AbstractQueuedSynchronizer$Node
instanceKlass reactor/core/publisher/InnerConsumer
instanceKlass java/util/concurrent/TimeUnit$1
instanceKlass reactor/core/publisher/Signal
instanceKlass reactor/core/publisher/OnNextFailureStrategy
instanceKlass java/util/concurrent/Executors$RunnableAdapter
instanceKlass org/reactivestreams/Subscription
instanceKlass org/reactivestreams/Processor
instanceKlass reactor/core/observability/SignalListenerFactory
instanceKlass reactor/util/context/ContextView
instanceKlass reactor/core/publisher/AssemblyOp
instanceKlass reactor/core/publisher/FluxOnAssembly$AssemblySnapshot
instanceKlass java/util/concurrent/CompletionStage
instanceKlass reactor/core/Fuseable$ScalarCallable
instanceKlass reactor/core/publisher/SourceProducer
instanceKlass reactor/core/Fuseable
instanceKlass reactor/core/publisher/SignalPeek
instanceKlass reactor/core/publisher/OptimizableOperator
instanceKlass java/util/concurrent/atomic/AtomicIntegerFieldUpdater$AtomicIntegerFieldUpdaterImpl$1
instanceKlass java/util/concurrent/atomic/AtomicIntegerFieldUpdater
instanceKlass java/util/concurrent/RunnableScheduledFuture
instanceKlass java/util/concurrent/ScheduledFuture
instanceKlass java/util/concurrent/Delayed
instanceKlass java/util/concurrent/Executors$DelegatedExecutorService
instanceKlass reactor/core/scheduler/BoundedElasticScheduler$BoundedServices$BusyStates
instanceKlass reactor/core/scheduler/BoundedElasticScheduler$BoundedState
instanceKlass java/util/concurrent/atomic/AtomicReferenceFieldUpdater$AtomicReferenceFieldUpdaterImpl$1
instanceKlass java/util/concurrent/atomic/AtomicReferenceFieldUpdater
instanceKlass reactor/core/scheduler/SchedulerState
instanceKlass reactor/core/scheduler/Scheduler$Worker
instanceKlass reactor/core/scheduler/BoundedElasticScheduler
instanceKlass reactor/core/scheduler/SchedulerState$DisposeAwaiter
instanceKlass reactor/core/scheduler/NonBlocking
instanceKlass reactor/core/scheduler/ReactorThreadFactory
instanceKlass reactor/core/scheduler/Schedulers$CachedScheduler
instanceKlass reactor/core/Scannable
instanceKlass reactor/core/scheduler/Schedulers$1
instanceKlass reactor/core/scheduler/BoundedElasticSchedulerSupplier
instanceKlass reactor/core/scheduler/Scheduler
instanceKlass reactor/core/scheduler/Schedulers$Factory
instanceKlass reactor/core/scheduler/Schedulers
instanceKlass reactor/netty/http/server/HttpServerFormDecoderProvider$Build
instanceKlass reactor/netty/http/server/HttpServerFormDecoderProvider$Builder
instanceKlass reactor/netty/http/server/HttpServerFormDecoderProvider$ReactorNettyHttpPostRequestDecoder
instanceKlass io/netty/handler/codec/http/multipart/InterfaceHttpPostRequestDecoder
instanceKlass io/netty/handler/codec/http/multipart/HttpDataFactory
instanceKlass reactor/netty/http/server/HttpServerFormDecoderProvider
instanceKlass io/netty/handler/codec/http/cookie/CookieEncoder
instanceKlass io/netty/handler/codec/http/cookie/CookieDecoder
instanceKlass io/netty/buffer/UnpooledByteBufAllocator$UnpooledByteBufAllocatorMetric
instanceKlass io/netty/util/internal/StringUtil
instanceKlass io/netty/util/internal/DirectCleaner
instanceKlass jdk/jfr/internal/Options
instanceKlass jdk/jfr/internal/JVM$ChunkRotationMonitor
instanceKlass jdk/jfr/internal/JVM
instanceKlass jdk/jfr/internal/consumer/FileAccess
instanceKlass jdk/jfr/internal/SecuritySupport$4
instanceKlass jdk/jfr/internal/SecuritySupport$SafePath
instanceKlass jdk/jfr/internal/SecuritySupport$CallableWithoutCheckException
instanceKlass jdk/jfr/internal/SecuritySupport
instanceKlass jdk/jfr/internal/JVMSupport
instanceKlass jdk/jfr/FlightRecorder
instanceKlass io/netty/util/internal/CleanerJava9$1
instanceKlass io/netty/util/internal/CleanerJava9
instanceKlass io/netty/util/internal/CleanableDirectBuffer
instanceKlass io/netty/util/internal/PlatformDependent$1
instanceKlass io/netty/util/internal/PlatformDependent0$11
instanceKlass io/netty/util/internal/PlatformDependent0$10
instanceKlass io/netty/util/internal/PlatformDependent0$9
instanceKlass io/netty/util/internal/PlatformDependent0$8
instanceKlass io/netty/util/internal/PlatformDependent0$6
instanceKlass io/netty/util/internal/PlatformDependent0$5
instanceKlass io/netty/util/internal/PlatformDependent0$4
instanceKlass io/netty/util/internal/PlatformDependent0$3
instanceKlass io/netty/util/internal/PlatformDependent0$2
instanceKlass io/netty/util/internal/ReflectionUtil
instanceKlass sun/misc/Unsafe
instanceKlass io/netty/util/internal/PlatformDependent0$1
instanceKlass io/netty/util/internal/PlatformDependent0
instanceKlass io/netty/util/internal/LongCounter
instanceKlass io/netty/util/internal/Cleaner
instanceKlass io/netty/util/internal/PlatformDependent
instanceKlass javax/security/cert/Certificate
instanceKlass io/netty/util/AsciiString
instanceKlass io/netty/util/internal/EmptyArrays
instanceKlass io/netty/util/ResourceLeakTracker
instanceKlass io/netty/util/ResourceLeak
instanceKlass io/netty/util/ResourceLeakDetector
instanceKlass io/netty/buffer/ByteBufAllocatorMetric
instanceKlass io/netty/buffer/AbstractByteBufAllocator
instanceKlass io/netty/buffer/ByteBufAllocatorMetricProvider
instanceKlass io/netty/buffer/ByteBufAllocator
instanceKlass io/netty/buffer/Unpooled
instanceKlass io/netty/buffer/ByteBuf
instanceKlass io/netty/buffer/ByteBufConvertible
instanceKlass io/netty/channel/Channel
instanceKlass io/netty/channel/ChannelOutboundInvoker
instanceKlass io/netty/util/AttributeMap
instanceKlass reactor/netty/ReactorNetty$5
instanceKlass reactor/netty/ReactorNetty$4
instanceKlass reactor/netty/ReactorNetty$3
instanceKlass reactor/netty/ReactorNetty$2
instanceKlass reactor/netty/ReactorNetty$1
instanceKlass reactor/netty/NettyInbound
instanceKlass reactor/netty/NettyOutbound
instanceKlass reactor/netty/ConnectionObserver$State
instanceKlass reactor/netty/ReactorNetty
instanceKlass reactor/netty/transport/logging/AdvancedByteBufFormat$1
instanceKlass io/netty/util/concurrent/Promise
instanceKlass io/netty/util/concurrent/Future
instanceKlass io/netty/util/internal/logging/AbstractInternalLogger
instanceKlass io/netty/util/internal/logging/Slf4JLoggerFactory$NopInstanceHolder
instanceKlass io/netty/util/internal/logging/InternalLogger
instanceKlass io/netty/util/internal/logging/InternalLoggerFactory
instanceKlass io/netty/util/internal/SystemPropertyUtil
instanceKlass io/netty/util/internal/UnpaddedInternalThreadLocalMap
instanceKlass io/netty/util/internal/TypeParameterMatcher
instanceKlass io/netty/handler/codec/http2/Http2StreamFrame
instanceKlass io/netty/handler/codec/http2/Http2Frame
instanceKlass io/netty/handler/codec/http/HttpScheme
instanceKlass io/netty/handler/codec/http/FullHttpMessage
instanceKlass io/netty/handler/codec/http/LastHttpContent
instanceKlass io/netty/handler/codec/http/HttpContent
instanceKlass io/netty/buffer/ByteBufHolder
instanceKlass io/netty/util/ReferenceCounted
instanceKlass reactor/netty/channel/ChannelMetricsRecorder
instanceKlass io/netty/channel/ChannelOutboundHandler
instanceKlass reactor/netty/http/HttpConnectionLiveness
instanceKlass io/netty/handler/codec/http2/Http2Connection$Listener
instanceKlass reactor/netty/ChannelPipelineConfigurer
instanceKlass io/netty/handler/codec/http/HttpServerUpgradeHandler$SourceCodec
instanceKlass io/netty/handler/codec/http/HttpServerUpgradeHandler$UpgradeCodecFactory
instanceKlass reactor/netty/http/logging/HttpMessageLogFactory
instanceKlass io/netty/util/internal/ObjectUtil
instanceKlass io/netty/util/ConstantPool
instanceKlass io/netty/util/AbstractConstant
instanceKlass io/netty/util/Constant
instanceKlass reactor/netty/internal/util/MapUtils
instanceKlass reactor/util/Loggers$Slf4JLogger
instanceKlass reactor/util/Logger
instanceKlass reactor/util/Loggers$Slf4JLoggerFactory
instanceKlass reactor/util/Loggers
instanceKlass io/netty/channel/ChannelHandlerAdapter
instanceKlass io/netty/channel/ChannelInboundHandler
instanceKlass io/netty/channel/ChannelHandler
instanceKlass reactor/netty/ConnectionObserver
instanceKlass reactor/netty/transport/ServerTransport$DisposableBind
instanceKlass reactor/netty/Connection
instanceKlass reactor/netty/DisposableServer
instanceKlass reactor/netty/DisposableChannel
instanceKlass reactor/core/CoreSubscriber
instanceKlass org/reactivestreams/Subscriber
instanceKlass org/springframework/http/server/reactive/ServerHttpResponse
instanceKlass org/springframework/http/ReactiveHttpOutputMessage
instanceKlass org/springframework/http/server/reactive/ServerHttpRequest
instanceKlass org/springframework/boot/web/server/reactive/context/WebServerManager$DelayedInitializationHttpHandler
instanceKlass org/springframework/boot/util/LambdaSafe$InvocationResult
instanceKlass org/springframework/boot/context/properties/PropertyMapper$Source
instanceKlass org/springframework/boot/util/LambdaSafe$GenericTypeFilter
instanceKlass org/springframework/boot/util/LambdaSafe$Filter
instanceKlass org/springframework/boot/util/LambdaSafe$LambdaSafeCallback
instanceKlass org/springframework/boot/util/LambdaSafe
instanceKlass reactor/netty/http/Http2SettingsSpec$Builder
instanceKlass org/springframework/boot/context/properties/PropertyMapper
instanceKlass reactor/netty/http/HttpDecoderSpec
instanceKlass org/springframework/boot/ssl/DefaultSslBundleRegistry$RegisteredSslBundle
instanceKlass org/springframework/boot/ssl/SslStoreBundle
instanceKlass org/springframework/boot/ssl/SslManagerBundle
instanceKlass org/springframework/boot/autoconfigure/ssl/PropertiesSslBundle
instanceKlass org/springframework/boot/autoconfigure/ssl/SslBundleProperties
instanceKlass org/springframework/boot/io/ApplicationResourceLoader$ProtocolResolvingResourceLoader
instanceKlass org/springframework/boot/web/context/servlet/ServletContextResourceFilePathResolver
instanceKlass org/springframework/boot/web/context/reactive/FilteredReactiveWebContextResourceFilePathResolver
instanceKlass org/springframework/boot/io/ClassPathResourceFilePathResolver
instanceKlass org/springframework/boot/io/ApplicationResourceLoader$FilePathResolver
instanceKlass org/springframework/boot/autoconfigure/ssl/SslProperties$Bundles$Watch$File
instanceKlass org/springframework/boot/autoconfigure/ssl/SslProperties$Bundles$Watch
instanceKlass org/springframework/boot/context/properties/ConfigurationPropertiesSource
instanceKlass org/springframework/boot/context/properties/bind/Nested
instanceKlass org/springframework/boot/context/properties/NestedConfigurationProperty
instanceKlass org/springframework/boot/web/server/autoconfigure/ServerProperties$Reactive$Session
instanceKlass org/springframework/boot/web/server/servlet/SessionStoreDirectory
instanceKlass org/springframework/boot/web/server/Cookie
instanceKlass org/springframework/boot/web/server/servlet/Session
instanceKlass org/springframework/boot/web/server/servlet/Jsp
instanceKlass org/springframework/boot/web/server/autoconfigure/ServerProperties$Encoding
instanceKlass org/springframework/boot/web/server/MimeMappings$Mapping
instanceKlass org/springframework/boot/web/error/ErrorPage
instanceKlass org/springframework/boot/ssl/SslBundle
instanceKlass org/springframework/boot/reactor/netty/SslServerCustomizer
instanceKlass org/springframework/boot/reactor/netty/NettyWebServer
instanceKlass org/springframework/http/server/reactive/ReactorHttpHandlerAdapter
instanceKlass org/springframework/boot/web/server/WebServer
instanceKlass io/netty/channel/EventLoopGroup
instanceKlass io/netty/util/concurrent/EventExecutorGroup
instanceKlass reactor/netty/resources/ConnectionProvider
instanceKlass org/springframework/boot/convert/DurationUnit
instanceKlass org/springframework/boot/convert/DurationFormat
instanceKlass org/springframework/beans/factory/annotation/BeanFactoryAnnotationUtils
instanceKlass org/springframework/boot/context/properties/ConfigurationPropertiesCharSequenceToObjectConverter
instanceKlass org/springframework/boot/context/properties/ConversionServiceDeducer
instanceKlass org/springframework/beans/factory/support/DefaultListableBeanFactory$1
instanceKlass org/springframework/core/annotation/SynthesizedMergedAnnotationInvocationHandler
instanceKlass org/springframework/web/reactive/function/client/WebClient$Builder
instanceKlass org/springframework/context/support/MessageSourceSupport
instanceKlass org/springframework/context/HierarchicalMessageSource
instanceKlass org/springframework/boot/micrometer/observation/autoconfigure/ObservationRegistryConfigurer
instanceKlass io/micrometer/observation/GlobalObservationConvention
instanceKlass org/springframework/boot/micrometer/observation/autoconfigure/ObservationRegistryCustomizer
instanceKlass org/springframework/aop/IntroductionAdvisor
instanceKlass org/springframework/aop/IntroductionInfo
instanceKlass org/springframework/aop/framework/autoproxy/ProxyCreationContext
instanceKlass org/springframework/boot/micrometer/metrics/autoconfigure/MeterRegistryCustomizer
instanceKlass org/springframework/core/convert/support/NumberToNumberConverterFactory$NumberToNumber
instanceKlass org/springframework/aop/framework/adapter/ThrowsAdviceAdapter
instanceKlass org/springframework/aop/framework/adapter/AfterReturningAdviceAdapter
instanceKlass org/springframework/aop/framework/adapter/MethodBeforeAdviceAdapter
instanceKlass org/springframework/aop/framework/adapter/AdvisorAdapter
instanceKlass org/springframework/aop/framework/adapter/DefaultAdvisorAdapterRegistry
instanceKlass org/springframework/aop/framework/adapter/GlobalAdvisorAdapterRegistry
instanceKlass org/springframework/aop/framework/adapter/AdvisorAdapterRegistry
instanceKlass org/springframework/aop/framework/autoproxy/TargetSourceCreator
instanceKlass org/springframework/aop/framework/autoproxy/BeanFactoryAdvisorRetrievalHelper
instanceKlass org/springframework/aop/support/ClassFilters$IntersectionClassFilter
instanceKlass org/springframework/aop/support/ClassFilters
instanceKlass org/springframework/aop/support/ComposablePointcut
instanceKlass org/springframework/aop/TruePointcut
instanceKlass org/springframework/validation/MessageCodeFormatter
instanceKlass org/springframework/validation/DefaultMessageCodesResolver
instanceKlass org/springframework/validation/beanvalidation/MethodValidationAdapter$ResultComparator
instanceKlass org/springframework/validation/beanvalidation/MethodValidationAdapter$DefaultObjectNameResolver
instanceKlass org/springframework/validation/method/EmptyMethodValidationResult
instanceKlass org/springframework/validation/BindingResult
instanceKlass org/springframework/context/MessageSourceResolvable
instanceKlass org/springframework/validation/beanvalidation/MethodValidationAdapter$ObjectNameResolver
instanceKlass org/springframework/validation/method/MethodValidationResult
instanceKlass org/springframework/validation/beanvalidation/MethodValidationAdapter
instanceKlass org/springframework/validation/method/MethodValidator
instanceKlass org/springframework/validation/beanvalidation/MethodValidationInterceptor
instanceKlass org/springframework/aop/Advisor$1
instanceKlass org/springframework/aop/support/AbstractPointcutAdvisor
instanceKlass org/springframework/aop/PointcutAdvisor
instanceKlass org/springframework/aop/TrueMethodMatcher
instanceKlass org/springframework/aop/support/annotation/AnnotationClassFilter
instanceKlass org/springframework/aop/MethodMatcher
instanceKlass org/springframework/aop/ClassFilter
instanceKlass org/springframework/aop/support/annotation/AnnotationMatchingPointcut
instanceKlass org/springframework/beans/factory/annotation/Lookup
instanceKlass org/springframework/util/function/SingletonSupplier
instanceKlass org/springframework/beans/factory/support/DefaultListableBeanFactory$FactoryAwareOrderSourceProvider
instanceKlass org/springframework/util/ReflectionUtils$FieldCallback
instanceKlass org/springframework/beans/factory/annotation/InjectionMetadata
instanceKlass org/springframework/util/MethodInvoker
instanceKlass java/lang/Class$EnclosingMethodInfo
instanceKlass org/springframework/beans/Mergeable
instanceKlass org/springframework/beans/factory/support/AutowireUtils
instanceKlass org/springframework/aop/Advisor
instanceKlass org/springframework/aop/Pointcut
instanceKlass org/springframework/beans/factory/support/DefaultListableBeanFactory$DependencyObjectProvider
instanceKlass org/springframework/beans/factory/support/DefaultListableBeanFactory$BeanObjectProvider
instanceKlass org/springframework/beans/factory/support/ConstructorResolver$ArgumentsHolder
instanceKlass org/springframework/validation/Errors
instanceKlass org/springframework/boot/context/properties/ConfigurationPropertiesJsr303Validator
instanceKlass org/springframework/boot/context/properties/PropertySourcesDeducer
instanceKlass org/springframework/jndi/JndiTemplate
instanceKlass org/springframework/jndi/JndiAccessor
instanceKlass jakarta/annotation/PreDestroy
instanceKlass jakarta/annotation/Resource
instanceKlass javax/naming/InitialContext
instanceKlass javax/naming/Context
instanceKlass org/springframework/beans/factory/annotation/InitDestroyAnnotationBeanPostProcessor$LifecycleMetadata
instanceKlass jakarta/inject/Inject
instanceKlass org/springframework/beans/factory/support/MethodOverride
instanceKlass org/springframework/context/support/PostProcessorRegistrationDelegate$BeanPostProcessorChecker
instanceKlass org/springframework/aop/config/AopConfigUtils
instanceKlass org/springframework/boot/autoconfigure/task/TaskExecutorConfigurations
instanceKlass org/springframework/context/expression/CachedExpressionEvaluator
instanceKlass org/springframework/beans/factory/config/RuntimeBeanNameReference
instanceKlass org/springframework/beans/factory/config/BeanDefinitionVisitor
instanceKlass org/springframework/context/annotation/ImportAware
instanceKlass org/springframework/context/annotation/ConfigurationClassEnhancer$EnhancedConfiguration
instanceKlass org/springframework/util/DefaultPropertiesPersister
instanceKlass sun/security/provider/ByteArrayAccess$LE
instanceKlass org/springframework/context/annotation/ConfigurationClassPostProcessor$ImportAwareBeanPostProcessor
instanceKlass org/aopalliance/intercept/MethodInterceptor
instanceKlass org/aopalliance/intercept/Interceptor
instanceKlass org/aopalliance/aop/Advice
instanceKlass org/springframework/cloud/context/scope/StandardScopeCache
instanceKlass org/springframework/cloud/context/scope/GenericScope$BeanLifecycleWrapperCache
instanceKlass org/springframework/cloud/context/scope/ScopeCache
instanceKlass org/springframework/beans/factory/support/ConstructorResolver
instanceKlass org/springframework/boot/actuate/autoconfigure/web/server/ManagementContextAutoConfiguration
instanceKlass org/springframework/boot/actuate/autoconfigure/web/server/ManagementContextAutoConfiguration$SameManagementContextConfiguration
instanceKlass org/springframework/boot/actuate/autoconfigure/web/server/ManagementContextAutoConfiguration$SameManagementContextConfiguration$EnableSameManagementContextConfiguration
instanceKlass org/springframework/web/cors/CorsConfiguration
instanceKlass org/springframework/boot/context/properties/DeprecatedConfigurationProperty
instanceKlass org/springframework/boot/webflux/autoconfigure/actuate/web/WebFluxEndpointManagementContextConfiguration$HealthConfiguration
instanceKlass org/springframework/boot/webflux/autoconfigure/actuate/web/WebFluxEndpointManagementContextConfiguration$ServerCodecConfigurerEndpointJackson2JsonMapperBeanPostProcessor
instanceKlass org/springframework/boot/webflux/autoconfigure/actuate/web/WebFluxEndpointManagementContextConfiguration$ServerCodecConfigurerEndpointJsonMapperBeanPostProcessor
instanceKlass org/springframework/boot/webflux/autoconfigure/actuate/web/WebFluxEndpointManagementContextConfiguration
instanceKlass org/springframework/boot/actuate/autoconfigure/endpoint/web/CorsEndpointProperties
instanceKlass org/springframework/cloud/loadbalancer/config/LoadBalancerCacheAutoConfiguration
instanceKlass org/springframework/cloud/netflix/eureka/loadbalancer/EurekaLoadBalancerProperties
instanceKlass org/springframework/cloud/netflix/eureka/loadbalancer/LoadBalancerEurekaAutoConfiguration
instanceKlass org/springframework/cloud/netflix/eureka/loadbalancer/EurekaLoadBalancerClientConfiguration
instanceKlass org/springframework/cloud/loadbalancer/cache/LoadBalancerCacheProperties$Caffeine
instanceKlass org/springframework/cloud/configuration/CompositeCompatibilityVerifier
instanceKlass org/springframework/cloud/configuration/SleuthPresentVerifier
instanceKlass org/springframework/cloud/configuration/SpringBootVersionVerifier
instanceKlass org/springframework/cloud/configuration/CompatibilityVerifier
instanceKlass org/springframework/cloud/configuration/CompatibilityVerifierAutoConfiguration
instanceKlass org/springframework/cloud/loadbalancer/config/LoadBalancerCacheAutoConfiguration$LoadBalancerCaffeineWarnLogger
instanceKlass org/springframework/cloud/loadbalancer/cache/LoadBalancerCacheProperties
instanceKlass org/springframework/cloud/loadbalancer/cache/LoadBalancerCacheManager
instanceKlass org/springframework/cloud/loadbalancer/config/LoadBalancerCacheAutoConfiguration$DefaultLoadBalancerCacheManagerConfiguration
instanceKlass org/springframework/cloud/configuration/CompatibilityVerifierProperties
instanceKlass org/springframework/cloud/config/client/ConfigClientHealthProperties
instanceKlass org/springframework/cloud/config/client/ConfigClientAutoConfiguration$ConfigServerHealthIndicatorConfiguration
instanceKlass org/springframework/cloud/config/client/ConfigClientAutoConfiguration
instanceKlass org/springframework/cloud/commons/config/DefaultsBindHandlerAdvisor
instanceKlass org/springframework/boot/context/properties/ConfigurationPropertiesBindHandlerAdvisor
instanceKlass org/springframework/cloud/commons/config/CommonsConfigAutoConfiguration
instanceKlass org/springframework/cloud/client/serviceregistry/ServiceRegistryAutoConfiguration$ServiceRegistryEndpointConfiguration
instanceKlass org/springframework/cloud/commons/util/UtilAutoConfiguration
instanceKlass org/springframework/cloud/client/serviceregistry/endpoint/ServiceRegistryEndpoint
instanceKlass org/springframework/cloud/client/loadbalancer/reactive/ReactorLoadBalancerExchangeFilterFunction
instanceKlass org/springframework/cloud/client/loadbalancer/reactive/RetryableLoadBalancerExchangeFilterFunction
instanceKlass org/springframework/cloud/client/loadbalancer/reactive/LoadBalancerRetryPolicy$Factory
instanceKlass org/springframework/cglib/core/internal/Function
instanceKlass org/springframework/cloud/client/loadbalancer/reactive/LoadBalancerWebClientBuilderBeanPostProcessor
instanceKlass org/springframework/cloud/client/loadbalancer/reactive/LoadBalancedExchangeFilterFunction
instanceKlass org/springframework/cloud/client/loadbalancer/reactive/DeferringLoadBalancerExchangeFilterFunction
instanceKlass org/springframework/web/reactive/function/client/ExchangeFilterFunction
instanceKlass org/springframework/cloud/client/loadbalancer/reactive/LoadBalancerBeanPostProcessorAutoConfiguration$ReactorDeferringLoadBalancerFilterConfig
instanceKlass org/springframework/cloud/client/loadbalancer/reactive/LoadBalancerWebClientHttpServiceGroupConfigurer
instanceKlass org/springframework/cloud/client/loadbalancer/reactive/LoadBalancerBeanPostProcessorAutoConfiguration$ReactorDeferringLoadBalancerFilterHttpClientConfig
instanceKlass org/springframework/cloud/commons/config/DefaultsBindHandlerAdvisor$MappingsProvider
instanceKlass org/springframework/cloud/client/loadbalancer/LoadBalancerDefaultMappingsProviderAutoConfiguration
instanceKlass org/springframework/cloud/client/loadbalancer/LoadBalancerAutoConfiguration$DeferringLoadBalancerInterceptorConfig
instanceKlass org/springframework/cloud/client/loadbalancer/AbstractLoadBalancerBlockingBuilderBeanPostProcessor
instanceKlass org/springframework/cloud/client/loadbalancer/LoadBalancerAutoConfiguration$DeferringLoadBalancerInterceptorRestTemplateBuilderConfig
instanceKlass org/springframework/cloud/client/loadbalancer/LoadBalancerRestClientHttpServiceGroupConfigurer
instanceKlass org/springframework/cloud/client/loadbalancer/DeferringLoadBalancerInterceptor
instanceKlass org/springframework/cloud/client/loadbalancer/LoadBalancerAutoConfiguration$DeferringLoadBalancerInterceptorHttpClientConfig
instanceKlass org/springframework/cloud/client/loadbalancer/RestTemplateCustomizer
instanceKlass org/springframework/cloud/client/loadbalancer/LoadBalancerInterceptor
instanceKlass org/springframework/cloud/client/loadbalancer/BlockingLoadBalancerInterceptor
instanceKlass org/springframework/http/client/ClientHttpRequestInterceptor
instanceKlass org/springframework/cloud/client/loadbalancer/LoadBalancerRequestFactory
instanceKlass org/springframework/cloud/client/loadbalancer/LoadBalancerAutoConfiguration$LoadBalancerInterceptorConfig
instanceKlass org/springframework/cloud/loadbalancer/core/LoadBalancerServiceInstanceCookieTransformer
instanceKlass org/springframework/cloud/loadbalancer/blocking/XForwardedHeadersTransformer
instanceKlass org/springframework/cloud/client/loadbalancer/LoadBalancerRequestTransformer
instanceKlass org/springframework/cloud/client/loadbalancer/LoadBalancerClient
instanceKlass org/springframework/cloud/client/loadbalancer/ServiceInstanceChooser
instanceKlass org/springframework/cloud/loadbalancer/config/BlockingLoadBalancerClientAutoConfiguration
instanceKlass org/springframework/cloud/client/discovery/health/reactive/ReactiveDiscoveryCompositeHealthContributor
instanceKlass org/springframework/boot/health/contributor/CompositeReactiveHealthContributor
instanceKlass org/springframework/cloud/client/loadbalancer/LoadBalancerAutoConfiguration
instanceKlass org/springframework/cloud/client/ReactiveCommonsClientAutoConfiguration$ReactiveDiscoveryLoadBalancerConfiguration
instanceKlass org/springframework/cloud/client/discovery/simple/reactive/SimpleReactiveDiscoveryClientAutoConfiguration
instanceKlass org/springframework/cloud/netflix/eureka/reactive/EurekaReactiveDiscoveryClient
instanceKlass org/springframework/cloud/client/discovery/health/reactive/ReactiveDiscoveryClientHealthIndicator
instanceKlass org/springframework/cloud/client/discovery/health/reactive/ReactiveDiscoveryHealthIndicator
instanceKlass org/springframework/cloud/client/discovery/simple/reactive/SimpleReactiveDiscoveryClientAutoConfiguration$HealthConfiguration
instanceKlass org/springframework/cloud/client/discovery/composite/reactive/ReactiveCompositeDiscoveryClient
instanceKlass org/springframework/cloud/client/discovery/simple/reactive/SimpleReactiveDiscoveryClient
instanceKlass org/springframework/cloud/client/discovery/ReactiveDiscoveryClient
instanceKlass org/springframework/cloud/client/discovery/simple/reactive/SimpleReactiveDiscoveryProperties
instanceKlass org/springframework/cloud/client/discovery/simple/reactive/SimpleReactiveDiscoveryClientConfigurations$SimpleReactiveDiscoveryClientConfiguration
instanceKlass org/springframework/cloud/client/circuitbreaker/AbstractCircuitBreakerFactory
instanceKlass org/springframework/cloud/client/discovery/health/DiscoveryClientHealthIndicator
instanceKlass org/springframework/cloud/client/discovery/health/DiscoveryCompositeHealthContributor
instanceKlass org/springframework/boot/health/contributor/CompositeHealthContributor
instanceKlass org/springframework/cloud/client/CommonsClientAutoConfiguration$DiscoveryLoadBalancerConfiguration
instanceKlass org/springframework/cloud/client/discovery/health/DiscoveryClientHealthIndicatorProperties
instanceKlass org/springframework/cloud/client/CommonsClientAutoConfiguration$ActuatorConfiguration
instanceKlass org/springframework/cloud/client/actuator/FeaturesEndpoint
instanceKlass org/springframework/cloud/netflix/eureka/metadata/ManagementMetadata
instanceKlass org/springframework/cloud/netflix/eureka/serviceregistry/EurekaAutoServiceRegistration
instanceKlass org/springframework/cloud/client/serviceregistry/AutoServiceRegistration
instanceKlass org/springframework/cloud/netflix/eureka/serviceregistry/EurekaServiceRegistry
instanceKlass org/springframework/cloud/client/serviceregistry/ServiceRegistry
instanceKlass org/springframework/cloud/client/actuator/HasFeatures
instanceKlass org/springframework/cloud/netflix/eureka/EurekaInstanceConfigBean
instanceKlass org/springframework/cloud/netflix/eureka/metadata/ManagementMetadataProvider
instanceKlass org/springframework/cloud/client/serviceregistry/ServiceRegistryAutoConfiguration
instanceKlass org/springframework/cloud/netflix/eureka/serviceregistry/EurekaRegistration
instanceKlass org/springframework/cloud/client/serviceregistry/Registration
instanceKlass org/springframework/cloud/client/ServiceInstance
instanceKlass org/springframework/cloud/netflix/eureka/CloudEurekaInstanceConfig
instanceKlass com/netflix/appinfo/HealthCheckHandler
instanceKlass com/netflix/appinfo/ApplicationInfoManager
instanceKlass org/springframework/aop/framework/autoproxy/AutoProxyUtils
instanceKlass org/springframework/context/annotation/ScopedProxyCreator
instanceKlass org/springframework/cloud/netflix/eureka/EurekaClientAutoConfiguration$RefreshableEurekaClientConfiguration
instanceKlass org/springframework/cloud/netflix/eureka/config/DiscoveryClientOptionalArgsConfiguration
instanceKlass org/springframework/cloud/netflix/eureka/EurekaHealthIndicator
instanceKlass org/springframework/cloud/client/discovery/health/DiscoveryHealthIndicator
instanceKlass com/netflix/appinfo/EurekaInstanceConfig
instanceKlass org/springframework/cloud/netflix/eureka/EurekaClientAutoConfiguration$EurekaHealthIndicatorConfiguration
instanceKlass org/springframework/cloud/netflix/eureka/http/RestClientTransportClientFactories
instanceKlass com/netflix/discovery/shared/transport/jersey/TransportClientFactories
instanceKlass org/springframework/cloud/netflix/eureka/TimeoutProperties
instanceKlass org/springframework/cloud/netflix/eureka/http/EurekaClientHttpRequestFactorySupplier
instanceKlass org/springframework/cloud/netflix/eureka/config/DiscoveryClientOptionalArgsConfiguration$RestClientConfiguration
instanceKlass org/springframework/cloud/netflix/eureka/EurekaDiscoveryClientConfiguration$EurekaClientConfigurationRefresher
instanceKlass org/springframework/cloud/client/serviceregistry/AutoServiceRegistrationAutoConfiguration
instanceKlass org/springframework/cloud/netflix/eureka/EurekaDiscoveryClient
instanceKlass org/springframework/cloud/netflix/eureka/EurekaDiscoveryClientConfiguration
instanceKlass org/springframework/cloud/client/serviceregistry/AutoServiceRegistrationConfiguration
instanceKlass org/springframework/cloud/client/serviceregistry/AutoServiceRegistrationProperties
instanceKlass org/springframework/cloud/client/CommonsClientAutoConfiguration
instanceKlass org/springframework/cloud/client/discovery/simple/SimpleDiscoveryProperties
instanceKlass org/springframework/cloud/client/discovery/simple/SimpleDiscoveryClientConfigurations$SimpleDiscoveryClientConfiguration
instanceKlass org/springframework/cloud/autoconfigure/RefreshEndpointAutoConfiguration
instanceKlass org/springframework/cloud/autoconfigure/RestartEndpointWithIntegrationConfiguration
instanceKlass org/springframework/cloud/autoconfigure/PauseResumeEndpointsConfiguration
instanceKlass org/springframework/cloud/autoconfigure/RestartEndpointWithoutIntegrationConfiguration
instanceKlass org/springframework/cloud/context/restart/RestartEndpoint
instanceKlass org/springframework/cloud/endpoint/RefreshEndpoint
instanceKlass org/springframework/cloud/autoconfigure/RefreshEndpointAutoConfiguration$RefreshEndpointConfiguration
instanceKlass org/springframework/cloud/endpoint/event/RefreshEventListener
instanceKlass org/springframework/cloud/context/refresh/RefreshScopeLifecycle
instanceKlass org/springframework/cloud/logging/LoggingRebinder
instanceKlass org/springframework/cloud/autoconfigure/RefreshAutoConfiguration$RefreshScopeBeanDefinitionEnhancer
instanceKlass org/springframework/cloud/autoconfigure/RefreshAutoConfiguration$RefreshProperties
instanceKlass org/springframework/cloud/context/properties/ConfigurationPropertiesRebinder
instanceKlass org/springframework/cloud/context/properties/ConfigurationPropertiesBeans
instanceKlass org/springframework/cloud/autoconfigure/ConfigurationPropertiesRebinderAutoConfiguration
instanceKlass org/springframework/boot/webflux/actuate/web/mappings/DispatcherHandlersMappingDescriptionProvider
instanceKlass org/springframework/boot/actuate/web/mappings/MappingDescriptionProvider
instanceKlass org/springframework/boot/webflux/autoconfigure/actuate/web/mappings/WebFluxMappingsAutoConfiguration
instanceKlass org/springframework/boot/webflux/autoconfigure/actuate/endpoint/web/WebFluxHealthEndpointExtensionAutoConfiguration
instanceKlass org/springframework/http/server/reactive/observation/DefaultServerRequestObservationConvention
instanceKlass org/springframework/boot/webflux/autoconfigure/WebFluxObservationAutoConfiguration
instanceKlass org/springframework/http/server/reactive/observation/ServerRequestObservationConvention
instanceKlass org/springframework/boot/restclient/autoconfigure/RestClientObservationAutoConfiguration
instanceKlass org/springframework/boot/restclient/autoconfigure/AutoConfiguredRestClientSsl
instanceKlass org/springframework/boot/http/client/ClientHttpRequestFactoryBuilder
instanceKlass org/springframework/boot/restclient/autoconfigure/RestClientBuilderConfigurer
instanceKlass org/springframework/boot/restclient/autoconfigure/RestClientSsl
instanceKlass org/springframework/boot/restclient/autoconfigure/RestClientAutoConfiguration
instanceKlass org/springframework/boot/http/converter/autoconfigure/HttpMessageConvertersAutoConfiguration
instanceKlass org/springframework/boot/http/client/autoconfigure/imperative/ImperativeHttpClientAutoConfiguration
instanceKlass org/springframework/boot/restclient/autoconfigure/RestClientAutoConfiguration$HttpMessageConvertersConfiguration
instanceKlass org/springframework/boot/reactor/netty/NettyRouteProvider
instanceKlass org/springframework/boot/web/server/AbstractConfigurableWebServerFactory
instanceKlass org/springframework/boot/web/server/reactive/ConfigurableReactiveWebServerFactory
instanceKlass org/springframework/boot/web/server/ConfigurableWebServerFactory
instanceKlass org/springframework/boot/web/error/ErrorPageRegistry
instanceKlass org/springframework/boot/http/converter/autoconfigure/ClientHttpMessageConvertersCustomizer
instanceKlass org/springframework/boot/reactor/netty/autoconfigure/NettyReactiveWebServerAutoConfiguration
instanceKlass org/springframework/boot/web/server/reactive/ReactiveWebServerFactory
instanceKlass org/springframework/boot/web/server/WebServerFactory
instanceKlass org/springframework/web/server/adapter/ForwardedHeaderTransformer
instanceKlass org/springframework/boot/web/server/autoconfigure/reactive/ReactiveWebServerFactoryCustomizer
instanceKlass org/springframework/boot/web/server/autoconfigure/reactive/ReactiveWebServerConfiguration
instanceKlass org/springframework/boot/reactor/autoconfigure/ReactorAutoConfiguration
instanceKlass org/springframework/boot/netty/autoconfigure/NettyAutoConfiguration
instanceKlass org/springframework/boot/micrometer/observation/autoconfigure/ScheduledTasksObservationAutoConfiguration$ObservabilitySchedulingConfigurer
instanceKlass org/springframework/scheduling/annotation/SchedulingConfigurer
instanceKlass org/springframework/boot/micrometer/observation/autoconfigure/ScheduledTasksObservationAutoConfiguration
instanceKlass org/springframework/boot/web/server/WebServerFactoryCustomizerBeanPostProcessor
instanceKlass org/springframework/boot/reactor/autoconfigure/ReactorProperties
instanceKlass org/springframework/boot/netty/autoconfigure/NettyProperties
instanceKlass org/springframework/boot/LazyInitializationExcludeFilter
instanceKlass org/springframework/boot/micrometer/metrics/autoconfigure/task/TaskExecutorMetricsAutoConfiguration
instanceKlass io/micrometer/core/instrument/binder/system/UptimeMetrics
instanceKlass org/springframework/boot/micrometer/metrics/system/DiskSpaceMetricsBinder
instanceKlass io/micrometer/core/instrument/binder/system/ProcessorMetrics
instanceKlass io/micrometer/core/instrument/binder/system/FileDescriptorMetrics
instanceKlass org/springframework/boot/micrometer/metrics/autoconfigure/system/SystemMetricsAutoConfiguration
instanceKlass org/springframework/boot/micrometer/metrics/startup/StartupTimeMetricsListener
instanceKlass org/springframework/boot/micrometer/metrics/autoconfigure/startup/StartupTimeMetricsListenerAutoConfiguration
instanceKlass org/springframework/boot/micrometer/metrics/autoconfigure/ssl/SslMeterBinder
instanceKlass org/springframework/boot/micrometer/metrics/autoconfigure/ssl/SslMetricsAutoConfiguration
instanceKlass io/micrometer/core/instrument/binder/logging/LogbackMetrics
instanceKlass org/springframework/boot/micrometer/metrics/autoconfigure/logging/logback/LogbackMetricsAutoConfiguration
instanceKlass io/micrometer/core/instrument/binder/jvm/JvmInfoMetrics
instanceKlass io/micrometer/core/instrument/binder/jvm/JvmThreadMetrics
instanceKlass io/micrometer/core/instrument/binder/jvm/ClassLoaderMetrics
instanceKlass io/micrometer/core/instrument/binder/jvm/JvmMemoryMetrics
instanceKlass io/micrometer/core/instrument/binder/jvm/JvmGcMetrics
instanceKlass io/micrometer/core/instrument/binder/jvm/JvmHeapPressureMetrics
instanceKlass io/micrometer/core/instrument/binder/jvm/JvmCompilationMetrics
instanceKlass org/springframework/boot/micrometer/metrics/autoconfigure/jvm/JvmMetricsAutoConfiguration
instanceKlass org/springframework/boot/micrometer/metrics/autoconfigure/MetricsEndpointAutoConfiguration
instanceKlass org/springframework/boot/http/client/autoconfigure/service/HttpServiceClientPropertiesAutoConfiguration
instanceKlass jdk/internal/access/foreign/MemorySegmentProxy
instanceKlass org/springframework/boot/http/client/autoconfigure/reactive/ReactiveHttpClientAutoConfiguration$ReactorNetty
instanceKlass org/springframework/boot/http/client/autoconfigure/reactive/ClientHttpConnectorBuilderCustomizer
instanceKlass org/springframework/boot/http/client/autoconfigure/reactive/ReactiveHttpClientAutoConfiguration
instanceKlass org/springframework/boot/http/client/autoconfigure/reactive/ReactiveHttpClientsProperties
instanceKlass org/springframework/boot/micrometer/metrics/MaximumAllowableTagsMeterFilter
instanceKlass org/springframework/boot/http/client/autoconfigure/metrics/HttpClientMetricsAutoConfiguration
instanceKlass org/springframework/http/client/ReactorResourceFactory
instanceKlass org/springframework/boot/reactor/netty/autoconfigure/ReactorNettyConfigurations$ReactorResourceFactoryConfiguration
instanceKlass org/springframework/boot/reactor/netty/autoconfigure/ReactorNettyProperties
instanceKlass org/springframework/boot/http/client/autoconfigure/HttpClientAutoConfiguration
instanceKlass org/springframework/boot/http/client/autoconfigure/HttpClientSettingsProperties
instanceKlass org/springframework/boot/health/autoconfigure/application/DiskSpaceHealthContributorAutoConfiguration
instanceKlass org/springframework/boot/health/autoconfigure/actuate/endpoint/HealthEndpointAutoConfiguration
instanceKlass org/springframework/boot/health/autoconfigure/application/SslHealthContributorAutoConfiguration
instanceKlass org/springframework/boot/health/autoconfigure/application/SslHealthIndicatorProperties
instanceKlass org/springframework/boot/health/autoconfigure/application/DiskSpaceHealthIndicatorProperties
instanceKlass org/springframework/boot/health/autoconfigure/contributor/HealthContributorAutoConfiguration
instanceKlass org/springframework/boot/health/autoconfigure/actuate/endpoint/HealthEndpointProperties$Logging
instanceKlass org/springframework/boot/health/autoconfigure/actuate/endpoint/HealthEndpointWebExtensionConfiguration
instanceKlass org/springframework/boot/health/autoconfigure/actuate/endpoint/HealthEndpointReactiveWebExtensionConfiguration
instanceKlass org/springframework/boot/health/autoconfigure/actuate/endpoint/HealthEndpointConfiguration$HealthEndpointGroupsBeanPostProcessor
instanceKlass org/springframework/boot/health/autoconfigure/contributor/HealthContributorMembershipValidator
instanceKlass org/springframework/boot/health/autoconfigure/actuate/endpoint/GroupsHealthContributorNameValidator
instanceKlass org/springframework/boot/health/registry/HealthContributorNameValidator
instanceKlass org/springframework/boot/health/autoconfigure/contributor/HealthContributorMembershipValidator$Members
instanceKlass org/springframework/boot/health/actuate/endpoint/HttpCodeStatusMapper
instanceKlass org/springframework/boot/health/autoconfigure/actuate/endpoint/AutoConfiguredHealthEndpointGroups
instanceKlass org/springframework/boot/actuate/endpoint/web/AdditionalPathsMapper
instanceKlass org/springframework/boot/health/actuate/endpoint/StatusAggregator
instanceKlass org/springframework/boot/health/autoconfigure/actuate/endpoint/HealthProperties
instanceKlass org/springframework/boot/health/autoconfigure/actuate/endpoint/HealthEndpointConfiguration
instanceKlass org/springframework/boot/health/autoconfigure/registry/HealthContributorRegistryAutoConfiguration
instanceKlass org/springframework/boot/health/registry/AbstractRegistry
instanceKlass org/springframework/boot/health/autoconfigure/registry/HealthContributorRegistryAutoConfiguration$ReactiveHealthContributorRegistryConfiguration
instanceKlass org/springframework/boot/health/autoconfigure/actuate/endpoint/AvailabilityProbesHealthEndpointGroupsPostProcessor
instanceKlass org/springframework/boot/health/actuate/endpoint/HealthEndpointGroupsPostProcessor
instanceKlass org/springframework/boot/health/contributor/AbstractHealthIndicator
instanceKlass org/springframework/boot/health/autoconfigure/actuate/endpoint/AvailabilityProbesAutoConfiguration
instanceKlass org/springframework/boot/devtools/autoconfigure/LocalDevToolsAutoConfiguration
instanceKlass org/springframework/boot/health/registry/ReactiveHealthContributorRegistry
instanceKlass org/springframework/boot/health/contributor/ReactiveHealthContributors
instanceKlass org/springframework/boot/health/autoconfigure/application/AvailabilityHealthContributorAutoConfiguration
instanceKlass org/springframework/boot/devtools/autoconfigure/RemoteDevToolsProperties
instanceKlass org/springframework/boot/devtools/autoconfigure/DevToolsProperties$Livereload
instanceKlass org/springframework/boot/devtools/autoconfigure/DevToolsProperties$Restart
instanceKlass org/springframework/boot/devtools/autoconfigure/DevToolsProperties
instanceKlass org/springframework/boot/devtools/classpath/ClassPathFileSystemWatcher
instanceKlass org/springframework/boot/devtools/filewatch/FileSystemWatcher
instanceKlass org/springframework/boot/devtools/autoconfigure/ConditionEvaluationDeltaLoggingListener
instanceKlass org/springframework/boot/devtools/autoconfigure/LocalDevToolsAutoConfiguration$RestartingClassPathChangeChangedEventListener
instanceKlass org/springframework/boot/devtools/filewatch/FileSystemWatcherFactory
instanceKlass java/io/FileFilter
instanceKlass org/springframework/boot/devtools/classpath/ClassPathRestartStrategy
instanceKlass org/springframework/boot/devtools/autoconfigure/LocalDevToolsAutoConfiguration$RestartConfiguration
instanceKlass org/springframework/boot/cache/actuate/endpoint/CachesEndpointWebExtension
instanceKlass org/springframework/boot/cache/autoconfigure/CachesEndpointAutoConfiguration
instanceKlass org/springframework/boot/autoconfigure/task/TaskSchedulingAutoConfiguration
instanceKlass org/springframework/boot/autoconfigure/task/TaskSchedulingProperties$Shutdown
instanceKlass org/springframework/boot/autoconfigure/task/TaskSchedulingProperties$Simple
instanceKlass org/springframework/boot/autoconfigure/task/TaskSchedulingProperties$Pool
instanceKlass org/springframework/boot/autoconfigure/task/TaskSchedulingConfigurations$TaskSchedulerConfiguration
instanceKlass org/springframework/boot/task/SimpleAsyncTaskSchedulerBuilder
instanceKlass org/springframework/boot/autoconfigure/task/TaskSchedulingConfigurations$SimpleAsyncTaskSchedulerBuilderConfiguration
instanceKlass org/springframework/boot/autoconfigure/task/TaskExecutionAutoConfiguration
instanceKlass org/springframework/boot/autoconfigure/task/TaskExecutorConfigurations$ApplicationTaskExecutorAsyncConfigurer
instanceKlass org/springframework/boot/task/ThreadPoolTaskSchedulerBuilder
instanceKlass org/springframework/boot/autoconfigure/task/TaskSchedulingProperties
instanceKlass org/springframework/boot/autoconfigure/task/TaskSchedulingConfigurations$ThreadPoolTaskSchedulerBuilderConfiguration
instanceKlass org/springframework/boot/autoconfigure/task/TaskExecutionProperties$Shutdown
instanceKlass org/springframework/boot/autoconfigure/task/TaskExecutionProperties$Simple
instanceKlass org/springframework/boot/autoconfigure/task/TaskExecutionProperties$Pool
instanceKlass org/springframework/boot/autoconfigure/task/TaskExecutorConfigurations$BootstrapExecutorConfiguration
instanceKlass org/springframework/boot/autoconfigure/task/TaskExecutorConfigurations$TaskExecutorConfiguration
instanceKlass org/springframework/boot/autoconfigure/task/TaskExecutorConfigurations$TaskExecutorContextPropagationConfiguration
instanceKlass org/springframework/boot/autoconfigure/task/TaskExecutorConfigurations$AsyncConfigurerConfiguration
instanceKlass org/springframework/boot/autoconfigure/task/TaskExecutorConfigurations$AsyncConfigurerWrapperConfiguration
instanceKlass org/springframework/boot/task/SimpleAsyncTaskExecutorBuilder
instanceKlass org/springframework/boot/autoconfigure/task/TaskExecutorConfigurations$SimpleAsyncTaskExecutorBuilderConfiguration
instanceKlass org/springframework/boot/task/ThreadPoolTaskExecutorBuilder
instanceKlass org/springframework/boot/autoconfigure/task/TaskExecutionProperties
instanceKlass org/springframework/boot/autoconfigure/task/TaskExecutorConfigurations$ThreadPoolTaskExecutorBuilderConfiguration
instanceKlass org/springframework/boot/autoconfigure/ssl/SslProperties$Bundles
instanceKlass org/springframework/boot/autoconfigure/ssl/SslPropertiesBundleRegistrar
instanceKlass org/springframework/boot/autoconfigure/ssl/FileWatcher
instanceKlass org/springframework/boot/autoconfigure/ssl/SslBundleRegistrar
instanceKlass org/springframework/boot/ssl/DefaultSslBundleRegistry
instanceKlass org/springframework/boot/autoconfigure/ssl/SslAutoConfiguration
instanceKlass org/springframework/context/support/DefaultLifecycleProcessor
instanceKlass org/springframework/boot/autoconfigure/context/LifecycleAutoConfiguration
instanceKlass org/springframework/boot/autoconfigure/context/ConfigurationPropertiesAutoConfiguration
instanceKlass org/springframework/boot/availability/ApplicationAvailabilityBean
instanceKlass org/springframework/boot/ssl/SslBundleRegistry
instanceKlass org/springframework/boot/autoconfigure/ssl/SslProperties
instanceKlass org/springframework/boot/autoconfigure/context/LifecycleProperties
instanceKlass org/springframework/boot/autoconfigure/availability/ApplicationAvailabilityAutoConfiguration
instanceKlass org/springframework/boot/autoconfigure/aop/AopAutoConfiguration
instanceKlass org/springframework/boot/autoconfigure/aop/AopAutoConfiguration$ClassProxyingConfiguration
instanceKlass org/springframework/boot/actuate/autoconfigure/web/mappings/MappingsEndpointAutoConfiguration
instanceKlass org/springframework/boot/availability/ApplicationAvailability
instanceKlass org/springframework/boot/actuate/autoconfigure/web/exchanges/HttpExchangesEndpointAutoConfiguration
instanceKlass org/springframework/boot/actuate/autoconfigure/scheduling/ScheduledTasksEndpointAutoConfiguration
instanceKlass org/springframework/boot/actuate/sbom/SbomProperties$Sbom
instanceKlass org/springframework/boot/actuate/sbom/SbomEndpointWebExtension
instanceKlass org/springframework/boot/actuate/autoconfigure/sbom/SbomEndpointAutoConfiguration
instanceKlass org/springframework/boot/actuate/sbom/SbomProperties
instanceKlass org/springframework/boot/actuate/autoconfigure/management/ThreadDumpEndpointAutoConfiguration
instanceKlass org/springframework/boot/actuate/autoconfigure/logging/LoggersEndpointAutoConfiguration
instanceKlass org/springframework/boot/actuate/autoconfigure/logging/LogFileWebEndpointAutoConfiguration
instanceKlass org/springframework/boot/actuate/autoconfigure/logging/LogFileWebEndpointProperties
instanceKlass org/springframework/boot/actuate/autoconfigure/info/InfoEndpointAutoConfiguration
instanceKlass org/springframework/boot/actuate/autoconfigure/info/InfoContributorProperties$Git
instanceKlass org/springframework/boot/actuate/info/EnvironmentInfoContributor
instanceKlass org/springframework/boot/actuate/info/SslInfoContributor
instanceKlass org/springframework/boot/actuate/info/InfoPropertiesInfoContributor
instanceKlass org/springframework/boot/info/SslInfo
instanceKlass org/springframework/boot/actuate/info/OsInfoContributor
instanceKlass org/springframework/boot/actuate/info/ProcessInfoContributor
instanceKlass org/springframework/boot/actuate/info/JavaInfoContributor
instanceKlass org/springframework/boot/actuate/info/InfoContributor
instanceKlass org/springframework/boot/actuate/autoconfigure/info/InfoContributorAutoConfiguration
instanceKlass org/springframework/boot/info/InfoProperties
instanceKlass org/springframework/boot/actuate/autoconfigure/info/InfoContributorProperties
instanceKlass org/springframework/boot/autoconfigure/info/ProjectInfoAutoConfiguration
instanceKlass org/springframework/boot/autoconfigure/info/ProjectInfoProperties$Git
instanceKlass org/springframework/boot/autoconfigure/info/ProjectInfoProperties$Build
instanceKlass org/springframework/boot/autoconfigure/info/ProjectInfoProperties
instanceKlass org/springframework/boot/actuate/env/EnvironmentEndpointWebExtension
instanceKlass org/springframework/boot/actuate/autoconfigure/env/EnvironmentEndpointAutoConfiguration
instanceKlass org/springframework/boot/actuate/endpoint/web/WebOperation
instanceKlass org/springframework/boot/actuate/endpoint/Operation
instanceKlass org/springframework/boot/actuate/endpoint/web/annotation/ExposableControllerEndpoint
instanceKlass org/springframework/cloud/autoconfigure/LifecycleMvcEndpointAutoConfiguration
instanceKlass org/springframework/boot/actuate/autoconfigure/endpoint/web/WebEndpointProperties$Discovery
instanceKlass org/springframework/boot/actuate/autoconfigure/endpoint/web/WebEndpointProperties$Exposure
instanceKlass org/springframework/boot/actuate/endpoint/jackson/EndpointJsonMapper
instanceKlass org/springframework/boot/actuate/autoconfigure/endpoint/jackson/JacksonEndpointAutoConfiguration
instanceKlass org/springframework/boot/actuate/endpoint/jackson/EndpointJackson2ObjectMapper
instanceKlass org/springframework/boot/actuate/autoconfigure/endpoint/jackson/Jackson2EndpointAutoConfiguration
instanceKlass org/springframework/boot/actuate/endpoint/web/ExposableWebEndpoint
instanceKlass org/springframework/boot/actuate/endpoint/web/annotation/ControllerEndpointsSupplier
instanceKlass org/springframework/boot/actuate/endpoint/OperationFilter
instanceKlass org/springframework/boot/actuate/endpoint/web/PathMappedEndpoints
instanceKlass org/springframework/boot/actuate/endpoint/annotation/EndpointDiscoverer
instanceKlass org/springframework/boot/actuate/endpoint/web/EndpointMediaTypes
instanceKlass org/springframework/boot/actuate/endpoint/web/PathMapper
instanceKlass org/springframework/boot/actuate/endpoint/web/PathMappedEndpoint
instanceKlass org/springframework/boot/actuate/autoconfigure/endpoint/web/WebEndpointAutoConfiguration
instanceKlass org/springframework/boot/actuate/endpoint/invoker/cache/CachingOperationInvokerAdvisor
instanceKlass org/springframework/boot/actuate/endpoint/invoke/OperationInvokerAdvisor
instanceKlass org/springframework/boot/actuate/endpoint/invoke/ParameterValueMapper
instanceKlass org/springframework/boot/actuate/endpoint/annotation/EndpointExtension
instanceKlass org/springframework/boot/actuate/endpoint/web/annotation/EndpointWebExtension
instanceKlass org/springframework/boot/actuate/context/properties/ConfigurationPropertiesReportEndpointWebExtension
instanceKlass org/springframework/boot/actuate/autoconfigure/context/properties/ConfigurationPropertiesReportEndpointAutoConfiguration
instanceKlass org/springframework/boot/actuate/autoconfigure/context/properties/ConfigurationPropertiesReportEndpointProperties
instanceKlass org/springframework/boot/actuate/autoconfigure/condition/ConditionsReportEndpointAutoConfiguration
instanceKlass org/springframework/boot/actuate/autoconfigure/beans/BeansEndpointAutoConfiguration
instanceKlass org/springframework/boot/actuate/autoconfigure/audit/AuditEventsEndpointAutoConfiguration
instanceKlass org/springframework/boot/actuate/autoconfigure/audit/AuditAutoConfiguration
instanceKlass org/springframework/boot/webflux/autoconfigure/WebHttpHandlerBuilderCustomizer
instanceKlass org/springframework/web/server/adapter/WebHttpHandlerBuilder
instanceKlass org/springframework/boot/webflux/autoconfigure/HttpHandlerAutoConfiguration$AnnotationConfig
instanceKlass org/springframework/validation/annotation/Validated
instanceKlass org/springframework/cloud/gateway/support/tagsprovider/GatewayRouteTagsProvider
instanceKlass org/springframework/cloud/gateway/support/tagsprovider/GatewayPathTagsProvider
instanceKlass org/springframework/cloud/gateway/support/tagsprovider/GatewayHttpTagsProvider
instanceKlass org/springframework/cloud/gateway/route/RouteDefinitionMetrics
instanceKlass org/springframework/cloud/gateway/filter/GatewayMetricsFilter
instanceKlass org/springframework/cloud/gateway/support/tagsprovider/PropertiesTagsProvider
instanceKlass org/springframework/cloud/gateway/support/tagsprovider/GatewayTagsProvider
instanceKlass org/springframework/cloud/gateway/config/GatewayMetricsAutoConfiguration
instanceKlass org/springframework/expression/common/ExpressionUtils
instanceKlass org/springframework/expression/spel/CodeFlow
instanceKlass org/springframework/expression/spel/ExpressionState
instanceKlass org/springframework/expression/spel/standard/SpelExpression
instanceKlass org/springframework/expression/spel/standard/Token
instanceKlass org/springframework/expression/spel/standard/Tokenizer
instanceKlass org/springframework/expression/spel/ast/SpelNodeImpl
instanceKlass org/springframework/expression/spel/SpelNode
instanceKlass org/springframework/util/PlaceholderParser$PartResolutionContext
instanceKlass org/springframework/util/PlaceholderParser$AbstractPart
instanceKlass org/springframework/util/PlaceholderParser$Part
instanceKlass org/springframework/cloud/gateway/config/GatewayMetricsProperties
instanceKlass org/springframework/cloud/gateway/filter/headers/observation/ObservationClosingWebExceptionHandler
instanceKlass org/springframework/cloud/gateway/filter/headers/observation/GatewayObservationConvention
instanceKlass org/springframework/cloud/gateway/filter/headers/observation/ObservedResponseHttpHeadersFilter
instanceKlass org/springframework/cloud/gateway/filter/headers/observation/ObservedRequestHttpHeadersFilter
instanceKlass org/springframework/cloud/gateway/config/GatewayMetricsAutoConfiguration$ObservabilityConfiguration
instanceKlass org/springframework/boot/micrometer/observation/autoconfigure/ObservationProperties$Http
instanceKlass org/springframework/boot/micrometer/observation/autoconfigure/PropertiesObservationFilterPredicate
instanceKlass io/micrometer/observation/ObservationPredicate
instanceKlass io/micrometer/observation/ObservationFilter
instanceKlass org/springframework/boot/micrometer/observation/autoconfigure/ObservationRegistryPostProcessor
instanceKlass org/springframework/boot/micrometer/observation/autoconfigure/SpelValueExpressionResolver
instanceKlass io/micrometer/common/annotation/ValueExpressionResolver
instanceKlass org/springframework/boot/micrometer/observation/autoconfigure/ObservationAutoConfiguration
instanceKlass org/springframework/boot/micrometer/metrics/autoconfigure/CompositeMeterRegistryConfiguration
instanceKlass org/springframework/boot/micrometer/metrics/autoconfigure/NoOpMeterRegistryConfiguration
instanceKlass io/micrometer/core/instrument/simple/SimpleConfig
instanceKlass io/micrometer/core/instrument/config/MeterRegistryConfig
instanceKlass org/springframework/boot/micrometer/metrics/autoconfigure/export/simple/SimpleMetricsExportAutoConfiguration
instanceKlass org/springframework/boot/micrometer/metrics/autoconfigure/export/simple/SimpleProperties
instanceKlass org/springframework/boot/micrometer/metrics/autoconfigure/MetricsProperties$Observations
instanceKlass org/springframework/boot/micrometer/metrics/autoconfigure/MetricsProperties$Distribution
instanceKlass org/springframework/boot/micrometer/metrics/autoconfigure/MetricsProperties$System
instanceKlass org/springframework/boot/micrometer/metrics/autoconfigure/MetricsProperties$Web
instanceKlass org/springframework/boot/webflux/autoconfigure/WebFluxAutoConfiguration$WelcomePageConfiguration
instanceKlass org/springframework/boot/webflux/autoconfigure/WebFluxAutoConfiguration$WebFluxConfig
instanceKlass org/springframework/web/bind/support/ConfigurableWebBindingInitializer
instanceKlass org/springframework/web/reactive/result/HandlerResultHandlerSupport
instanceKlass org/springframework/web/reactive/function/server/support/HandlerFunctionAdapter
instanceKlass org/springframework/web/reactive/socket/server/support/WebSocketHandlerAdapter
instanceKlass org/springframework/web/reactive/function/server/support/ServerResponseResultHandler
instanceKlass org/springframework/web/reactive/HandlerResultHandler
instanceKlass org/springframework/web/reactive/result/SimpleHandlerAdapter
instanceKlass org/springframework/core/ReactiveAdapterRegistry
instanceKlass org/springframework/web/reactive/resource/ResourceUrlProvider
instanceKlass org/springframework/web/reactive/accept/RequestedContentTypeResolver
instanceKlass org/springframework/web/reactive/config/CorsRegistry
instanceKlass org/springframework/web/reactive/config/ApiVersionConfigurer
instanceKlass org/springframework/validation/MessageCodesResolver
instanceKlass org/springframework/web/reactive/result/method/annotation/ArgumentResolverConfigurer
instanceKlass org/springframework/web/reactive/config/BlockingExecutionConfigurer
instanceKlass org/springframework/web/reactive/config/ResourceHandlerRegistry
instanceKlass org/springframework/web/reactive/accept/RequestedContentTypeResolverBuilder
instanceKlass org/springframework/web/reactive/config/ViewResolverRegistry
instanceKlass org/springframework/web/reactive/config/PathMatchConfigurer
instanceKlass org/springframework/web/reactive/result/method/annotation/RequestMappingHandlerAdapter
instanceKlass org/springframework/web/reactive/DispatchExceptionHandler
instanceKlass org/springframework/web/reactive/HandlerAdapter
instanceKlass org/springframework/web/server/session/WebSessionStore
instanceKlass org/springframework/web/server/i18n/LocaleContextResolver
instanceKlass org/springframework/web/bind/support/WebBindingInitializer
instanceKlass org/springframework/boot/micrometer/metrics/autoconfigure/PropertiesMeterFilter
instanceKlass io/micrometer/core/instrument/config/MeterFilter
instanceKlass org/springframework/boot/micrometer/metrics/autoconfigure/MetricsAutoConfiguration$MeterRegistryCloser
instanceKlass org/springframework/boot/micrometer/metrics/autoconfigure/MeterRegistryPostProcessor
instanceKlass org/springframework/boot/micrometer/observation/autoconfigure/ObservationHandlerGroup
instanceKlass io/micrometer/core/instrument/observation/DefaultMeterObservationHandler
instanceKlass io/micrometer/core/instrument/observation/MeterObservationHandler
instanceKlass io/micrometer/observation/ObservationHandler
instanceKlass org/springframework/boot/micrometer/metrics/autoconfigure/CompositeMeterRegistryAutoConfiguration
instanceKlass org/springframework/boot/autoconfigure/web/WebResourcesRuntimeHints
instanceKlass org/springframework/boot/webflux/autoconfigure/WebFluxAutoConfiguration$WebFluxValidatorRuntimeHints
instanceKlass org/springframework/cloud/client/discovery/event/HeartbeatMonitor
instanceKlass org/springframework/cloud/gateway/config/GatewayAutoConfiguration$GatewayWebFluxApiVersionConfig
instanceKlass org/springframework/beans/factory/support/AbstractAutowireCapableBeanFactory$FactoryBeanMethodTypeFinder
instanceKlass org/springframework/cloud/gateway/filter/ForwardPathFilter
instanceKlass org/springframework/cloud/gateway/config/VersionProperties
instanceKlass org/springframework/cloud/gateway/support/config/KeyValueConverter
instanceKlass org/springframework/cloud/gateway/filter/headers/GRPCResponseHeadersFilter
instanceKlass org/springframework/cloud/gateway/route/RouteRefreshListener
instanceKlass org/springframework/cloud/gateway/filter/WeightCalculatorWebFilter
instanceKlass org/springframework/web/server/WebFilter
instanceKlass org/springframework/cloud/gateway/filter/headers/GRPCRequestHeadersFilter
instanceKlass org/springframework/cloud/gateway/filter/headers/XForwardedHeadersFilter
instanceKlass org/springframework/cloud/gateway/filter/RemoveCachedBodyFilter
instanceKlass org/springframework/cloud/gateway/handler/FilteringWebHandler
instanceKlass org/springframework/cloud/gateway/filter/RouteToRequestUrlFilter
instanceKlass org/springframework/cloud/gateway/filter/AdaptCachedBodyGlobalFilter
instanceKlass org/springframework/cloud/gateway/filter/headers/RemoveForwardedHeadersFilter
instanceKlass org/springframework/cloud/gateway/filter/headers/RemoveXForwardedHeadersFilter
instanceKlass org/springframework/cloud/gateway/filter/headers/ForwardedHeadersFilter
instanceKlass org/springframework/cloud/gateway/filter/headers/RemoveHopByHopHeadersFilter
instanceKlass org/springframework/cloud/gateway/filter/ForwardRoutingFilter
instanceKlass org/springframework/web/reactive/accept/ApiVersionStrategy
instanceKlass org/springframework/cloud/gateway/support/ConfigurationService
instanceKlass org/springframework/cloud/gateway/support/StringToZonedDateTimeConverter
instanceKlass org/springframework/cloud/gateway/config/PropertiesRouteDefinitionLocator
instanceKlass org/springframework/cloud/gateway/route/builder/RouteLocatorBuilder
instanceKlass org/springframework/cloud/gateway/route/InMemoryRouteDefinitionRepository
instanceKlass org/springframework/cloud/gateway/route/RouteDefinitionRepository
instanceKlass org/springframework/cloud/gateway/filter/factory/rewrite/GzipMessageBodyResolver
instanceKlass org/springframework/cloud/gateway/filter/factory/rewrite/MessageBodyEncoder
instanceKlass org/springframework/cloud/gateway/filter/factory/rewrite/MessageBodyDecoder
instanceKlass org/springframework/cloud/gateway/filter/ratelimit/PrincipalNameKeyResolver
instanceKlass org/springframework/cloud/gateway/filter/factory/SecureHeadersProperties
instanceKlass org/springframework/cloud/gateway/config/ConfigurableHintsRegistrationProcessor
instanceKlass org/springframework/cloud/gateway/filter/ratelimit/KeyResolver
instanceKlass org/springframework/cloud/gateway/filter/ratelimit/RateLimiter
instanceKlass org/springframework/cloud/gateway/support/StatefulConfigurable
instanceKlass org/springframework/cloud/gateway/filter/headers/TransferEncodingNormalizationHeadersFilter
instanceKlass org/springframework/cloud/gateway/filter/headers/HttpHeadersFilter
instanceKlass org/springframework/cloud/gateway/filter/cors/CorsGatewayFilterApplicationListener
instanceKlass org/springframework/cloud/gateway/config/GlobalCorsProperties
instanceKlass org/springframework/cloud/gateway/support/AbstractConfigurable
instanceKlass org/springframework/web/reactive/socket/server/WebSocketService
instanceKlass org/springframework/boot/webflux/autoconfigure/HttpHandlerAutoConfiguration
instanceKlass org/springframework/cloud/gateway/filter/WebsocketRoutingFilter
instanceKlass reactor/netty/http/websocket/WebsocketSpec$Builder
instanceKlass io/netty/handler/codec/http/HttpRequest
instanceKlass io/netty/handler/codec/http/HttpMessage
instanceKlass io/netty/handler/codec/http/HttpObject
instanceKlass io/netty/handler/codec/DecoderResultProvider
instanceKlass reactor/netty/http/server/ConnectionInfo
instanceKlass org/springframework/cloud/gateway/filter/headers/TrustedProxies
instanceKlass org/springframework/cloud/gateway/filter/NettyRoutingFilter
instanceKlass org/springframework/cloud/gateway/filter/NettyWriteResponseFilter
instanceKlass org/springframework/cloud/gateway/config/HttpServerProperties
instanceKlass org/springframework/web/reactive/socket/server/upgrade/ReactorNettyRequestUpgradeStrategy
instanceKlass org/springframework/web/reactive/socket/server/RequestUpgradeStrategy
instanceKlass org/springframework/web/reactive/socket/client/ReactorNettyWebSocketClient
instanceKlass org/springframework/web/reactive/socket/client/WebSocketClient
instanceKlass org/springframework/boot/reactor/netty/NettyServerCustomizer
instanceKlass org/springframework/cloud/gateway/config/GatewayProperties
instanceKlass org/springframework/cloud/gateway/config/HttpClientProperties
instanceKlass org/springframework/boot/reactor/netty/autoconfigure/NettyReactiveWebServerFactoryCustomizer
instanceKlass org/springframework/boot/web/server/WebServerFactoryCustomizer
instanceKlass org/springframework/cloud/gateway/config/AbstractSslConfigurer
instanceKlass org/springframework/cloud/gateway/config/GatewayAutoConfiguration$NettyConfiguration
instanceKlass org/springframework/cloud/gateway/route/RouteLocator
instanceKlass org/springframework/cloud/gateway/route/RouteDefinitionWriter
instanceKlass org/springframework/cloud/gateway/route/RouteDefinitionLocator
instanceKlass org/springframework/cloud/gateway/config/GatewayAutoConfiguration$GatewayActuatorConfiguration
instanceKlass org/springframework/cloud/gateway/discovery/DiscoveryLocatorProperties
instanceKlass org/springframework/cloud/gateway/discovery/GatewayDiscoveryClientAutoConfiguration
instanceKlass org/springframework/cloud/gateway/discovery/GatewayDiscoveryClientAutoConfiguration$ReactiveDiscoveryClientRouteDefinitionLocatorConfiguration
instanceKlass org/springframework/cloud/client/discovery/composite/CompositeDiscoveryClient
instanceKlass org/springframework/cloud/client/discovery/DiscoveryClient
instanceKlass org/springframework/beans/factory/config/AbstractFactoryBean
instanceKlass org/springframework/cloud/gateway/filter/headers/TrustedProxies$ConditionalOnPropertyExists
instanceKlass org/springframework/web/bind/annotation/ResponseBody
instanceKlass org/springframework/boot/actuate/endpoint/web/annotation/RestControllerEndpoint
instanceKlass org/springframework/cloud/gateway/actuate/AbstractGatewayControllerEndpoint
instanceKlass org/springframework/cloud/client/discovery/simple/SimpleDiscoveryClientAutoConfiguration
instanceKlass org/springframework/cloud/gateway/filter/LoadBalancerServiceInstanceCookieFilter
instanceKlass org/springframework/cloud/gateway/support/NameUtils
instanceKlass org/springframework/cloud/gateway/filter/ReactiveLoadBalancerClientFilter
instanceKlass org/springframework/cloud/gateway/config/GatewayReactiveLoadBalancerClientAutoConfiguration
instanceKlass org/springframework/cloud/gateway/config/GatewayLoadBalancerProperties
instanceKlass org/springframework/cloud/loadbalancer/annotation/LoadBalancerClientSpecification
instanceKlass org/springframework/cloud/context/named/NamedContextFactory$Specification
instanceKlass org/springframework/cloud/gateway/config/GatewayClassPathWarningAutoConfiguration
instanceKlass org/springframework/cloud/loadbalancer/aot/LoadBalancerChildContextInitializer
instanceKlass org/springframework/cloud/loadbalancer/support/LoadBalancerEagerContextInitializer
instanceKlass org/springframework/cloud/context/named/NamedContextFactory
instanceKlass org/springframework/cloud/client/loadbalancer/reactive/ReactiveLoadBalancer$Factory
instanceKlass org/springframework/cloud/loadbalancer/config/LoadBalancerZoneConfig
instanceKlass org/springframework/cloud/client/loadbalancer/reactive/LoadBalancerBeanPostProcessorAutoConfiguration
instanceKlass org/springframework/cloud/client/loadbalancer/reactive/ReactorLoadBalancerClientAutoConfiguration
instanceKlass org/springframework/cloud/client/loadbalancer/LoadBalancerEagerLoadProperties
instanceKlass org/springframework/cloud/client/loadbalancer/LoadBalancerProperties
instanceKlass org/springframework/cloud/gateway/config/GatewayAutoConfiguration
instanceKlass org/springframework/boot/autoconfigure/web/ErrorProperties
instanceKlass org/springframework/boot/autoconfigure/web/WebProperties$Resources
instanceKlass org/springframework/boot/webflux/error/DefaultErrorAttributes
instanceKlass org/springframework/http/codec/ServerCodecConfigurer
instanceKlass org/springframework/boot/webflux/error/ErrorAttributes
instanceKlass org/springframework/boot/webflux/error/ErrorWebExceptionHandler
instanceKlass org/springframework/web/server/WebExceptionHandler
instanceKlass org/springframework/boot/webflux/autoconfigure/error/ErrorWebFluxAutoConfiguration
instanceKlass org/springframework/boot/autoconfigure/web/WebProperties
instanceKlass org/springframework/boot/webflux/autoconfigure/WebFluxAutoConfiguration
instanceKlass org/springframework/boot/webflux/autoconfigure/WebFluxProperties$Apiversion
instanceKlass org/springframework/boot/webflux/autoconfigure/WebFluxProperties$Problemdetails
instanceKlass org/springframework/boot/webflux/autoconfigure/WebFluxProperties$Format
instanceKlass org/springframework/boot/web/server/autoconfigure/ServerProperties$Reactive
instanceKlass org/springframework/boot/web/server/autoconfigure/ServerProperties$Servlet
instanceKlass org/springframework/boot/web/server/Http2
instanceKlass org/springframework/boot/web/server/MimeMappings
instanceKlass org/springframework/boot/web/server/Compression
instanceKlass org/springframework/boot/web/server/Ssl
instanceKlass org/springframework/boot/webflux/autoconfigure/ReactiveMultipartAutoConfiguration
instanceKlass org/springframework/http/ResponseCookie$ResponseCookieBuilder
instanceKlass org/springframework/web/server/session/WebSessionIdResolver
instanceKlass org/springframework/boot/webflux/autoconfigure/WebSessionIdResolverAutoConfiguration
instanceKlass org/springframework/boot/web/server/autoconfigure/ServerProperties
instanceKlass org/springframework/boot/webflux/autoconfigure/WebFluxProperties
instanceKlass org/springframework/boot/webflux/autoconfigure/ReactiveMultipartProperties
instanceKlass org/springframework/boot/validation/autoconfigure/ValidationConfigurationCustomizer
instanceKlass org/springframework/validation/beanvalidation/SpringValidatorAdapter
instanceKlass org/springframework/validation/SmartValidator
instanceKlass org/springframework/aop/framework/ProxyConfig
instanceKlass org/springframework/boot/validation/autoconfigure/ValidationAutoConfiguration
instanceKlass org/springframework/boot/http/codec/autoconfigure/CodecsAutoConfiguration
instanceKlass org/springframework/core/codec/Encoder
instanceKlass org/springframework/core/codec/Decoder
instanceKlass org/springframework/aop/scope/ScopedProxyUtils
instanceKlass org/springframework/boot/http/codec/autoconfigure/CodecsAutoConfiguration$JacksonJsonCodecConfiguration
instanceKlass org/springframework/boot/http/codec/autoconfigure/CodecsAutoConfiguration$DefaultCodecsConfiguration$DefaultCodecCustomizer
instanceKlass org/springframework/boot/http/codec/CodecCustomizer
instanceKlass org/springframework/boot/http/codec/autoconfigure/CodecsAutoConfiguration$DefaultCodecsConfiguration
instanceKlass org/springframework/boot/jackson2/autoconfigure/Jackson2AutoConfiguration
instanceKlass org/springframework/boot/jackson2/JsonMixinModuleEntries
instanceKlass org/springframework/boot/jackson2/autoconfigure/Jackson2AutoConfiguration$JacksonMixinConfiguration
instanceKlass org/springframework/boot/http/codec/autoconfigure/HttpCodecsProperties
instanceKlass org/springframework/boot/jackson2/autoconfigure/Jackson2AutoConfiguration$JacksonObjectMapperConfiguration
instanceKlass org/springframework/boot/jackson2/autoconfigure/Jackson2AutoConfiguration$ParameterNamesModuleConfiguration
instanceKlass org/springframework/boot/jackson2/autoconfigure/Jackson2AutoConfiguration$Jackson2ObjectMapperBuilderCustomizerConfiguration$StandardJackson2ObjectMapperBuilderCustomizer
instanceKlass org/springframework/boot/jackson2/autoconfigure/Jackson2ObjectMapperBuilderCustomizer
instanceKlass org/springframework/boot/jackson2/autoconfigure/Jackson2AutoConfiguration$Jackson2ObjectMapperBuilderCustomizerConfiguration
instanceKlass org/springframework/boot/jackson2/autoconfigure/Jackson2AutoConfiguration$JacksonObjectMapperBuilderConfiguration
instanceKlass org/springframework/boot/jackson2/autoconfigure/Jackson2Properties$Datatype
instanceKlass org/springframework/boot/jackson2/autoconfigure/Jackson2Properties
instanceKlass org/springframework/boot/jackson/JacksonMixinModuleEntries
instanceKlass org/springframework/boot/jackson/autoconfigure/JacksonAutoConfiguration$JacksonMixinConfiguration
instanceKlass org/springframework/boot/jackson/autoconfigure/JacksonAutoConfiguration$AbstractFactoryBuilderCustomizer
instanceKlass org/springframework/boot/jackson/autoconfigure/JsonFactoryBuilderCustomizer
instanceKlass org/springframework/boot/jackson/autoconfigure/JacksonAutoConfiguration$AbstractMapperBuilderCustomizer
instanceKlass org/springframework/boot/jackson/autoconfigure/JacksonAutoConfiguration$JacksonJsonCustomizerConfiguration
instanceKlass org/springframework/boot/jackson/autoconfigure/JacksonAutoConfiguration$JsonProblemDetailsConfiguration$ProblemDetailJsonMapperBuilderCustomizer
instanceKlass org/springframework/boot/jackson/autoconfigure/JsonMapperBuilderCustomizer
instanceKlass org/springframework/boot/jackson/autoconfigure/JacksonAutoConfiguration$JsonProblemDetailsConfiguration
instanceKlass org/springframework/context/annotation/BeanAnnotationHelper
instanceKlass org/springframework/boot/jackson/autoconfigure/JacksonAutoConfiguration
instanceKlass org/springframework/boot/context/properties/BindMethodAttribute
instanceKlass org/springframework/boot/jackson/autoconfigure/JacksonProperties$Factory
instanceKlass org/springframework/boot/jackson/autoconfigure/JacksonProperties$Json
instanceKlass org/springframework/boot/jackson/autoconfigure/JacksonProperties$Datatype
instanceKlass org/springframework/boot/context/properties/ConfigurationPropertiesBean
instanceKlass org/springframework/boot/context/properties/ConfigurationPropertiesBeanRegistrar
instanceKlass org/springframework/boot/validation/beanvalidation/MethodValidationExcludeFilter
instanceKlass org/springframework/boot/context/properties/BoundConfigurationProperties
instanceKlass org/springframework/boot/context/properties/ConfigurationPropertiesBinder$ConfigurationPropertiesBinderFactory
instanceKlass org/springframework/validation/Validator
instanceKlass org/springframework/boot/context/properties/ConfigurationPropertiesBinder
instanceKlass org/springframework/boot/jackson/autoconfigure/JacksonProperties
instanceKlass org/springframework/core/type/StandardMethodMetadata
instanceKlass org/springframework/context/annotation/ConfigurationBeanNameGenerator
instanceKlass org/springframework/boot/autoconfigure/condition/OnBeanCondition$MatchResult
instanceKlass org/springframework/core/io/support/PropertiesLoaderSupport
instanceKlass org/springframework/boot/autoconfigure/context/PropertyPlaceholderAutoConfiguration
instanceKlass org/springframework/beans/factory/config/ConstructorArgumentValues$ValueHolder
instanceKlass org/springframework/beans/factory/config/ConstructorArgumentValues
instanceKlass org/springframework/boot/autoconfigure/AutoConfigurationPackages$BasePackages
instanceKlass org/springframework/boot/autoconfigure/AutoConfigurationPackages
instanceKlass org/springframework/boot/autoconfigure/AutoConfigurationPackages$PackageImports
instanceKlass org/springframework/context/annotation/ConfigurationClassBeanDefinitionReader$TrackedConditionEvaluator
instanceKlass org/springframework/beans/factory/BeanRegistry
instanceKlass org/springframework/context/annotation/ConfigurationClassBeanDefinitionReader
instanceKlass org/springframework/web/reactive/config/WebFluxConfigurationSupport
instanceKlass org/springframework/web/reactive/config/EnableWebFlux
instanceKlass org/springframework/boot/actuate/autoconfigure/web/server/ManagementContextConfigurationImportSelector$ManagementConfiguration
instanceKlass org/springframework/boot/actuate/autoconfigure/web/ManagementContextConfiguration
instanceKlass org/springframework/context/annotation/ConfigurationClassParser$DefaultDeferredImportSelectorGroup
instanceKlass org/springframework/boot/actuate/autoconfigure/web/server/ManagementContextConfigurationImportSelector
instanceKlass org/springframework/boot/actuate/autoconfigure/web/server/EnableManagementContext
instanceKlass org/springframework/cache/caffeine/CaffeineCacheManager
instanceKlass com/stoyanr/evictor/ConcurrentMapWithTimedEviction
instanceKlass org/springframework/cloud/loadbalancer/core/ReactorLoadBalancer
instanceKlass org/springframework/cloud/context/refresh/ContextRefresher
instanceKlass org/springframework/boot/http/client/autoconfigure/service/HttpServiceClientProperties
instanceKlass org/springframework/cloud/client/ReactiveCommonsClientAutoConfiguration
instanceKlass org/springframework/cloud/client/discovery/composite/reactive/ReactiveCompositeDiscoveryClientAutoConfiguration
instanceKlass org/springframework/cloud/netflix/eureka/EurekaClientAutoConfiguration
instanceKlass org/springframework/cloud/netflix/eureka/reactive/EurekaReactiveDiscoveryClientConfiguration
instanceKlass org/springframework/boot/autoconfigure/ImportAutoConfiguration
instanceKlass org/springframework/boot/health/contributor/ReactiveHealthIndicator
instanceKlass org/springframework/boot/health/contributor/ReactiveHealthContributor
instanceKlass org/springframework/web/client/support/RestClientHttpServiceGroupConfigurer
instanceKlass org/springframework/web/reactive/function/client/support/WebClientHttpServiceGroupConfigurer
instanceKlass org/springframework/web/service/registry/HttpServiceGroupConfigurer
instanceKlass org/springframework/cloud/client/circuitbreaker/ReactiveCircuitBreaker
instanceKlass org/springframework/cloud/client/circuitbreaker/CircuitBreaker
instanceKlass org/springframework/boot/health/contributor/HealthIndicator
instanceKlass org/springframework/boot/health/contributor/HealthContributor
instanceKlass org/springframework/cloud/client/ConditionalOnDiscoveryHealthIndicatorEnabled
instanceKlass org/springframework/cloud/netflix/eureka/EurekaClientAutoConfiguration$ConditionalOnMissingRefreshScope
instanceKlass org/springframework/cloud/context/config/annotation/RefreshScope
instanceKlass org/springframework/cloud/autoconfigure/RefreshAutoConfiguration
instanceKlass org/springframework/cloud/netflix/eureka/EurekaClientAutoConfiguration$ConditionalOnRefreshScope
instanceKlass com/netflix/discovery/AbstractDiscoveryClientOptionalArgs
instanceKlass org/springframework/cloud/client/ConditionalOnBlockingDiscoveryEnabled
instanceKlass org/springframework/cloud/util/ConditionalOnBootstrapDisabled
instanceKlass org/springframework/cloud/util/ConditionalOnBootstrapEnabled
instanceKlass org/springframework/boot/actuate/autoconfigure/web/server/ConditionalOnManagementPort
instanceKlass org/springframework/boot/web/server/autoconfigure/reactive/ReactiveWebServerConfiguration$BeanPostProcessorsRegistrar
instanceKlass org/springframework/boot/micrometer/metrics/actuate/endpoint/MetricsEndpoint
instanceKlass org/springframework/boot/reactor/netty/autoconfigure/ReactorNettyConfigurations
instanceKlass reactor/netty/http/client/HttpClient$RequestSender
instanceKlass io/netty/handler/codec/http/cookie/Cookie
instanceKlass reactor/netty/http/client/HttpClient$WebsocketSender
instanceKlass reactor/netty/http/client/HttpClient$WebsocketReceiver
instanceKlass reactor/netty/http/client/HttpClient$ResponseReceiver
instanceKlass reactor/netty/http/client/HttpClient$UriConfiguration
instanceKlass io/netty/resolver/AddressResolverGroup
instanceKlass reactor/netty/transport/TransportConfig
instanceKlass reactor/netty/resources/LoopResources
instanceKlass reactor/core/Disposable
instanceKlass reactor/netty/transport/ClientTransport$ResolvedAddressSelector
instanceKlass org/springframework/boot/http/client/ReactorHttpClientBuilder
instanceKlass org/springframework/boot/http/client/reactive/AbstractClientHttpConnectorBuilder
instanceKlass org/springframework/boot/http/client/reactive/ReactorClientHttpConnectorBuilder$Classes
instanceKlass org/springframework/boot/http/client/reactive/ClientHttpConnectorBuilder
instanceKlass org/springframework/boot/health/autoconfigure/contributor/ConditionalOnEnabledHealthIndicator
instanceKlass reactor/core/publisher/Flux
instanceKlass org/springframework/boot/devtools/restart/RestartScope
instanceKlass org/springframework/boot/devtools/restart/ConditionalOnInitializedRestarter
instanceKlass org/springframework/boot/devtools/autoconfigure/ConditionalOnEnabledDevTools
instanceKlass org/springframework/cache/support/AbstractValueAdaptingCache
instanceKlass org/springframework/boot/cache/metrics/CacheMeterBinderProvider
instanceKlass org/springframework/boot/cache/actuate/endpoint/CachesEndpoint
instanceKlass org/springframework/cache/Cache
instanceKlass org/springframework/boot/cache/autoconfigure/NoOpCacheConfiguration
instanceKlass org/springframework/boot/cache/autoconfigure/SimpleCacheConfiguration
instanceKlass org/springframework/boot/cache/autoconfigure/Cache2kCacheConfiguration
instanceKlass org/springframework/boot/cache/autoconfigure/CaffeineCacheConfiguration
instanceKlass org/springframework/boot/cache/autoconfigure/RedisCacheConfiguration
instanceKlass org/springframework/boot/cache/autoconfigure/CouchbaseCacheConfiguration
instanceKlass org/springframework/boot/cache/autoconfigure/JCacheCacheConfiguration
instanceKlass org/springframework/boot/cache/autoconfigure/InfinispanCacheConfiguration
instanceKlass org/springframework/boot/cache/autoconfigure/HazelcastCacheConfiguration
instanceKlass org/springframework/boot/cache/autoconfigure/GenericCacheConfiguration
instanceKlass org/springframework/boot/cache/autoconfigure/CacheConfigurations
instanceKlass org/springframework/boot/cache/autoconfigure/CacheAutoConfiguration$CacheConfigurationImportSelector
instanceKlass org/springframework/scheduling/annotation/AsyncConfigurer
instanceKlass org/springframework/boot/autoconfigure/condition/ConditionalOnThreading
instanceKlass org/springframework/boot/actuate/web/exchanges/HttpExchangesEndpoint
instanceKlass org/springframework/boot/context/metrics/buffering/BufferingApplicationStartup
instanceKlass org/springframework/boot/actuate/scheduling/ScheduledTasksEndpoint$ScheduledTasksEndpointRuntimeHints
instanceKlass org/springframework/boot/actuate/scheduling/ScheduledTasksEndpoint
instanceKlass org/springframework/boot/actuate/sbom/SbomEndpoint$SbomEndpointRuntimeHints
instanceKlass org/springframework/aot/hint/RuntimeHintsRegistrar
instanceKlass org/springframework/boot/actuate/sbom/SbomEndpoint
instanceKlass org/springframework/boot/actuate/management/ThreadDumpEndpoint
instanceKlass org/springframework/boot/actuate/management/HeapDumpWebEndpoint
instanceKlass org/springframework/boot/actuate/logging/LoggersEndpoint$LoggerLevelsDescriptor
instanceKlass org/springframework/boot/actuate/endpoint/OperationResponseBody
instanceKlass org/springframework/aot/hint/annotation/RegisterReflection
instanceKlass org/springframework/aot/hint/annotation/RegisterReflectionForBinding
instanceKlass org/springframework/boot/actuate/logging/LoggersEndpoint
instanceKlass org/springframework/boot/actuate/endpoint/annotation/DiscovererEndpointFilter
instanceKlass org/springframework/boot/actuate/endpoint/annotation/FilteredEndpoint
instanceKlass org/springframework/boot/actuate/endpoint/web/annotation/WebEndpoint
instanceKlass org/springframework/boot/actuate/logging/LogFileWebEndpoint
instanceKlass org/springframework/boot/actuate/info/InfoEndpoint
instanceKlass org/springframework/boot/actuate/autoconfigure/info/ConditionalOnEnabledInfoContributor
instanceKlass org/springframework/boot/actuate/context/properties/ConfigurationPropertiesReportEndpoint
instanceKlass org/springframework/boot/actuate/context/ShutdownEndpoint
instanceKlass org/springframework/boot/actuate/autoconfigure/condition/ConditionsReportEndpoint
instanceKlass org/springframework/boot/actuate/beans/BeansEndpoint
instanceKlass org/springframework/boot/actuate/autoconfigure/endpoint/expose/IncludeExcludeEndpointFilter$EndpointPatterns
instanceKlass org/springframework/boot/actuate/endpoint/ExposableEndpoint
instanceKlass org/springframework/boot/actuate/autoconfigure/endpoint/expose/IncludeExcludeEndpointFilter
instanceKlass org/springframework/boot/actuate/endpoint/EndpointFilter
instanceKlass org/springframework/boot/actuate/autoconfigure/endpoint/condition/OnAvailableEndpointCondition$StandardExposureOutcomeContributor
instanceKlass org/springframework/boot/actuate/autoconfigure/endpoint/condition/EndpointExposureOutcomeContributor
instanceKlass org/springframework/boot/actuate/autoconfigure/endpoint/PropertiesEndpointAccessResolver
instanceKlass org/springframework/boot/actuate/endpoint/EndpointAccessResolver
instanceKlass org/springframework/boot/actuate/endpoint/EndpointId
instanceKlass org/springframework/aot/hint/annotation/SimpleReflectiveProcessor
instanceKlass org/springframework/aot/hint/annotation/ReflectiveProcessor
instanceKlass org/springframework/aot/hint/annotation/Reflective
instanceKlass org/springframework/boot/actuate/audit/AuditEventsEndpoint
instanceKlass org/springframework/boot/autoconfigure/condition/ConditionalOnExpression
instanceKlass org/springframework/boot/micrometer/metrics/autoconfigure/export/ConditionalOnEnabledMetricsExport
instanceKlass org/springframework/boot/autoconfigure/web/WebProperties$Resources$Chain
instanceKlass org/springframework/boot/autoconfigure/web/ConditionalOnEnabledResourceChain
instanceKlass org/springframework/boot/reactor/netty/autoconfigure/NettyServerProperties
instanceKlass org/springframework/boot/actuate/autoconfigure/endpoint/web/WebEndpointProperties
instanceKlass org/springframework/cloud/gateway/config/conditional/OnEnabledPredicate$DefaultValue
instanceKlass org/springframework/cloud/gateway/handler/predicate/RoutePredicateFactory
instanceKlass org/springframework/cloud/gateway/config/conditional/ConditionalOnEnabledPredicate
instanceKlass org/springframework/cloud/gateway/config/conditional/OnEnabledFilter$DefaultValue
instanceKlass org/springframework/cloud/gateway/filter/factory/GatewayFilterFactory
instanceKlass org/springframework/cloud/gateway/support/Configurable
instanceKlass org/springframework/cloud/gateway/support/ShortcutConfigurable
instanceKlass org/springframework/cloud/gateway/config/conditional/ConditionalOnEnabledFilter
instanceKlass org/springframework/cloud/gateway/config/conditional/OnEnabledGlobalFilter$DefaultValue
instanceKlass org/springframework/cloud/gateway/filter/GlobalFilter
instanceKlass org/springframework/cloud/gateway/config/conditional/ConditionalOnEnabledGlobalFilter
instanceKlass org/springframework/cloud/loadbalancer/annotation/LoadBalancerClient
instanceKlass org/springframework/cloud/loadbalancer/annotation/LoadBalancerClients
instanceKlass org/springframework/boot/autoconfigure/condition/OnWebApplicationCondition$1
instanceKlass org/springframework/boot/validation/autoconfigure/PrimaryDefaultValidatorPostProcessor
instanceKlass org/springframework/boot/autoconfigure/condition/ConditionalOnResource
instanceKlass org/springframework/boot/autoconfigure/condition/OnPropertyCondition$Spec
instanceKlass org/springframework/boot/autoconfigure/condition/ConditionalOnBooleanProperties
instanceKlass org/springframework/boot/autoconfigure/condition/ConditionalOnBooleanProperty
instanceKlass java/util/stream/Streams$2
instanceKlass java/util/stream/Streams$ConcatSpliterator
instanceKlass org/springframework/boot/autoconfigure/condition/AbstractNestedCondition$MemberOutcomes
instanceKlass org/springframework/boot/autoconfigure/condition/AbstractNestedCondition$MemberMatchOutcomes
instanceKlass org/springframework/boot/autoconfigure/condition/AbstractNestedCondition$MemberConditions
instanceKlass com/fasterxml/jackson/databind/Module
instanceKlass com/fasterxml/jackson/databind/ser/BeanSerializerModifier
instanceKlass com/fasterxml/jackson/databind/ser/Serializers
instanceKlass com/fasterxml/jackson/databind/cfg/SerializerFactoryConfig
instanceKlass com/fasterxml/jackson/databind/ser/std/StdJdkSerializers
instanceKlass com/fasterxml/jackson/databind/ser/std/NumberSerializers
instanceKlass com/fasterxml/jackson/databind/deser/DeserializerCache
instanceKlass com/fasterxml/jackson/databind/KeyDeserializer
instanceKlass com/fasterxml/jackson/databind/deser/std/StdKeyDeserializers
instanceKlass com/fasterxml/jackson/databind/deser/KeyDeserializers
instanceKlass com/fasterxml/jackson/databind/deser/ValueInstantiators
instanceKlass com/fasterxml/jackson/databind/AbstractTypeResolver
instanceKlass com/fasterxml/jackson/databind/deser/BeanDeserializerModifier
instanceKlass com/fasterxml/jackson/databind/cfg/DeserializerFactoryConfig
instanceKlass com/fasterxml/jackson/databind/deser/Deserializers
instanceKlass org/springframework/boot/autoconfigure/condition/ConditionalOnMissingClass
instanceKlass org/springframework/context/annotation/ConfigurationMethod
instanceKlass org/springframework/core/annotation/MergedAnnotationCollectors
instanceKlass org/springframework/core/annotation/MergedAnnotationPredicates$UniquePredicate
instanceKlass org/springframework/core/annotation/MergedAnnotationsCollection$AnnotationsSpliterator
instanceKlass org/springframework/context/annotation/ImportRuntimeHints
instanceKlass org/springframework/context/annotation/DeferredImportSelector$Group$Entry
instanceKlass com/fasterxml/jackson/databind/deser/ResolvableDeserializer
instanceKlass com/fasterxml/jackson/databind/deser/ValueInstantiator$Gettable
instanceKlass com/fasterxml/jackson/databind/deser/ContextualDeserializer
instanceKlass com/fasterxml/jackson/databind/JsonDeserializer
instanceKlass com/fasterxml/jackson/databind/deser/NullValueProvider
instanceKlass org/springframework/boot/context/properties/ConfigurationProperties
instanceKlass com/fasterxml/jackson/databind/ser/SerializerCache
instanceKlass com/fasterxml/jackson/databind/ser/ResolvableSerializer
instanceKlass org/springframework/boot/autoconfigure/AutoConfigureOrder
instanceKlass com/fasterxml/jackson/databind/ser/ContextualSerializer
instanceKlass com/fasterxml/jackson/databind/jsonschema/SchemaAware
instanceKlass com/fasterxml/jackson/databind/JsonSerializer
instanceKlass com/fasterxml/jackson/databind/jsonFormatVisitors/JsonFormatVisitable
instanceKlass org/springframework/asm/TypePath
instanceKlass com/fasterxml/jackson/databind/node/JsonNodeFactory
instanceKlass com/fasterxml/jackson/databind/node/JsonNodeCreator
instanceKlass org/springframework/boot/autoconfigure/condition/ConditionalOnMissingBean
instanceKlass com/fasterxml/jackson/databind/cfg/ContextAttributes
instanceKlass com/fasterxml/jackson/databind/cfg/DatatypeFeature
instanceKlass com/fasterxml/jackson/databind/cfg/DatatypeFeatures$DefaultHolder
instanceKlass com/fasterxml/jackson/databind/cfg/DatatypeFeatures
instanceKlass com/fasterxml/jackson/core/util/DefaultPrettyPrinter$NopIndenter
instanceKlass org/springframework/boot/context/properties/EnableConfigurationPropertiesRegistrar
instanceKlass com/fasterxml/jackson/core/util/Separators
instanceKlass org/springframework/boot/context/properties/EnableConfigurationProperties
instanceKlass com/fasterxml/jackson/core/util/DefaultPrettyPrinter$Indenter
instanceKlass com/fasterxml/jackson/core/util/DefaultPrettyPrinter
instanceKlass com/fasterxml/jackson/core/util/Instantiatable
instanceKlass com/fasterxml/jackson/databind/cfg/ConfigFeature
instanceKlass com/fasterxml/jackson/databind/cfg/ConfigOverride
instanceKlass org/springframework/cloud/client/ConditionalOnReactiveDiscoveryEnabled
instanceKlass org/springframework/boot/autoconfigure/condition/ConditionalOnProperties
instanceKlass com/fasterxml/jackson/core/PrettyPrinter
instanceKlass com/fasterxml/jackson/databind/cfg/CoercionConfig
instanceKlass com/fasterxml/jackson/databind/cfg/CoercionConfigs
instanceKlass org/springframework/boot/autoconfigure/condition/ConditionalOnProperty
instanceKlass com/fasterxml/jackson/databind/introspect/VisibilityChecker$Std
instanceKlass org/springframework/cloud/client/ConditionalOnDiscoveryEnabled
instanceKlass com/fasterxml/jackson/databind/cfg/ConfigOverrides
instanceKlass com/fasterxml/jackson/databind/introspect/AnnotatedClass$Creators
instanceKlass com/fasterxml/jackson/databind/introspect/AnnotationCollector$NoAnnotations
instanceKlass com/fasterxml/jackson/databind/util/Annotations
instanceKlass com/fasterxml/jackson/databind/introspect/AnnotationCollector
instanceKlass com/fasterxml/jackson/databind/introspect/AnnotatedClassResolver
instanceKlass com/fasterxml/jackson/databind/BeanDescription
instanceKlass com/fasterxml/jackson/databind/cfg/MapperConfig
instanceKlass com/fasterxml/jackson/databind/introspect/SimpleMixInResolver
instanceKlass com/fasterxml/jackson/databind/introspect/ClassIntrospector$MixInResolver
instanceKlass com/fasterxml/jackson/databind/util/RootNameLookup
instanceKlass com/fasterxml/jackson/core/sym/CharsToNameCanonicalizer$Bucket
instanceKlass com/fasterxml/jackson/core/sym/CharsToNameCanonicalizer$TableInfo
instanceKlass com/fasterxml/jackson/core/sym/CharsToNameCanonicalizer
instanceKlass com/fasterxml/jackson/core/ErrorReportConfiguration
instanceKlass com/fasterxml/jackson/core/StreamWriteConstraints
instanceKlass com/fasterxml/jackson/core/StreamReadConstraints
instanceKlass com/fasterxml/jackson/core/util/RecyclerPool$WithPool
instanceKlass com/fasterxml/jackson/core/util/RecyclerPool$ThreadLocalPoolBase
instanceKlass com/fasterxml/jackson/core/util/RecyclerPool
instanceKlass com/fasterxml/jackson/core/util/JsonRecyclerPools
instanceKlass com/fasterxml/jackson/core/sym/ByteQuadsCanonicalizer$TableInfo
instanceKlass com/fasterxml/jackson/core/sym/ByteQuadsCanonicalizer
instanceKlass com/fasterxml/jackson/core/io/CharTypes
instanceKlass org/springframework/boot/autoconfigure/AutoConfigureAfter
instanceKlass org/springframework/boot/autoconfigure/AutoConfigureBefore
instanceKlass com/fasterxml/jackson/core/io/JsonStringEncoder
instanceKlass org/springframework/boot/autoconfigure/AutoConfigurationSorter$AutoConfigurationClass
instanceKlass com/fasterxml/jackson/core/io/SerializedString
instanceKlass org/springframework/boot/autoconfigure/AutoConfigurationSorter$AutoConfigurationClasses
instanceKlass com/fasterxml/jackson/core/util/JacksonFeature
instanceKlass org/springframework/boot/autoconfigure/AutoConfigurationSorter
instanceKlass com/fasterxml/jackson/core/async/ByteBufferFeeder
instanceKlass com/fasterxml/jackson/core/async/ByteArrayFeeder
instanceKlass com/fasterxml/jackson/core/async/NonBlockingInputFeeder
instanceKlass org/springframework/boot/autoconfigure/condition/ConditionEvaluationReportAutoConfigurationImportListener
instanceKlass com/fasterxml/jackson/core/TSFBuilder
instanceKlass com/fasterxml/jackson/core/SerializableString
instanceKlass org/springframework/boot/autoconfigure/AutoConfigurationImportListener
instanceKlass org/springframework/cache/interceptor/AbstractCacheInvoker
instanceKlass com/fasterxml/jackson/databind/cfg/DefaultCacheProvider
instanceKlass com/fasterxml/jackson/databind/cfg/CacheProvider
instanceKlass com/fasterxml/jackson/databind/introspect/AccessorNamingStrategy
instanceKlass com/fasterxml/jackson/core/Base64Variant
instanceKlass com/fasterxml/jackson/core/Base64Variants
instanceKlass org/springframework/boot/actuate/web/exchanges/HttpExchangeRepository
instanceKlass org/springframework/boot/health/actuate/endpoint/HealthEndpointGroups
instanceKlass org/springframework/boot/actuate/endpoint/web/WebEndpointsSupplier
instanceKlass org/springframework/boot/actuate/endpoint/EndpointsSupplier
instanceKlass com/fasterxml/jackson/databind/type/TypeBindings
instanceKlass org/springframework/web/service/registry/HttpServiceProxyRegistry
instanceKlass org/springframework/boot/restclient/RestTemplateBuilder
instanceKlass com/fasterxml/jackson/databind/type/TypeParser
instanceKlass org/springframework/web/client/RestClient$Builder
instanceKlass org/springframework/cloud/context/environment/EnvironmentManager
instanceKlass org/springframework/boot/context/properties/ConfigurationPropertiesBindingPostProcessor
instanceKlass org/springframework/boot/health/registry/HealthContributorRegistry
instanceKlass org/springframework/boot/health/contributor/HealthContributors
instanceKlass com/fasterxml/jackson/databind/type/TypeFactory
instanceKlass org/springframework/boot/actuate/audit/AuditEventRepository
instanceKlass org/springframework/boot/ssl/SslBundles
instanceKlass io/micrometer/core/instrument/Clock
instanceKlass org/springframework/boot/autoconfigure/condition/ConditionalOnSingleCandidate
instanceKlass org/springframework/boot/autoconfigure/condition/ConditionalOnBean
instanceKlass org/springframework/web/reactive/HandlerResult
instanceKlass com/fasterxml/jackson/databind/cfg/BaseSettings
instanceKlass org/springframework/web/context/ConfigurableWebApplicationContext
instanceKlass org/springframework/boot/autoconfigure/condition/ConditionalOnWebApplication
instanceKlass org/springframework/boot/autoconfigure/condition/ConditionEvaluationReport$ConditionAndOutcome
instanceKlass com/fasterxml/jackson/databind/util/internal/Linked
instanceKlass org/springframework/boot/autoconfigure/condition/ConditionEvaluationReport$ConditionAndOutcomes
instanceKlass org/springframework/jmx/support/MBeanRegistrationSupport
instanceKlass com/fasterxml/jackson/databind/util/internal/PrivateMaxEntriesMap$Builder
instanceKlass com/fasterxml/jackson/databind/util/LRUMap
instanceKlass com/fasterxml/jackson/databind/util/LookupCache
instanceKlass org/springframework/jmx/export/MBeanExportOperations
instanceKlass com/fasterxml/jackson/databind/util/ClassUtil$Ctor
instanceKlass javax/sql/DataSource
instanceKlass com/fasterxml/jackson/databind/util/ClassUtil
instanceKlass java/sql/Wrapper
instanceKlass javax/sql/CommonDataSource
instanceKlass org/springframework/cache/CacheManager
instanceKlass org/springframework/boot/cache/autoconfigure/CacheAutoConfiguration
instanceKlass com/fasterxml/jackson/databind/ext/Java7Support
instanceKlass org/springframework/cloud/loadbalancer/annotation/LoadBalancerClientConfigurationRegistrar
instanceKlass com/fasterxml/jackson/databind/annotation/JsonDeserialize
instanceKlass com/fasterxml/jackson/databind/annotation/JsonSerialize
instanceKlass com/netflix/discovery/EurekaClient
instanceKlass com/netflix/discovery/shared/LookupService
instanceKlass org/springframework/boot/actuate/env/EnvironmentEndpoint
instanceKlass org/springframework/boot/actuate/autoconfigure/env/EnvironmentEndpointProperties
instanceKlass org/springframework/web/reactive/function/client/WebClient
instanceKlass org/springframework/boot/actuate/autoconfigure/endpoint/EndpointAutoConfiguration
instanceKlass com/fasterxml/jackson/databind/introspect/ConcreteBeanPropertyBase
instanceKlass com/fasterxml/jackson/databind/BeanProperty
instanceKlass org/springframework/http/codec/CodecConfigurer
instanceKlass org/springframework/boot/actuate/web/mappings/MappingsEndpoint
instanceKlass org/springframework/cloud/context/scope/GenericScope
instanceKlass com/fasterxml/jackson/databind/introspect/BeanPropertyDefinition
instanceKlass com/fasterxml/jackson/databind/util/Named
instanceKlass org/springframework/boot/actuate/endpoint/annotation/Endpoint
instanceKlass org/springframework/boot/health/contributor/Health
instanceKlass org/springframework/boot/health/actuate/endpoint/HealthEndpointSupport
instanceKlass com/fasterxml/jackson/databind/introspect/TypeResolutionContext
instanceKlass org/springframework/http/converter/json/Jackson2ObjectMapperBuilder
instanceKlass com/fasterxml/jackson/databind/introspect/Annotated
instanceKlass org/springframework/web/server/session/WebSessionManager
instanceKlass org/springframework/util/CustomizableThreadCreator
instanceKlass org/springframework/scheduling/TaskScheduler
instanceKlass org/springframework/scheduling/SchedulingTaskExecutor
instanceKlass com/fasterxml/jackson/databind/Module$SetupContext
instanceKlass org/springframework/core/task/AsyncTaskExecutor
instanceKlass org/springframework/core/task/TaskExecutor
instanceKlass io/micrometer/core/instrument/binder/jvm/ExecutorServiceMetrics
instanceKlass org/springframework/web/reactive/config/WebFluxConfigurer
instanceKlass org/springframework/http/codec/LoggingCodecSupport
instanceKlass com/fasterxml/jackson/core/type/ResolvedType
instanceKlass org/springframework/http/codec/HttpMessageReader
instanceKlass com/fasterxml/jackson/core/util/BufferRecycler$Gettable
instanceKlass io/micrometer/core/instrument/binder/logging/Log4j2Metrics
instanceKlass io/micrometer/core/instrument/binder/MeterBinder
instanceKlass org/springframework/http/server/reactive/HttpHandler
instanceKlass reactor/core/publisher/Hooks
instanceKlass com/fasterxml/jackson/core/JsonParser
instanceKlass io/netty/util/NettyRuntime
instanceKlass org/springframework/boot/actuate/autoconfigure/web/server/ManagementContextFactory
instanceKlass org/springframework/http/ReactiveHttpInputMessage
instanceKlass reactor/netty/transport/Transport
instanceKlass com/fasterxml/jackson/databind/JsonSerializable$Base
instanceKlass com/fasterxml/jackson/databind/JsonSerializable
instanceKlass com/fasterxml/jackson/core/TreeNode
instanceKlass com/fasterxml/jackson/databind/introspect/ClassIntrospector
instanceKlass org/springframework/http/client/reactive/ClientHttpConnector
instanceKlass com/fasterxml/jackson/databind/introspect/VisibilityChecker
instanceKlass org/springframework/boot/micrometer/metrics/autoconfigure/MetricsProperties
instanceKlass com/fasterxml/jackson/databind/jsontype/TypeResolverBuilder
instanceKlass org/springframework/web/client/support/RestClientAdapter
instanceKlass org/springframework/web/service/invoker/HttpExchangeAdapter
instanceKlass org/springframework/boot/restclient/observation/ObservationRestTemplateCustomizer
instanceKlass org/springframework/boot/restclient/RestTemplateCustomizer
instanceKlass com/fasterxml/jackson/databind/jsontype/PolymorphicTypeValidator
instanceKlass org/springframework/boot/restclient/observation/ObservationRestClientCustomizer
instanceKlass org/springframework/boot/restclient/RestClientCustomizer
instanceKlass com/fasterxml/jackson/databind/introspect/AccessorNamingStrategy$Provider
instanceKlass org/springframework/boot/micrometer/observation/autoconfigure/ObservationProperties
instanceKlass org/springframework/web/client/RestClient
instanceKlass com/fasterxml/jackson/databind/AnnotationIntrospector
instanceKlass org/springframework/cloud/loadbalancer/config/LoadBalancerAutoConfiguration
instanceKlass org/springframework/cloud/client/loadbalancer/reactive/ReactiveLoadBalancer
instanceKlass org/springframework/context/support/ApplicationObjectSupport
instanceKlass com/fasterxml/jackson/databind/ser/SerializerFactory
instanceKlass org/springframework/web/reactive/HandlerMapping
instanceKlass org/springframework/cloud/client/discovery/composite/CompositeDiscoveryClientAutoConfiguration
instanceKlass org/springframework/boot/actuate/autoconfigure/endpoint/condition/ConditionalOnAvailableEndpoint
instanceKlass org/springframework/boot/micrometer/metrics/autoconfigure/MetricsAutoConfiguration
instanceKlass io/micrometer/core/annotation/Timed
instanceKlass com/fasterxml/jackson/databind/deser/DeserializerFactory
instanceKlass com/fasterxml/jackson/databind/DatabindContext
instanceKlass org/springframework/boot/autoconfigure/condition/ConditionMessage$ItemsBuilder
instanceKlass org/springframework/boot/autoconfigure/condition/ConditionMessage$Builder
instanceKlass org/springframework/boot/autoconfigure/condition/ConditionMessage
instanceKlass org/springframework/boot/autoconfigure/condition/ConditionalOnClass
instanceKlass io/micrometer/core/instrument/MeterRegistry
instanceKlass com/fasterxml/jackson/databind/jsontype/SubtypeResolver
instanceKlass com/fasterxml/jackson/core/TokenStreamFactory
instanceKlass org/hibernate/validator/internal/engine/validationcontext/ValidatorScopedContext
instanceKlass org/springframework/boot/autoconfigure/condition/ConditionOutcome
instanceKlass jakarta/validation/groups/Default
instanceKlass org/springframework/boot/autoconfigure/condition/OnClassCondition$ThreadedOutcomesResolver
instanceKlass org/hibernate/validator/internal/engine/validationcontext/BaseBeanValidationContext
instanceKlass org/hibernate/validator/internal/engine/validationcontext/ValidationContext
instanceKlass org/springframework/boot/autoconfigure/condition/OnClassCondition$StandardOutcomesResolver
instanceKlass jakarta/validation/valueextraction/ValueExtractor$ValueReceiver
instanceKlass org/springframework/boot/autoconfigure/AutoConfigurationMetadataLoader$PropertiesAutoConfigurationMetadata
instanceKlass org/hibernate/validator/internal/engine/valuecontext/ValueContext
instanceKlass jakarta/validation/Path$Node
instanceKlass jakarta/validation/Path
instanceKlass org/hibernate/validator/internal/engine/ValidatorImpl
instanceKlass jakarta/validation/executable/ExecutableValidator
instanceKlass org/hibernate/validator/group/GroupSequenceProvider
instanceKlass jakarta/validation/GroupSequence
instanceKlass org/hibernate/validator/internal/metadata/raw/BeanConfiguration
instanceKlass org/hibernate/validator/internal/util/actions/GetDeclaredConstructors
instanceKlass sun/reflect/misc/ReflectUtil
instanceKlass java/lang/reflect/AnnotatedWildcardType
instanceKlass org/hibernate/validator/internal/properties/javabean/JavaBeanHelper$JavaBeanPropertyImpl
instanceKlass org/hibernate/validator/spi/nodenameprovider/JavaBeanProperty
instanceKlass org/hibernate/validator/internal/properties/PropertyAccessor
instanceKlass jdk/internal/vm/annotation/IntrinsicCandidate
instanceKlass org/hibernate/validator/internal/metadata/provider/AnnotationMetaDataProvider$TypeArgumentExecutableParameterLocation
instanceKlass org/hibernate/validator/internal/metadata/core/AnnotationProcessingOptionsImpl$ExecutableParameterKey
instanceKlass org/springframework/boot/autoconfigure/AutoConfigurationMetadata
instanceKlass org/springframework/boot/autoconfigure/AutoConfigurationMetadataLoader
instanceKlass org/hibernate/validator/internal/properties/javabean/JavaBeanParameter
instanceKlass org/springframework/boot/autoconfigure/AutoConfigurationImportSelector$ConfigurationClassFilter
instanceKlass org/hibernate/validator/internal/metadata/raw/AbstractConstrainedElement
instanceKlass org/hibernate/validator/internal/metadata/raw/ConstrainedElement
instanceKlass org/springframework/boot/autoconfigure/condition/OnClassCondition$OutcomesResolver
instanceKlass org/hibernate/validator/internal/util/TypeVariables
instanceKlass org/hibernate/validator/internal/metadata/aggregated/CascadingMetaData
instanceKlass org/hibernate/validator/internal/metadata/aggregated/CascadingMetaDataBuilder
instanceKlass org/springframework/boot/autoconfigure/condition/OnBeanCondition$Spec
instanceKlass jakarta/validation/groups/ConvertGroup$List
instanceKlass org/springframework/boot/autoconfigure/condition/SpringBootCondition
instanceKlass jakarta/validation/groups/ConvertGroup
instanceKlass jakarta/validation/Valid
instanceKlass java/lang/reflect/AnnotatedArrayType
instanceKlass java/lang/reflect/AnnotatedParameterizedType
instanceKlass sun/reflect/annotation/AnnotatedTypeFactory$AnnotatedTypeBaseImpl
instanceKlass org/springframework/context/annotation/ConfigurationCondition
instanceKlass sun/reflect/annotation/AnnotatedTypeFactory
instanceKlass sun/reflect/annotation/TypeAnnotation$LocationInfo$Location
instanceKlass sun/reflect/annotation/TypeAnnotation$LocationInfo
instanceKlass sun/reflect/annotation/TypeAnnotation
instanceKlass sun/reflect/annotation/TypeAnnotationParser
instanceKlass org/springframework/boot/autoconfigure/AutoConfigurationImportFilter
instanceKlass org/hibernate/validator/internal/metadata/provider/AnnotationMetaDataProvider$TypeArgumentReturnValueLocation
instanceKlass org/hibernate/validator/internal/metadata/descriptor/ConstraintDescriptorImpl
instanceKlass jdk/internal/loader/BootLoader$PackageHelper
instanceKlass org/hibernate/validator/internal/metadata/location/ConstraintLocation$1
instanceKlass org/hibernate/validator/internal/properties/javabean/JavaBeanHelper$JavaBeanConstrainableExecutable
instanceKlass org/hibernate/validator/internal/util/actions/GetDeclaredMethods
instanceKlass org/hibernate/validator/internal/util/actions/GetDeclaredFields
instanceKlass org/springframework/boot/context/annotation/ImportCandidates
instanceKlass org/hibernate/validator/internal/metadata/provider/AnnotationMetaDataProvider$TypeArgumentLocation
instanceKlass org/hibernate/validator/internal/properties/Field
instanceKlass org/hibernate/validator/internal/metadata/provider/AnnotationMetaDataProvider
instanceKlass org/springframework/boot/autoconfigure/AutoConfigurationReplacements
instanceKlass org/hibernate/validator/internal/metadata/provider/MetaDataProvider
instanceKlass org/springframework/context/annotation/ConfigurationClassParser$DeferredImportSelectorGrouping
instanceKlass org/hibernate/validator/internal/metadata/aggregated/BeanMetaData
instanceKlass org/hibernate/validator/internal/metadata/facets/Validatable
instanceKlass org/springframework/boot/autoconfigure/AutoConfigurationImportSelector$AutoConfigurationGroup
instanceKlass org/springframework/context/annotation/DeferredImportSelector$Group
instanceKlass org/hibernate/validator/internal/metadata/BeanMetaDataManagerImpl
instanceKlass org/hibernate/validator/internal/engine/ValidatorFactoryImpl$BeanMetaDataManagerKey
instanceKlass org/springframework/context/annotation/ConfigurationClassParser$DeferredImportSelectorGroupingHandler
instanceKlass org/hibernate/validator/internal/engine/tracking/DefaultProcessedBeansTrackingVoter
instanceKlass org/hibernate/validator/internal/util/StringHelper
instanceKlass org/springframework/context/annotation/Bean
instanceKlass org/springframework/boot/autoconfigure/AutoConfiguration
instanceKlass org/hibernate/validator/internal/engine/constraintdefinition/ConstraintDefinitionContribution
instanceKlass org/springframework/boot/autoconfigure/AutoConfigurationImportSelector$AutoConfigurationEntry
instanceKlass org/hibernate/validator/cfg/context/ConstraintDefinitionContext$ConstraintValidatorDefinitionContext
instanceKlass org/hibernate/validator/internal/cfg/context/ConstraintContextImplBase
instanceKlass org/springframework/beans/factory/BeanRegistrar
instanceKlass org/springframework/core/type/classreading/SimpleAnnotationMetadata
instanceKlass org/springframework/core/type/classreading/SimpleMethodMetadataReadingVisitor$Source
instanceKlass jakarta/validation/constraints/Max$List
instanceKlass org/springframework/core/annotation/MergedAnnotationsCollection
instanceKlass jakarta/validation/Constraint
instanceKlass org/hibernate/validator/internal/metadata/core/AnnotationProcessingOptionsImpl
instanceKlass org/hibernate/validator/internal/metadata/core/AnnotationProcessingOptions
instanceKlass org/springframework/core/type/classreading/SimpleMethodMetadata
instanceKlass org/springframework/core/type/MethodMetadata
instanceKlass org/hibernate/validator/cfg/context/ConstraintDefinitionContext
instanceKlass org/hibernate/validator/cfg/context/TypeConstraintMappingContext
instanceKlass org/hibernate/validator/cfg/context/AnnotationIgnoreOptions
instanceKlass org/hibernate/validator/cfg/context/ConstructorTarget
instanceKlass org/hibernate/validator/cfg/context/MethodTarget
instanceKlass org/hibernate/validator/cfg/context/PropertyTarget
instanceKlass org/hibernate/validator/cfg/context/ConstraintMappingTarget
instanceKlass org/hibernate/validator/cfg/context/ConstraintDefinitionTarget
instanceKlass org/springframework/asm/Type
instanceKlass org/hibernate/validator/cfg/context/TypeTarget
instanceKlass org/hibernate/validator/cfg/context/Constrainable
instanceKlass org/hibernate/validator/internal/cfg/context/DefaultConstraintMapping
instanceKlass com/fasterxml/classmate/util/ResolvedTypeKey
instanceKlass org/springframework/asm/AnnotationVisitor
instanceKlass com/fasterxml/classmate/util/ClassStack
instanceKlass org/springframework/cloud/gateway/config/MaxDataSizeValidator
instanceKlass org/hibernate/validator/internal/engine/ValidatorFactoryConfigurationHelper$DefaultConstraintMappingBuilder
instanceKlass org/hibernate/validator/internal/engine/ServiceLoaderBasedConstraintMappingContributor
instanceKlass org/hibernate/validator/internal/metadata/DefaultBeanMetaDataClassNormalizer
instanceKlass org/hibernate/validator/internal/util/logging/formatter/ClassObjectFormatter
instanceKlass org/springframework/core/type/classreading/SimpleAnnotationMetadataReadingVisitor$Source
instanceKlass org/springframework/asm/Context
instanceKlass org/hibernate/validator/internal/properties/DefaultGetterPropertySelectionStrategy
instanceKlass org/springframework/asm/Attribute
instanceKlass org/hibernate/validator/internal/properties/Getter
instanceKlass org/hibernate/validator/internal/properties/Property
instanceKlass org/hibernate/validator/spi/nodenameprovider/Property
instanceKlass org/hibernate/validator/spi/properties/ConstrainableExecutable
instanceKlass org/springframework/asm/ClassReader
instanceKlass org/hibernate/validator/internal/properties/javabean/JavaBeanExecutable
instanceKlass org/hibernate/validator/internal/properties/javabean/JavaBeanAnnotatedConstrainable
instanceKlass org/hibernate/validator/internal/properties/javabean/JavaBeanAnnotatedElement
instanceKlass org/hibernate/validator/internal/properties/Callable
instanceKlass org/hibernate/validator/internal/properties/Constrainable
instanceKlass org/hibernate/validator/internal/properties/javabean/JavaBeanHelper
instanceKlass java/nio/channels/Channels
instanceKlass sun/nio/ch/FileChannelImpl$Closer
instanceKlass com/fasterxml/classmate/Filter
instanceKlass sun/nio/ch/NativeThreadSet
instanceKlass org/hibernate/validator/internal/util/ExecutableHelper
instanceKlass org/hibernate/validator/internal/engine/ConstraintCreationContext
instanceKlass java/nio/channels/spi/AbstractInterruptibleChannel
instanceKlass java/nio/channels/InterruptibleChannel
instanceKlass java/nio/channels/ScatteringByteChannel
instanceKlass java/nio/channels/GatheringByteChannel
instanceKlass java/nio/channels/SeekableByteChannel
instanceKlass java/nio/channels/ByteChannel
instanceKlass com/fasterxml/classmate/util/ResolvedTypeCache
instanceKlass com/fasterxml/classmate/util/ClassKey
instanceKlass sun/nio/fs/WindowsSecurityDescriptor
instanceKlass java/nio/file/attribute/FileAttribute
instanceKlass org/springframework/asm/MethodVisitor
instanceKlass com/fasterxml/classmate/TypeBindings
instanceKlass org/springframework/core/type/classreading/SimpleMetadataReader
instanceKlass com/fasterxml/classmate/members/RawMember
instanceKlass org/springframework/util/AntPathMatcher$AntPathStringMatcher$MaxAttemptsCharSequence$Counter
instanceKlass org/springframework/util/AntPathMatcher$AntPathStringMatcher$MaxAttemptsCharSequence
instanceKlass com/fasterxml/classmate/ResolvedType
instanceKlass com/fasterxml/classmate/TypeResolver
instanceKlass org/hibernate/validator/internal/util/TypeResolutionHelper
instanceKlass org/hibernate/validator/internal/constraintvalidators/hv/BitcoinAddressValidator
instanceKlass org/hibernate/validator/constraints/BitcoinAddress
instanceKlass org/hibernate/validator/internal/constraintvalidators/hv/UUIDValidator
instanceKlass org/springframework/util/AntPathMatcher$AntPathStringMatcher
instanceKlass org/hibernate/validator/constraints/UUID
instanceKlass sun/nio/fs/BasicFileAttributesHolder
instanceKlass org/hibernate/validator/internal/constraintvalidators/hv/URLValidator
instanceKlass org/hibernate/validator/constraints/URL
instanceKlass org/hibernate/validator/internal/constraintvalidators/hv/UniqueElementsValidator
instanceKlass org/hibernate/validator/constraints/UniqueElements
instanceKlass java/nio/file/FileTreeWalker$Event
instanceKlass sun/nio/fs/WindowsDirectoryStream$WindowsDirectoryIterator
instanceKlass java/nio/file/FileTreeWalker$DirectoryNode
instanceKlass java/nio/file/Files$AcceptAllFilter
instanceKlass java/nio/file/DirectoryStream$Filter
instanceKlass java/nio/file/FileTreeWalker$1
instanceKlass java/nio/file/FileTreeWalker
instanceKlass java/nio/file/FileTreeIterator
instanceKlass org/hibernate/validator/constraints/br/TituloEleitoral
instanceKlass org/hibernate/validator/constraints/ScriptAssert
instanceKlass sun/nio/fs/WindowsDirectoryStream
instanceKlass java/nio/file/DirectoryStream
instanceKlass org/hibernate/validator/internal/constraintvalidators/hv/ru/INNValidator
instanceKlass sun/nio/fs/WindowsChannelFactory$Flags
instanceKlass sun/nio/fs/WindowsChannelFactory$1
instanceKlass sun/nio/fs/WindowsChannelFactory
instanceKlass sun/nio/fs/WindowsUriSupport
instanceKlass org/hibernate/validator/constraints/ru/INN
instanceKlass org/springframework/context/annotation/ParserStrategyUtils
instanceKlass org/hibernate/validator/constraints/pl/REGON
instanceKlass org/springframework/context/annotation/TypeFilterUtils$1
instanceKlass org/hibernate/validator/internal/constraintvalidators/hv/kor/KorRRNValidator
instanceKlass org/springframework/context/annotation/TypeFilterUtils
instanceKlass org/hibernate/validator/constraints/kor/KorRRN
instanceKlass org/hibernate/validator/constraints/Range
instanceKlass org/hibernate/validator/constraints/pl/PESEL
instanceKlass org/hibernate/validator/internal/constraintvalidators/hv/AbstractScriptAssertValidator
instanceKlass java/util/Collections$ReverseComparator2
instanceKlass org/hibernate/validator/constraints/ParameterScriptAssert
instanceKlass org/springframework/core/annotation/MergedAnnotationPredicates
instanceKlass org/springframework/context/annotation/PropertySources
instanceKlass org/springframework/context/annotation/PropertySource
instanceKlass org/hibernate/validator/constraints/pl/NIP
instanceKlass org/hibernate/validator/internal/constraintvalidators/hv/NormalizedValidator
instanceKlass org/hibernate/validator/constraints/Normalized
instanceKlass org/hibernate/validator/constraints/Mod11Check
instanceKlass org/springframework/context/annotation/ConfigurationClass
instanceKlass org/hibernate/validator/constraints/Mod10Check
instanceKlass org/hibernate/validator/internal/constraintvalidators/hv/ModCheckBase
instanceKlass org/springframework/context/annotation/ComponentScanAnnotationParser
instanceKlass org/springframework/core/io/support/DefaultPropertySourceFactory
instanceKlass org/springframework/core/io/support/PropertySourceFactory
instanceKlass org/springframework/core/io/support/PropertySourceProcessor
instanceKlass org/springframework/context/annotation/PropertySourceRegistry
instanceKlass org/springframework/context/annotation/ConfigurationClassParser$SourceClass
instanceKlass org/springframework/context/annotation/ConfigurationClassParser$DeferredImportSelectorHandler
instanceKlass org/springframework/context/annotation/ConfigurationClassParser$DeferredImportSelectorHolder
instanceKlass org/springframework/beans/factory/parsing/Problem
instanceKlass org/springframework/context/annotation/ImportRegistry
instanceKlass org/springframework/context/annotation/ConfigurationClassParser
instanceKlass org/springframework/aop/framework/AopInfrastructureBean
instanceKlass org/springframework/beans/AbstractNestablePropertyAccessor$PropertyTokenHolder
instanceKlass org/springframework/beans/factory/config/TypedStringValue
instanceKlass org/hibernate/validator/constraints/LuhnCheck
instanceKlass org/hibernate/validator/internal/constraintvalidators/hv/CodePointLengthValidator
instanceKlass org/hibernate/validator/constraints/CodePointLength
instanceKlass org/hibernate/validator/internal/constraintvalidators/hv/LengthValidator
instanceKlass org/springframework/core/convert/Property
instanceKlass org/hibernate/validator/constraints/Length
instanceKlass org/hibernate/validator/internal/constraintvalidators/hv/ISBNValidator
instanceKlass com/sun/beans/WildcardTypeImpl
instanceKlass com/sun/beans/WeakCache
instanceKlass com/sun/beans/TypeResolver
instanceKlass org/hibernate/validator/constraints/ISBN
instanceKlass java/beans/SimpleBeanInfo
instanceKlass java/beans/MethodRef
instanceKlass org/springframework/beans/factory/aot/BeanFactoryInitializationAotContribution
instanceKlass org/hibernate/validator/internal/constraintvalidators/hv/IpAddressValidator
instanceKlass org/springframework/beans/factory/aot/BeanRegistrationAotContribution
instanceKlass org/hibernate/validator/constraints/IpAddress
instanceKlass org/springframework/beans/factory/support/RegisteredBean
instanceKlass org/hibernate/validator/internal/constraintvalidators/hv/EANValidator
instanceKlass org/hibernate/validator/constraints/EAN
instanceKlass org/hibernate/validator/internal/constraintvalidators/hv/time/DurationMinValidator
instanceKlass org/springframework/beans/PropertyDescriptorUtils
instanceKlass org/hibernate/validator/constraints/time/DurationMin
instanceKlass org/hibernate/validator/internal/constraintvalidators/hv/time/DurationMaxValidator
instanceKlass org/hibernate/validator/constraints/time/DurationMax
instanceKlass org/hibernate/validator/constraints/CreditCardNumber
instanceKlass java/beans/BeanInfo
instanceKlass org/hibernate/validator/internal/constraintvalidators/hv/br/CPFValidator
instanceKlass org/hibernate/validator/constraints/br/CPF
instanceKlass org/springframework/beans/SimpleBeanInfoFactory
instanceKlass org/hibernate/validator/internal/constraintvalidators/hv/br/CNPJValidator
instanceKlass org/springframework/beans/BeanInfoFactory
instanceKlass org/hibernate/validator/constraints/br/CNPJ
instanceKlass jakarta/validation/constraints/Size
instanceKlass org/springframework/beans/CachedIntrospectionResults
instanceKlass org/springframework/beans/PropertyAccessorUtils
instanceKlass org/hibernate/validator/internal/constraintvalidators/bv/size/SizeValidatorForArraysOfPrimitives
instanceKlass org/hibernate/validator/internal/constraintvalidators/bv/size/SizeValidatorForMap
instanceKlass org/hibernate/validator/internal/constraintvalidators/bv/size/SizeValidatorForArray
instanceKlass org/hibernate/validator/internal/constraintvalidators/bv/size/SizeValidatorForCollection
instanceKlass org/springframework/beans/factory/SmartFactoryBean
instanceKlass org/hibernate/validator/internal/constraintvalidators/bv/size/SizeValidatorForCharSequence
instanceKlass jakarta/validation/constraints/PositiveOrZero
instanceKlass org/hibernate/validator/internal/constraintvalidators/bv/number/sign/PositiveOrZeroValidatorForCharSequence
instanceKlass org/hibernate/validator/internal/constraintvalidators/bv/number/sign/PositiveOrZeroValidatorForNumber
instanceKlass org/hibernate/validator/internal/constraintvalidators/bv/number/sign/PositiveOrZeroValidatorForByte
instanceKlass org/springframework/beans/factory/support/DisposableBeanAdapter
instanceKlass org/hibernate/validator/internal/constraintvalidators/bv/number/sign/PositiveOrZeroValidatorForShort
instanceKlass org/hibernate/validator/internal/constraintvalidators/bv/number/sign/PositiveOrZeroValidatorForInteger
instanceKlass org/hibernate/validator/internal/constraintvalidators/bv/number/sign/PositiveOrZeroValidatorForLong
instanceKlass org/hibernate/validator/internal/constraintvalidators/bv/number/sign/PositiveOrZeroValidatorForFloat
instanceKlass org/springframework/beans/factory/InitializingBean
instanceKlass org/hibernate/validator/internal/constraintvalidators/bv/number/sign/PositiveOrZeroValidatorForDouble
instanceKlass org/hibernate/validator/internal/constraintvalidators/bv/number/sign/PositiveOrZeroValidatorForBigInteger
instanceKlass org/hibernate/validator/internal/constraintvalidators/bv/number/sign/PositiveOrZeroValidatorForBigDecimal
instanceKlass org/springframework/beans/factory/support/InstanceSupplier
instanceKlass org/springframework/util/function/ThrowingSupplier
instanceKlass jakarta/validation/constraints/Positive
instanceKlass org/hibernate/validator/internal/constraintvalidators/bv/number/sign/PositiveValidatorForCharSequence
instanceKlass org/hibernate/validator/internal/constraintvalidators/bv/number/sign/PositiveValidatorForNumber
instanceKlass org/springframework/expression/spel/support/StandardTypeConverter
instanceKlass org/springframework/expression/spel/support/StandardTypeLocator
instanceKlass org/hibernate/validator/internal/constraintvalidators/bv/number/sign/PositiveValidatorForByte
instanceKlass org/hibernate/validator/internal/constraintvalidators/bv/number/sign/PositiveValidatorForShort
instanceKlass org/hibernate/validator/internal/constraintvalidators/bv/number/sign/PositiveValidatorForInteger
instanceKlass org/springframework/context/expression/BeanFactoryResolver
instanceKlass org/hibernate/validator/internal/constraintvalidators/bv/number/sign/PositiveValidatorForLong
instanceKlass org/hibernate/validator/internal/constraintvalidators/bv/number/sign/PositiveValidatorForFloat
instanceKlass org/springframework/context/expression/EnvironmentAccessor
instanceKlass org/hibernate/validator/internal/constraintvalidators/bv/number/sign/PositiveValidatorForDouble
instanceKlass org/hibernate/validator/internal/constraintvalidators/bv/number/sign/PositiveValidatorForBigInteger
instanceKlass org/hibernate/validator/internal/constraintvalidators/bv/number/sign/PositiveValidatorForBigDecimal
instanceKlass org/springframework/expression/spel/support/MapAccessor
instanceKlass org/hibernate/validator/internal/constraintvalidators/bv/PatternValidator
instanceKlass org/springframework/expression/spel/CompilablePropertyAccessor
instanceKlass org/springframework/asm/Opcodes
instanceKlass jakarta/validation/constraints/Pattern
instanceKlass jakarta/validation/constraints/PastOrPresent
instanceKlass org/springframework/context/expression/BeanFactoryAccessor
instanceKlass org/springframework/expression/spel/support/ReflectivePropertyAccessor
instanceKlass org/springframework/context/expression/BeanExpressionContextAccessor
instanceKlass org/springframework/expression/TypedValue
instanceKlass org/springframework/expression/spel/support/StandardOperatorOverloader
instanceKlass org/springframework/expression/spel/support/StandardTypeComparator
instanceKlass org/springframework/expression/OperatorOverloader
instanceKlass org/springframework/expression/TypeComparator
instanceKlass org/springframework/expression/spel/support/StandardEvaluationContext
instanceKlass org/springframework/expression/EvaluationContext
instanceKlass org/springframework/expression/common/LiteralExpression
instanceKlass org/springframework/beans/factory/config/AutowiredPropertyMarker
instanceKlass org/springframework/beans/factory/support/BeanDefinitionValueResolver
instanceKlass jakarta/validation/constraints/Past
instanceKlass org/springframework/beans/factory/support/AbstractBeanFactory$BeanFactoryDefaultEditorRegistrar
instanceKlass org/springframework/beans/AbstractNestablePropertyAccessor$PropertyHandler
instanceKlass org/hibernate/validator/internal/constraintvalidators/bv/NullValidator
instanceKlass jakarta/validation/constraints/Null
instanceKlass org/hibernate/validator/internal/constraintvalidators/bv/NotNullValidator
instanceKlass org/springframework/beans/factory/parsing/PassThroughSourceExtractor
instanceKlass jakarta/validation/constraints/NotNull
instanceKlass sun/reflect/generics/tree/ShortSignature
instanceKlass sun/reflect/generics/tree/LongSignature
instanceKlass sun/reflect/generics/tree/IntSignature
instanceKlass sun/reflect/generics/tree/FloatSignature
instanceKlass sun/reflect/generics/tree/DoubleSignature
instanceKlass sun/reflect/generics/tree/BooleanSignature
instanceKlass jakarta/validation/constraints/NotEmpty
instanceKlass org/springframework/beans/factory/aot/BeanRegistrationCodeFragments
instanceKlass org/hibernate/validator/internal/constraintvalidators/bv/notempty/NotEmptyValidatorForArraysOfShort
instanceKlass org/hibernate/validator/internal/constraintvalidators/bv/notempty/NotEmptyValidatorForArraysOfLong
instanceKlass org/hibernate/validator/internal/constraintvalidators/bv/notempty/NotEmptyValidatorForArraysOfInt
instanceKlass org/hibernate/validator/internal/constraintvalidators/bv/notempty/NotEmptyValidatorForArraysOfFloat
instanceKlass org/hibernate/validator/internal/constraintvalidators/bv/notempty/NotEmptyValidatorForArraysOfDouble
instanceKlass org/hibernate/validator/internal/constraintvalidators/bv/notempty/NotEmptyValidatorForArraysOfChar
instanceKlass org/hibernate/validator/internal/constraintvalidators/bv/notempty/NotEmptyValidatorForArraysOfByte
instanceKlass org/hibernate/validator/internal/constraintvalidators/bv/notempty/NotEmptyValidatorForArraysOfBoolean
instanceKlass org/hibernate/validator/internal/constraintvalidators/bv/notempty/NotEmptyValidatorForMap
instanceKlass org/springframework/beans/factory/support/NullBean
instanceKlass org/hibernate/validator/internal/constraintvalidators/bv/notempty/NotEmptyValidatorForArray
instanceKlass org/hibernate/validator/internal/constraintvalidators/bv/notempty/NotEmptyValidatorForCollection
instanceKlass org/springframework/beans/factory/support/AbstractBeanFactory$BeanPostProcessorCache
instanceKlass org/hibernate/validator/internal/constraintvalidators/bv/notempty/NotEmptyValidatorForCharSequence
instanceKlass org/hibernate/validator/internal/constraintvalidators/bv/NotBlankValidator
instanceKlass jakarta/validation/constraints/NotBlank
instanceKlass org/springframework/beans/factory/config/RuntimeBeanReference
instanceKlass org/springframework/beans/factory/config/BeanReference
instanceKlass jakarta/validation/constraints/NegativeOrZero
instanceKlass org/hibernate/validator/internal/constraintvalidators/bv/number/sign/NegativeOrZeroValidatorForCharSequence
instanceKlass org/hibernate/validator/internal/constraintvalidators/bv/number/sign/NegativeOrZeroValidatorForNumber
instanceKlass org/hibernate/validator/internal/constraintvalidators/bv/number/sign/NegativeOrZeroValidatorForByte
instanceKlass org/springframework/beans/MutablePropertyValues
instanceKlass org/hibernate/validator/internal/constraintvalidators/bv/number/sign/NegativeOrZeroValidatorForShort
instanceKlass org/hibernate/validator/internal/constraintvalidators/bv/number/sign/NegativeOrZeroValidatorForInteger
instanceKlass org/springframework/beans/factory/support/BeanDefinitionBuilder
instanceKlass org/hibernate/validator/internal/constraintvalidators/bv/number/sign/NegativeOrZeroValidatorForLong
instanceKlass org/springframework/boot/autoconfigure/SharedMetadataReaderFactoryContextInitializer$SharedMetadataReaderFactoryBean
instanceKlass org/springframework/beans/factory/FactoryBean
instanceKlass org/hibernate/validator/internal/constraintvalidators/bv/number/sign/NegativeOrZeroValidatorForFloat
instanceKlass org/springframework/context/support/PostProcessorRegistrationDelegate
instanceKlass org/hibernate/validator/internal/constraintvalidators/bv/number/sign/NegativeOrZeroValidatorForDouble
instanceKlass org/springframework/context/support/ApplicationListenerDetector
instanceKlass org/hibernate/validator/internal/constraintvalidators/bv/number/sign/NegativeOrZeroValidatorForBigInteger
instanceKlass org/springframework/context/MessageSourceAware
instanceKlass org/hibernate/validator/internal/constraintvalidators/bv/number/sign/NegativeOrZeroValidatorForBigDecimal
instanceKlass org/springframework/context/ApplicationEventPublisherAware
instanceKlass org/springframework/beans/factory/config/BeanExpressionContext
instanceKlass org/springframework/beans/factory/config/EmbeddedValueResolver
instanceKlass org/springframework/util/StringValueResolver
instanceKlass org/springframework/context/support/ApplicationContextAwareProcessor
instanceKlass jakarta/validation/constraints/Negative
instanceKlass org/springframework/beans/support/ResourceEditorRegistrar
instanceKlass org/hibernate/validator/internal/constraintvalidators/bv/number/sign/NegativeValidatorForCharSequence
instanceKlass org/hibernate/validator/internal/constraintvalidators/bv/number/sign/NegativeValidatorForNumber
instanceKlass org/hibernate/validator/internal/constraintvalidators/bv/number/sign/NegativeValidatorForByte
instanceKlass org/hibernate/validator/internal/constraintvalidators/bv/number/sign/NegativeValidatorForShort
instanceKlass org/springframework/expression/Expression
instanceKlass org/springframework/expression/common/TemplateAwareExpressionParser
instanceKlass org/hibernate/validator/internal/constraintvalidators/bv/number/sign/NegativeValidatorForInteger
instanceKlass org/hibernate/validator/internal/constraintvalidators/bv/number/sign/NegativeValidatorForLong
instanceKlass org/hibernate/validator/internal/constraintvalidators/bv/number/sign/NegativeValidatorForFloat
instanceKlass org/hibernate/validator/internal/constraintvalidators/bv/number/sign/NegativeValidatorForDouble
instanceKlass org/hibernate/validator/internal/constraintvalidators/bv/number/sign/NegativeValidatorForBigInteger
instanceKlass org/hibernate/validator/internal/constraintvalidators/bv/number/sign/NegativeValidatorForBigDecimal
instanceKlass org/springframework/expression/spel/SpelParserConfiguration
instanceKlass jakarta/validation/constraints/Min
instanceKlass org/springframework/context/expression/StandardBeanExpressionResolver$1
instanceKlass org/springframework/expression/TypeConverter
instanceKlass org/springframework/expression/TypeLocator
instanceKlass org/springframework/expression/BeanResolver
instanceKlass org/springframework/expression/PropertyAccessor
instanceKlass org/springframework/expression/TargetedAccessor
instanceKlass org/springframework/expression/ExpressionParser
instanceKlass org/hibernate/validator/internal/constraintvalidators/bv/number/bound/AbstractMinValidator
instanceKlass org/springframework/expression/ParserContext
instanceKlass org/springframework/context/expression/StandardBeanExpressionResolver
instanceKlass jakarta/validation/constraints/Max
instanceKlass org/springframework/boot/context/logging/LoggingApplicationListener$Lifecycle
instanceKlass org/springframework/context/SmartLifecycle
instanceKlass org/springframework/context/Phased
instanceKlass org/hibernate/validator/internal/constraintvalidators/bv/number/bound/AbstractMaxValidator
instanceKlass org/springframework/beans/factory/BeanFactoryUtils
instanceKlass jakarta/validation/constraints/FutureOrPresent
instanceKlass org/springframework/core/style/DefaultValueStyler
instanceKlass org/springframework/core/style/ValueStyler
instanceKlass org/springframework/core/style/StylerUtils
instanceKlass org/springframework/core/style/DefaultToStringStyler
instanceKlass org/springframework/core/style/ToStringStyler
instanceKlass org/springframework/core/style/ToStringCreator
instanceKlass org/springframework/boot/web/server/reactive/context/WebServerManager
instanceKlass org/springframework/web/context/WebApplicationContext
instanceKlass java/time/chrono/ChronoLocalDateImpl
instanceKlass org/springframework/boot/devtools/restart/ClassLoaderFilesResourcePatternResolver$ResourcePatternResolverFactory
instanceKlass org/springframework/boot/devtools/restart/ClassLoaderFilesResourcePatternResolver
instanceKlass org/joda/time/ReadablePartial
instanceKlass jakarta/validation/constraints/Future
instanceKlass org/springframework/beans/factory/support/BeanDefinitionReaderUtils
instanceKlass org/springframework/context/annotation/Proxyable
instanceKlass org/springframework/context/annotation/Description
instanceKlass org/springframework/context/annotation/Role
instanceKlass org/springframework/context/annotation/DependsOn
instanceKlass org/springframework/context/annotation/Fallback
instanceKlass org/springframework/context/annotation/Primary
instanceKlass org/springframework/context/annotation/Lazy
instanceKlass org/hibernate/validator/internal/constraintvalidators/bv/time/AbstractJavaTimeValidator
instanceKlass org/hibernate/validator/internal/constraintvalidators/bv/time/AbstractEpochBasedTimeValidator
instanceKlass org/joda/time/ReadableInstant
instanceKlass org/hibernate/validator/internal/constraintvalidators/bv/time/AbstractInstantBasedTimeValidator
instanceKlass org/hibernate/validator/constraintvalidation/HibernateConstraintValidator
instanceKlass org/springframework/core/annotation/TypeMappedAnnotations$Aggregate
instanceKlass org/springframework/core/annotation/TypeMappedAnnotations$AggregatesCollector
instanceKlass org/hibernate/validator/internal/constraintvalidators/AbstractEmailValidator
instanceKlass org/springframework/core/annotation/TypeMappedAnnotations$AggregatesSpliterator
instanceKlass jakarta/validation/constraints/Email
instanceKlass jakarta/validation/constraints/Digits
instanceKlass org/hibernate/validator/internal/constraintvalidators/bv/DigitsValidatorForNumber
instanceKlass org/hibernate/validator/internal/constraintvalidators/bv/DigitsValidatorForCharSequence
instanceKlass org/springframework/context/annotation/ScopeMetadata
instanceKlass jakarta/validation/constraints/DecimalMin
instanceKlass org/springframework/beans/BeanMetadataAttribute
instanceKlass org/springframework/context/annotation/ImportResource
instanceKlass org/springframework/core/Conventions
instanceKlass org/hibernate/validator/internal/constraintvalidators/bv/number/bound/decimal/AbstractDecimalMinValidator
instanceKlass org/springframework/context/annotation/ConfigurationClassUtils
instanceKlass jakarta/validation/constraints/DecimalMax
instanceKlass org/hibernate/validator/internal/util/actions/IsClassPresent
instanceKlass org/springframework/boot/autoconfigure/AutoConfigurationPackages$Registrar
instanceKlass org/springframework/boot/context/annotation/DeterminableImports
instanceKlass org/springframework/context/annotation/ImportBeanDefinitionRegistrar
instanceKlass org/hibernate/validator/internal/constraintvalidators/bv/number/bound/decimal/AbstractDecimalMaxValidator
instanceKlass org/springframework/context/annotation/ComponentScans
instanceKlass org/hibernate/validator/internal/constraintvalidators/bv/AssertTrueValidator
instanceKlass jakarta/validation/constraints/AssertTrue
instanceKlass jakarta/validation/constraintvalidation/SupportedValidationTarget
instanceKlass org/springframework/boot/autoconfigure/AutoConfigurationImportSelector
instanceKlass org/springframework/context/annotation/DeferredImportSelector
instanceKlass org/springframework/context/annotation/ImportSelector
instanceKlass org/hibernate/validator/internal/util/TypeHelper
instanceKlass org/hibernate/validator/internal/engine/constraintvalidation/ClassBasedValidatorDescriptor
instanceKlass org/hibernate/validator/internal/engine/constraintvalidation/ConstraintValidatorDescriptor
instanceKlass org/hibernate/validator/internal/constraintvalidators/bv/AssertFalseValidator
instanceKlass jakarta/validation/constraints/AssertFalse
instanceKlass org/hibernate/validator/internal/metadata/core/ConstraintHelper$ValidatorDescriptorMap
instanceKlass org/springframework/boot/autoconfigure/AutoConfigurationExcludeFilter
instanceKlass org/hibernate/validator/internal/metadata/core/ConstraintHelper
instanceKlass org/springframework/boot/context/TypeExcludeFilter
instanceKlass java/lang/annotation/Repeatable
instanceKlass org/hibernate/validator/internal/engine/valueextraction/ValueExtractorResolver
instanceKlass org/springframework/context/annotation/Import
instanceKlass org/springframework/boot/autoconfigure/AutoConfigurationPackage
instanceKlass org/hibernate/validator/internal/engine/valueextraction/OptionalLongValueExtractor
instanceKlass org/hibernate/validator/internal/engine/valueextraction/OptionalDoubleValueExtractor
instanceKlass org/springframework/context/annotation/Configuration
instanceKlass org/springframework/context/annotation/ComponentScan$Filter
instanceKlass org/hibernate/validator/internal/engine/valueextraction/AnnotatedObject
instanceKlass org/hibernate/validator/internal/engine/valueextraction/OptionalIntValueExtractor
instanceKlass org/hibernate/validator/internal/engine/valueextraction/OptionalValueExtractor
instanceKlass org/hibernate/validator/internal/engine/valueextraction/IterableValueExtractor
instanceKlass org/hibernate/validator/internal/engine/valueextraction/MapKeyExtractor
instanceKlass org/springframework/core/annotation/TypeMappedAnnotations$IsPresent
instanceKlass org/springframework/context/annotation/Conditional
instanceKlass org/hibernate/validator/internal/engine/valueextraction/MapValueExtractor
instanceKlass org/springframework/context/annotation/ComponentScan
instanceKlass org/springframework/boot/autoconfigure/EnableAutoConfiguration
instanceKlass org/hibernate/validator/internal/engine/valueextraction/ListValueExtractor
instanceKlass org/springframework/boot/SpringBootConfiguration
instanceKlass org/hibernate/validator/internal/engine/valueextraction/ObjectArrayValueExtractor
instanceKlass org/hibernate/validator/internal/engine/valueextraction/BooleanArrayValueExtractor
instanceKlass org/hibernate/validator/internal/engine/valueextraction/CharArrayValueExtractor
instanceKlass org/springframework/boot/autoconfigure/SpringBootApplication
instanceKlass org/hibernate/validator/internal/engine/valueextraction/DoubleArrayValueExtractor
instanceKlass org/springframework/core/type/StandardClassMetadata
instanceKlass org/springframework/core/type/AnnotationMetadata
instanceKlass org/springframework/core/type/ClassMetadata
instanceKlass org/hibernate/validator/internal/engine/valueextraction/FloatArrayValueExtractor
instanceKlass org/hibernate/validator/internal/engine/valueextraction/LongArrayValueExtractor
instanceKlass org/hibernate/validator/internal/engine/valueextraction/IntArrayValueExtractor
instanceKlass org/springframework/util/xml/XmlValidationModeDetector
instanceKlass org/hibernate/validator/internal/engine/valueextraction/ShortArrayValueExtractor
instanceKlass org/hibernate/validator/internal/engine/valueextraction/ValueExtractorDescriptor$Key
instanceKlass org/springframework/util/xml/SimpleSaxErrorHandler
instanceKlass org/springframework/beans/factory/xml/DefaultDocumentLoader
instanceKlass org/springframework/beans/factory/parsing/NullSourceExtractor
instanceKlass org/hibernate/validator/internal/util/ReflectionHelper
instanceKlass org/springframework/beans/factory/parsing/EmptyReaderEventListener
instanceKlass org/hibernate/validator/internal/engine/valueextraction/ArrayElement
instanceKlass org/springframework/beans/factory/parsing/FailFastProblemReporter
instanceKlass org/springframework/beans/factory/xml/DefaultBeanDefinitionDocumentReader
instanceKlass org/springframework/beans/factory/xml/BeanDefinitionDocumentReader
instanceKlass org/hibernate/validator/internal/engine/valueextraction/ValueExtractorDescriptor
instanceKlass org/springframework/beans/factory/support/DefaultBeanNameGenerator
instanceKlass org/hibernate/validator/internal/engine/valueextraction/ByteArrayValueExtractor
instanceKlass org/springframework/beans/factory/xml/NamespaceHandlerResolver
instanceKlass org/hibernate/validator/internal/engine/valueextraction/ValueExtractorManager
instanceKlass org/xml/sax/EntityResolver
instanceKlass org/xml/sax/ErrorHandler
instanceKlass org/springframework/beans/factory/xml/DocumentLoader
instanceKlass org/springframework/beans/factory/parsing/SourceExtractor
instanceKlass org/springframework/beans/factory/parsing/ReaderEventListener
instanceKlass org/springframework/beans/factory/parsing/ProblemReporter
instanceKlass org/hibernate/validator/internal/engine/groups/ValidationOrder
instanceKlass org/hibernate/validator/internal/engine/groups/ValidationOrderGenerator
instanceKlass org/hibernate/validator/internal/engine/constraintvalidation/ConstraintValidatorManagerImpl$1
instanceKlass org/springframework/beans/factory/support/AbstractBeanDefinitionReader
instanceKlass org/springframework/beans/factory/support/BeanDefinitionReader
instanceKlass org/springframework/boot/BeanDefinitionLoader
instanceKlass jakarta/validation/ConstraintValidator
instanceKlass org/springframework/boot/SpringApplication$PropertySourceOrderingBeanFactoryPostProcessor
instanceKlass jakarta/validation/metadata/ConstraintDescriptor
instanceKlass org/hibernate/validator/internal/engine/constraintvalidation/AbstractConstraintValidatorManagerImpl
instanceKlass org/hibernate/validator/internal/engine/constraintvalidation/HibernateConstraintValidatorInitializationContextImpl
instanceKlass ch/qos/logback/core/pattern/SpacePadder
instanceKlass java/time/LocalTime$1
instanceKlass java/time/format/DateTimeFormatterBuilder$2
instanceKlass java/time/LocalDate$1
instanceKlass java/time/ZonedDateTime$1
instanceKlass java/time/format/DateTimePrintContext
instanceKlass ch/qos/logback/core/util/StringUtil
instanceKlass org/hibernate/validator/spi/scripting/ScriptEvaluator
instanceKlass org/hibernate/validator/spi/scripting/AbstractCachingScriptEvaluatorFactory
instanceKlass org/slf4j/helpers/FormattingTuple
instanceKlass org/slf4j/helpers/NormalizedParameters
instanceKlass org/hibernate/validator/internal/util/ExecutableParameterNameProvider
instanceKlass org/slf4j/helpers/MessageFormatter
instanceKlass ch/qos/logback/classic/spi/EventArgUtil
instanceKlass ch/qos/logback/classic/spi/IThrowableProxy
instanceKlass ch/qos/logback/classic/spi/LoggingEvent
instanceKlass org/springframework/boot/system/ApplicationHome
instanceKlass org/hibernate/validator/internal/engine/messageinterpolation/ElTermResolver
instanceKlass org/hibernate/validator/internal/engine/messageinterpolation/TermResolver
instanceKlass jakarta/el/ExpressionFactoryCache
instanceKlass org/springframework/boot/StartupInfoLogger
instanceKlass jakarta/el/Util
instanceKlass org/springframework/core/ResolvableType$WildcardBounds
instanceKlass org/springframework/boot/autoconfigure/logging/ConditionEvaluationReportLogger
instanceKlass jakarta/el/ELContext
instanceKlass org/springframework/boot/autoconfigure/condition/ConditionEvaluationReport$AncestorsMatchedCondition
instanceKlass jakarta/el/ELManager
instanceKlass org/springframework/context/annotation/Condition
instanceKlass org/apache/el/util/ExceptionUtils
instanceKlass org/springframework/boot/autoconfigure/condition/ConditionEvaluationReport
instanceKlass jakarta/el/Expression
instanceKlass org/springframework/boot/autoconfigure/logging/ConditionEvaluationReportLoggingListener$ConditionEvaluationReportListener
instanceKlass jakarta/el/ELResolver
instanceKlass org/springframework/boot/io/Base64ProtocolResolver
instanceKlass org/springframework/core/io/ProtocolResolver
instanceKlass org/springframework/boot/context/ConfigurationWarningsApplicationContextInitializer$ComponentScanPackageCheck
instanceKlass jakarta/el/ExpressionFactory$CacheKey
instanceKlass org/springframework/boot/context/ConfigurationWarningsApplicationContextInitializer$Check
instanceKlass jakarta/el/ExpressionFactory$CacheValue
instanceKlass org/springframework/boot/context/ConfigurationWarningsApplicationContextInitializer$ConfigurationWarningsPostProcessor
instanceKlass org/springframework/boot/devtools/restart/RestartScopeInitializer$RestartScope
instanceKlass jakarta/el/ExpressionFactory
instanceKlass org/hibernate/validator/internal/engine/messageinterpolation/TermInterpolator
instanceKlass org/springframework/boot/context/ContextIdApplicationContextInitializer$ContextId
instanceKlass org/hibernate/validator/internal/util/ConcurrentReferenceHashMap$HashEntry
instanceKlass org/springframework/boot/autoconfigure/SharedMetadataReaderFactoryContextInitializer$CachingMetadataReaderFactoryPostProcessor
instanceKlass org/springframework/context/index/CandidateComponentsIndex
instanceKlass org/springframework/context/index/CandidateComponentsIndexLoader
instanceKlass org/springframework/core/type/classreading/MetadataReader
instanceKlass org/springframework/core/type/classreading/MetadataReaderFactoryDelegate
instanceKlass org/hibernate/validator/internal/engine/messageinterpolation/DefaultLocaleResolverContext
instanceKlass org/springframework/core/type/classreading/AbstractMetadataReaderFactory
instanceKlass org/springframework/core/io/support/ResourcePatternUtils
instanceKlass org/hibernate/validator/internal/util/logging/Messages_$bundle
instanceKlass jakarta/inject/Named
instanceKlass org/jboss/logging/Messages
instanceKlass org/hibernate/validator/internal/util/logging/Messages
instanceKlass org/springframework/stereotype/Indexed
instanceKlass org/hibernate/validator/internal/engine/messageinterpolation/DefaultLocaleResolver
instanceKlass org/springframework/stereotype/Component
instanceKlass org/springframework/core/type/filter/AbstractTypeHierarchyTraversingFilter
instanceKlass org/springframework/core/type/filter/TypeFilter
instanceKlass org/hibernate/validator/internal/util/Contracts
instanceKlass org/springframework/beans/factory/support/BeanDefinitionDefaults
instanceKlass java/lang/reflect/AnnotatedType
instanceKlass org/hibernate/validator/internal/util/actions/GetMethod
instanceKlass org/springframework/core/type/classreading/MetadataReaderFactory
instanceKlass org/springframework/context/annotation/ClassPathScanningCandidateComponentProvider
instanceKlass org/hibernate/validator/resourceloading/PlatformResourceBundleLocator
instanceKlass org/springframework/context/event/DefaultEventListenerFactory
instanceKlass org/springframework/context/event/EventListenerFactory
instanceKlass org/hibernate/validator/spi/messageinterpolation/LocaleResolverContext
instanceKlass org/hibernate/validator/messageinterpolation/AbstractMessageInterpolator
instanceKlass org/springframework/context/event/EventListenerMethodProcessor
instanceKlass org/springframework/beans/factory/SmartInitializingSingleton
instanceKlass org/springframework/beans/factory/annotation/InitDestroyAnnotationBeanPostProcessor
instanceKlass org/springframework/beans/factory/config/DestructionAwareBeanPostProcessor
instanceKlass org/hibernate/validator/constraintvalidation/HibernateConstraintValidatorInitializationContext
instanceKlass org/hibernate/validator/internal/engine/ValidatorFactoryScopedContext
instanceKlass org/springframework/beans/factory/annotation/AutowiredAnnotationBeanPostProcessor
instanceKlass org/springframework/beans/factory/support/MergedBeanDefinitionPostProcessor
instanceKlass org/springframework/beans/factory/config/SmartInstantiationAwareBeanPostProcessor
instanceKlass org/springframework/beans/factory/config/InstantiationAwareBeanPostProcessor
instanceKlass org/hibernate/validator/internal/metadata/aggregated/rule/MethodConfigurationRule
instanceKlass org/hibernate/validator/internal/engine/MethodValidationConfiguration
instanceKlass org/springframework/beans/factory/config/BeanDefinitionHolder
instanceKlass org/hibernate/validator/spi/scripting/ScriptEvaluatorFactory
instanceKlass org/hibernate/validator/spi/messageinterpolation/LocaleResolver
instanceKlass org/hibernate/validator/metadata/BeanMetaDataClassNormalizer
instanceKlass org/hibernate/validator/spi/cfg/ConstraintMappingContributor
instanceKlass org/hibernate/validator/spi/cfg/ConstraintMappingContributor$ConstraintMappingBuilder
instanceKlass org/springframework/beans/factory/support/MethodOverrides
instanceKlass org/springframework/context/annotation/ConfigurationClassPostProcessor
instanceKlass org/hibernate/validator/internal/engine/ValidatorFactoryConfigurationHelper
instanceKlass org/springframework/context/EnvironmentAware
instanceKlass org/springframework/context/ApplicationStartupAware
instanceKlass org/springframework/context/ResourceLoaderAware
instanceKlass org/springframework/beans/factory/aot/BeanRegistrationAotProcessor
instanceKlass org/springframework/beans/factory/support/BeanDefinitionRegistryPostProcessor
instanceKlass org/hibernate/validator/HibernateValidatorContext
instanceKlass org/hibernate/validator/internal/metadata/BeanMetaDataManager
instanceKlass jakarta/validation/Validator
instanceKlass org/hibernate/validator/spi/tracking/ProcessedBeansTrackingVoter
instanceKlass org/hibernate/validator/internal/engine/constraintvalidation/ConstraintValidatorManager
instanceKlass jakarta/validation/ValidatorContext
instanceKlass org/hibernate/validator/internal/engine/ValidatorFactoryImpl
instanceKlass jakarta/inject/Qualifier
instanceKlass org/hibernate/validator/HibernateValidatorFactory
instanceKlass org/springframework/beans/factory/annotation/Qualifier
instanceKlass org/springframework/aop/TargetSource
instanceKlass org/hibernate/validator/internal/engine/resolver/TraverseAllTraversableResolver
instanceKlass org/hibernate/validator/internal/util/actions/LoadClass
instanceKlass jakarta/annotation/PostConstruct
instanceKlass org/springframework/context/annotation/AnnotationConfigUtils
instanceKlass org/springframework/context/annotation/ConditionEvaluator$ConditionContextImpl
instanceKlass jakarta/validation/TraversableResolver
instanceKlass org/hibernate/validator/internal/engine/resolver/TraversableResolvers
instanceKlass org/springframework/context/annotation/ConditionContext
instanceKlass org/springframework/context/annotation/ConditionEvaluator
instanceKlass org/springframework/context/annotation/Scope
instanceKlass org/hibernate/validator/internal/xml/config/BootstrapConfigurationImpl
instanceKlass jakarta/validation/BootstrapConfiguration
instanceKlass org/springframework/context/annotation/AnnotationScopeMetadataResolver
instanceKlass org/springframework/context/annotation/AnnotationBeanNameGenerator
instanceKlass org/springframework/beans/factory/annotation/AnnotatedBeanDefinition
instanceKlass org/springframework/core/type/AnnotatedTypeMetadata
instanceKlass org/hibernate/validator/internal/xml/config/ResourceLoaderHelper
instanceKlass org/springframework/context/annotation/ScopeMetadataResolver
instanceKlass org/springframework/beans/factory/support/BeanNameGenerator
instanceKlass org/springframework/context/annotation/AnnotatedBeanDefinitionReader
instanceKlass javax/xml/transform/Source
instanceKlass org/springframework/beans/factory/support/SimpleAutowireCandidateResolver
instanceKlass org/hibernate/validator/internal/xml/config/ValidationXmlParser
instanceKlass org/springframework/beans/factory/support/SimpleInstantiationStrategy
instanceKlass org/springframework/beans/factory/BeanNameAware
instanceKlass org/hibernate/validator/internal/util/actions/GetInstancesFromServiceLoader
instanceKlass jakarta/validation/valueextraction/ValueExtractor
instanceKlass jakarta/inject/Provider
instanceKlass org/hibernate/validator/internal/util/actions/GetClassLoader
instanceKlass org/hibernate/validator/internal/engine/constraintvalidation/HibernateConstraintValidatorInitializationSharedDataManager
instanceKlass org/hibernate/validator/internal/engine/DefaultPropertyNodeNameProvider
instanceKlass org/hibernate/validator/internal/engine/DefaultClockProvider
instanceKlass org/hibernate/validator/internal/engine/DefaultParameterNameProvider
instanceKlass org/hibernate/validator/constraintvalidation/spi/DefaultConstraintValidatorFactory
instanceKlass org/hibernate/validator/internal/xml/config/ValidationBootstrapParameters
instanceKlass org/springframework/beans/factory/ObjectProvider
instanceKlass org/springframework/beans/factory/ObjectFactory
instanceKlass org/hibernate/validator/internal/engine/MethodValidationConfiguration$Builder
instanceKlass org/springframework/beans/factory/support/AutowireCandidateResolver
instanceKlass org/hibernate/validator/internal/util/CollectionHelper
instanceKlass org/jboss/logging/Slf4jLocationAwareLogger$1
instanceKlass org/springframework/util/ReflectionUtils$MethodCallback
instanceKlass org/springframework/beans/factory/InjectionPoint
instanceKlass org/springframework/beans/BeanWrapper
instanceKlass org/springframework/beans/ConfigurablePropertyAccessor
instanceKlass org/jboss/logging/AbstractLoggerProvider
instanceKlass org/springframework/beans/PropertyAccessor
instanceKlass org/jboss/logging/LoggerProvider
instanceKlass org/jboss/logging/LoggerProviders
instanceKlass org/springframework/core/AttributeAccessorSupport
instanceKlass org/springframework/beans/PropertyValues
instanceKlass org/springframework/beans/factory/support/InstantiationStrategy
instanceKlass org/springframework/beans/factory/DisposableBean
instanceKlass org/springframework/core/SimpleAliasRegistry
instanceKlass org/jboss/logging/DelegatingBasicLogger
instanceKlass org/jboss/logging/SecurityActions
instanceKlass org/jboss/logging/LoggingLocale
instanceKlass org/hibernate/validator/internal/util/logging/Log
instanceKlass org/springframework/beans/factory/config/BeanDefinition
instanceKlass org/springframework/beans/BeanMetadataElement
instanceKlass org/springframework/core/AttributeAccessor
instanceKlass org/springframework/beans/factory/config/ConfigurableListableBeanFactory
instanceKlass org/hibernate/validator/internal/util/logging/LoggerFactory
instanceKlass org/springframework/beans/PropertyEditorRegistrar
instanceKlass org/hibernate/validator/internal/util/Version
instanceKlass org/springframework/beans/factory/config/BeanExpressionResolver
instanceKlass org/hibernate/validator/cfg/ConstraintMapping
instanceKlass org/hibernate/validator/spi/properties/GetterPropertySelectionStrategy
instanceKlass org/hibernate/validator/spi/nodenameprovider/PropertyNodeNameProvider
instanceKlass jakarta/validation/ClockProvider
instanceKlass org/springframework/beans/factory/config/BeanPostProcessor
instanceKlass jakarta/validation/ParameterNameProvider
instanceKlass org/springframework/context/LifecycleProcessor
instanceKlass jakarta/validation/ConstraintValidatorFactory
instanceKlass jakarta/validation/MessageInterpolator
instanceKlass org/hibernate/validator/spi/resourceloading/ResourceBundleLocator
instanceKlass org/springframework/beans/factory/config/AutowireCapableBeanFactory
instanceKlass org/hibernate/validator/internal/engine/AbstractConfigurationImpl
instanceKlass org/springframework/boot/web/context/reactive/ConfigurableReactiveWebApplicationContext
instanceKlass jakarta/validation/spi/ConfigurationState
instanceKlass org/hibernate/validator/HibernateValidatorConfiguration
instanceKlass org/springframework/boot/web/context/reactive/ReactiveWebApplicationContext
instanceKlass org/hibernate/validator/BaseHibernateValidatorConfiguration
instanceKlass jakarta/validation/Configuration
instanceKlass org/springframework/boot/web/server/context/ConfigurableWebServerApplicationContext
instanceKlass jakarta/validation/ValidatorFactory
instanceKlass org/hibernate/validator/HibernateValidator
instanceKlass org/springframework/boot/web/server/context/WebServerApplicationContext
instanceKlass org/springframework/context/annotation/AnnotationConfigRegistry
instanceKlass jakarta/validation/spi/ValidationProvider
instanceKlass jakarta/validation/Validation$GetValidationProviderListAction
instanceKlass org/springframework/boot/SpringApplicationBannerPrinter$PrintedBanner
instanceKlass jakarta/validation/Validation$DefaultValidationProviderResolver
instanceKlass org/springframework/boot/SpringBootVersion
instanceKlass jakarta/validation/ValidationProviderResolver
instanceKlass jakarta/validation/Validation$GenericBootstrapImpl
instanceKlass jakarta/validation/spi/BootstrapState
instanceKlass org/springframework/core/io/ContextResource
instanceKlass jakarta/validation/bootstrap/ProviderSpecificBootstrap
instanceKlass jakarta/validation/bootstrap/GenericBootstrap
instanceKlass org/springframework/boot/SpringBootBanner
instanceKlass jakarta/validation/Validation
instanceKlass org/springframework/boot/Banner
instanceKlass org/springframework/boot/SpringApplicationBannerPrinter
instanceKlass org/springframework/boot/EnvironmentConverter
instanceKlass java/lang/Deprecated
instanceKlass org/springframework/boot/autoconfigure/preinitialize/ConversionServiceBackgroundPreinitializer
instanceKlass org/springframework/boot/autoconfigure/preinitialize/CharsetsBackgroundPreinitializer
instanceKlass org/springframework/boot/jackson2/autoconfigure/Jackson2BackgroundPreinitializer
instanceKlass org/springframework/boot/jackson/autoconfigure/JacksonBackgroundPreinitializer
instanceKlass org/springframework/boot/http/converter/autoconfigure/MessageConverterBackgroundPreinitializer
instanceKlass org/springframework/boot/validation/autoconfigure/JakartaValidationBackgroundPreinitializer
instanceKlass org/springframework/boot/autoconfigure/preinitialize/BackgroundPreinitializer
instanceKlass ch/qos/logback/classic/pattern/TargetLengthBasedClassNameAbbreviator
instanceKlass ch/qos/logback/core/pattern/ConverterUtil
instanceKlass ch/qos/logback/classic/pattern/NamedConverter$CacheMissCalculator
instanceKlass ch/qos/logback/core/pattern/FormatInfo
instanceKlass ch/qos/logback/core/pattern/util/AsIsEscapeUtil
instanceKlass ch/qos/logback/core/pattern/parser/OptionTokenizer
instanceKlass ch/qos/logback/core/pattern/util/RestrictedEscapeUtil
instanceKlass ch/qos/logback/core/pattern/parser/TokenStream
instanceKlass ch/qos/logback/core/pattern/util/RegularEscapeUtil
instanceKlass ch/qos/logback/classic/pattern/EnsureExceptionHandling
instanceKlass ch/qos/logback/classic/pattern/Abbreviator
instanceKlass ch/qos/logback/core/pattern/parser/Token
instanceKlass ch/qos/logback/core/pattern/parser/Node
instanceKlass ch/qos/logback/core/pattern/util/IEscapeUtil
instanceKlass ch/qos/logback/core/pattern/PostCompileProcessor
instanceKlass java/util/logging/Logger$SystemLoggerHelper$1
instanceKlass java/util/logging/Logger$SystemLoggerHelper
instanceKlass ch/qos/logback/classic/jul/JULHelper
instanceKlass java/util/Vector$Itr
instanceKlass ch/qos/logback/core/subst/NodeToStringTransformer$1
instanceKlass ch/qos/logback/core/subst/Node
instanceKlass ch/qos/logback/core/subst/Parser$1
instanceKlass ch/qos/logback/core/subst/Parser
instanceKlass ch/qos/logback/core/subst/Token
instanceKlass ch/qos/logback/core/subst/Tokenizer
instanceKlass ch/qos/logback/core/subst/NodeToStringTransformer
instanceKlass java/util/Collections$UnmodifiableMap$UnmodifiableEntrySet$UnmodifiableEntrySetSpliterator
instanceKlass ch/qos/logback/core/rolling/RollingPolicy
instanceKlass org/springframework/boot/logging/logback/DefaultLogbackConfiguration
instanceKlass java/util/concurrent/Executors$DefaultThreadFactory
instanceKlass ch/qos/logback/core/util/ExecutorServiceUtil$1
instanceKlass java/util/concurrent/ScheduledExecutorService
instanceKlass ch/qos/logback/core/util/ExecutorServiceUtil
instanceKlass ch/qos/logback/core/LifeCycleManager
instanceKlass org/springframework/boot/logging/LoggingInitializationContext
instanceKlass org/springframework/boot/logging/LoggerGroup
instanceKlass org/springframework/boot/logging/LoggerGroups
instanceKlass org/springframework/boot/logging/LogFile
instanceKlass java/io/Console$2
instanceKlass jdk/internal/access/JavaIOAccess
instanceKlass java/io/Console
instanceKlass org/jboss/logging/Logger
instanceKlass org/jboss/logging/BasicLogger
instanceKlass org/springframework/boot/ansi/AnsiElement
instanceKlass org/springframework/boot/ansi/AnsiOutput
instanceKlass org/springframework/web/context/ConfigurableWebEnvironment
instanceKlass org/springframework/cloud/bootstrap/encrypt/AbstractEnvironmentDecrypt$PropertyVisitor
instanceKlass org/springframework/cloud/commons/ConfigDataMissingEnvironmentPostProcessor$1
instanceKlass java/util/concurrent/FutureTask$WaitNode
instanceKlass java/util/concurrent/FutureTask
instanceKlass java/util/concurrent/RunnableFuture
instanceKlass java/util/concurrent/Future
instanceKlass org/springframework/cloud/commons/util/InetUtils$HostInfo
instanceKlass java/net/NetworkInterface$1
instanceKlass java/net/DefaultInterface
instanceKlass java/net/InterfaceAddress
instanceKlass org/springframework/cloud/commons/util/InetUtils
instanceKlass org/springframework/cloud/commons/util/InetUtilsProperties
instanceKlass org/springframework/boot/context/properties/bind/MapBinder$EntryBinder
instanceKlass org/springframework/boot/context/config/ProfilesValidator
instanceKlass org/springframework/boot/context/config/Profiles
instanceKlass org/springframework/boot/context/properties/bind/DefaultValue
instanceKlass org/springframework/cloud/config/client/ConfigServicePropertySourceLocator$ConfigServiceOrigin
instanceKlass sun/util/resources/Bundles$2
instanceKlass java/util/ArrayList$SubList$1
instanceKlass sun/util/resources/LocaleData$LocaleDataResourceBundleProvider
instanceKlass java/util/spi/ResourceBundleProvider
instanceKlass io/micrometer/observation/SimpleObservation
instanceKlass org/springframework/http/ResponseEntity$DefaultBuilder
instanceKlass org/springframework/http/ResponseEntity$BodyBuilder
instanceKlass org/springframework/http/ResponseEntity$HeadersBuilder
instanceKlass tools/jackson/core/io/NumberInput
instanceKlass tools/jackson/databind/deser/jdk/UntypedObjectDeserializerNR$Scope
instanceKlass tools/jackson/databind/util/ObjectBuffer
instanceKlass tools/jackson/databind/deser/bean/PropertyValue
instanceKlass tools/jackson/databind/deser/bean/PropertyValueBuffer
instanceKlass tools/jackson/core/util/JacksonFeatureSet
instanceKlass tools/jackson/core/TokenStreamContext
instanceKlass sun/net/www/http/KeepAliveEntry
instanceKlass sun/net/www/http/KeepAliveCache$1
instanceKlass tools/jackson/core/json/ByteSourceJsonBootstrapper
instanceKlass tools/jackson/core/util/TextBuffer
instanceKlass tools/jackson/core/io/IOContext
instanceKlass tools/jackson/core/util/BufferRecycler
instanceKlass tools/jackson/core/io/ContentReference
instanceKlass tools/jackson/databind/deser/bean/PropertyBasedCreator
instanceKlass tools/jackson/databind/deser/jdk/NumberDeserializers
instanceKlass tools/jackson/databind/deser/ContextualKeyDeserializer
instanceKlass jdk/internal/reflect/ClassDefiner$1
instanceKlass jdk/internal/reflect/ClassDefiner
instanceKlass jdk/internal/reflect/MethodAccessorGenerator$1
instanceKlass jdk/internal/reflect/Label$PatchInfo
instanceKlass jdk/internal/reflect/Label
instanceKlass jdk/internal/reflect/UTF8
instanceKlass jdk/internal/reflect/ClassFileAssembler
instanceKlass jdk/internal/reflect/ByteVectorImpl
instanceKlass jdk/internal/reflect/ByteVector
instanceKlass jdk/internal/reflect/ByteVectorFactory
instanceKlass jdk/internal/reflect/AccessorGenerator
instanceKlass jdk/internal/reflect/ClassFileConstants
instanceKlass tools/jackson/databind/annotation/JacksonStdImpl
instanceKlass tools/jackson/databind/util/LinkedNode
instanceKlass tools/jackson/databind/deser/BasicDeserializerFactory$ContainerDefaultMappings
instanceKlass tools/jackson/databind/deser/bean/BeanPropertyMap
instanceKlass com/fasterxml/jackson/annotation/JsonAlias
instanceKlass tools/jackson/databind/deser/ReadableObjectId$Referring
instanceKlass tools/jackson/databind/util/ViewMatcher
instanceKlass tools/jackson/databind/deser/impl/NullsConstantProvider
instanceKlass com/fasterxml/jackson/annotation/JsonIgnoreType
instanceKlass tools/jackson/databind/util/IgnorePropertiesUtil
instanceKlass com/fasterxml/jackson/annotation/JsonIncludeProperties$Value
instanceKlass com/fasterxml/jackson/annotation/JsonIncludeProperties
instanceKlass com/fasterxml/jackson/annotation/JsonIgnoreProperties$Value
instanceKlass com/fasterxml/jackson/annotation/JsonIgnoreProperties
instanceKlass tools/jackson/databind/deser/BeanDeserializerBuilder
instanceKlass tools/jackson/databind/BeanProperty$Std
instanceKlass tools/jackson/databind/annotation/JsonTypeResolver
instanceKlass tools/jackson/databind/deser/bean/CreatorCandidate$Param
instanceKlass tools/jackson/databind/deser/bean/CreatorCandidate
instanceKlass tools/jackson/databind/deser/bean/CreatorCollector
instanceKlass tools/jackson/databind/type/TypeBindings$AsKey
instanceKlass tools/jackson/databind/type/TypeBindings$TypeParamStash
instanceKlass tools/jackson/databind/PropertyMetadata
instanceKlass com/fasterxml/jackson/annotation/JsonPropertyDescription
instanceKlass com/fasterxml/jackson/annotation/JsonPropertyOrder
instanceKlass tools/jackson/databind/annotation/JsonNaming
instanceKlass com/fasterxml/jackson/annotation/JacksonInject
instanceKlass java/util/LinkedList$ListItr
instanceKlass tools/jackson/databind/introspect/POJOPropertyBuilder$2
instanceKlass tools/jackson/databind/introspect/POJOPropertyBuilder$1
instanceKlass tools/jackson/databind/introspect/POJOPropertiesCollector$1
instanceKlass tools/jackson/databind/cfg/ConstructorDetector
instanceKlass tools/jackson/databind/introspect/PotentialCreator
instanceKlass tools/jackson/databind/introspect/MethodGenericTypeResolver
instanceKlass com/fasterxml/jackson/annotation/JsonCreator
instanceKlass com/fasterxml/jackson/annotation/JacksonAnnotationsInside
instanceKlass com/fasterxml/jackson/annotation/JacksonAnnotation
instanceKlass com/fasterxml/jackson/annotation/JsonGetter
instanceKlass tools/jackson/databind/util/internal/UnreflectHandleSupplier
instanceKlass tools/jackson/databind/introspect/AnnotatedMethodCollector$MethodBuilder
instanceKlass tools/jackson/databind/introspect/MemberKey
instanceKlass org/springframework/cloud/config/environment/PropertySource
instanceKlass tools/jackson/databind/introspect/POJOPropertyBuilder$Linked
instanceKlass tools/jackson/databind/AnnotationIntrospector$ReferenceProperty
instanceKlass tools/jackson/databind/introspect/POJOPropertyBuilder$WithMember
instanceKlass com/fasterxml/jackson/annotation/JsonIgnore
instanceKlass com/fasterxml/jackson/annotation/JsonAutoDetect$1
instanceKlass com/fasterxml/jackson/annotation/JsonProperty
instanceKlass com/fasterxml/jackson/annotation/JsonSetter
instanceKlass tools/jackson/databind/PropertyName
instanceKlass com/fasterxml/jackson/annotation/JsonAnySetter
instanceKlass com/fasterxml/jackson/annotation/JsonAnyGetter
instanceKlass com/fasterxml/jackson/annotation/JsonValue
instanceKlass com/fasterxml/jackson/annotation/JsonKey
instanceKlass tools/jackson/databind/introspect/AnnotatedFieldCollector$FieldBuilder
instanceKlass tools/jackson/databind/introspect/TypeResolutionContext$Basic
instanceKlass tools/jackson/databind/introspect/AnnotationMap
instanceKlass tools/jackson/databind/introspect/CollectorBase
instanceKlass tools/jackson/databind/introspect/PotentialCreators
instanceKlass com/fasterxml/jackson/annotation/JsonIdentityInfo
instanceKlass com/fasterxml/jackson/annotation/JsonAutoDetect
instanceKlass tools/jackson/databind/introspect/POJOPropertiesCollector
instanceKlass tools/jackson/core/TokenStreamLocation
instanceKlass tools/jackson/databind/deser/ValueInstantiator
instanceKlass tools/jackson/databind/deser/jdk/JDKValueInstantiators
instanceKlass tools/jackson/databind/annotation/JsonValueInstantiator
instanceKlass tools/jackson/databind/util/BeanUtil
instanceKlass tools/jackson/databind/jsontype/impl/SubTypeValidator
instanceKlass tools/jackson/databind/deser/jdk/JDKMiscDeserializers
instanceKlass tools/jackson/databind/ext/sql/JavaSqlTypeHandlerFactory
instanceKlass org/w3c/dom/Document
instanceKlass org/w3c/dom/Node
instanceKlass tools/jackson/databind/ext/OptionalHandlerFactory
instanceKlass tools/jackson/databind/util/ArrayIterator
instanceKlass tools/jackson/databind/introspect/AnnotatedClassResolver
instanceKlass tools/jackson/databind/BeanDescription$SupplierBase
instanceKlass tools/jackson/databind/BeanDescription$Supplier
instanceKlass tools/jackson/databind/deser/DeserializationProblemHandler
instanceKlass tools/jackson/core/filter/TokenFilter
instanceKlass tools/jackson/databind/ObjectReader
instanceKlass org/springframework/http/converter/json/MappingJacksonInputMessage
instanceKlass org/springframework/util/StreamUtils
instanceKlass tools/jackson/databind/util/internal/PrivateMaxEntriesMap$AddTask
instanceKlass tools/jackson/databind/util/internal/PrivateMaxEntriesMap$WeightedValue
instanceKlass java/util/OptionalDouble
instanceKlass java/util/OptionalLong
instanceKlass tools/jackson/databind/type/ClassStack
instanceKlass org/springframework/web/client/ClientHttpResponseDecorator
instanceKlass org/springframework/http/HttpStatusCode
instanceKlass org/springframework/http/client/SimpleClientHttpResponse
instanceKlass sun/net/www/http/KeepAliveStreamCleaner$2
instanceKlass sun/net/www/http/KeepAliveStreamCleaner$1
instanceKlass sun/net/www/http/Hurryable
instanceKlass sun/net/www/HeaderParser
instanceKlass sun/nio/ch/IOStatus
instanceKlass sun/net/www/protocol/http/AuthCacheImpl
instanceKlass sun/net/www/protocol/http/AuthCache
instanceKlass sun/net/www/protocol/http/AuthCacheValue
instanceKlass sun/net/www/protocol/http/AuthenticatorKeys
instanceKlass sun/nio/ch/ExtendedSocketOption$1
instanceKlass sun/nio/ch/ExtendedSocketOption
instanceKlass sun/nio/ch/OptionKey
instanceKlass sun/nio/ch/SocketOptionRegistry$LazyInitialization
instanceKlass sun/nio/ch/SocketOptionRegistry$RegistryKey
instanceKlass sun/nio/ch/SocketOptionRegistry
instanceKlass java/net/NetworkInterface
instanceKlass java/net/StandardSocketOptions$StdSocketOption
instanceKlass java/net/StandardSocketOptions
instanceKlass java/util/concurrent/atomic/Striped64$1
instanceKlass java/net/InetAddress$CachedAddresses
instanceKlass sun/net/InetAddressCachePolicy$2
instanceKlass sun/net/InetAddressCachePolicy$1
instanceKlass sun/net/InetAddressCachePolicy
instanceKlass java/net/InetAddress$NameServiceAddresses
instanceKlass java/net/InetAddress$Addresses
instanceKlass java/util/concurrent/ConcurrentSkipListMap$Iter
instanceKlass sun/net/www/http/HttpCapture$1
instanceKlass sun/net/www/http/HttpCapture
instanceKlass sun/net/www/http/KeepAliveKey
instanceKlass sun/net/NetworkClient$1
instanceKlass sun/net/NetworkClient
instanceKlass sun/net/www/protocol/http/HttpURLConnection$7
instanceKlass org/springframework/http/HttpHeaders$CaseInsensitiveEntrySet$CaseInsensitiveEntry
instanceKlass org/springframework/http/HttpHeaders$HeaderNamesIterator
instanceKlass org/springframework/http/HttpHeaders$CaseInsensitiveEntrySet$CaseInsensitiveIterator
instanceKlass org/springframework/util/LinkedCaseInsensitiveMap$EntryIterator
instanceKlass org/springframework/http/converter/GenericHttpMessageConverter
instanceKlass io/micrometer/observation/SimpleObservationRegistry
instanceKlass io/micrometer/common/util/internal/logging/AbstractInternalLogger
instanceKlass io/micrometer/common/util/internal/logging/InternalLogger
instanceKlass io/micrometer/common/util/internal/logging/InternalLoggerFactory
instanceKlass io/micrometer/observation/Observation$Scope$1
instanceKlass io/micrometer/observation/SimpleObservation$SimpleScope
instanceKlass io/micrometer/observation/Observation$Scope
instanceKlass io/micrometer/observation/NoopButScopeHandlingObservation
instanceKlass io/micrometer/observation/Observation$1
instanceKlass io/micrometer/observation/Observation
instanceKlass io/micrometer/observation/Observation$Event
instanceKlass io/micrometer/observation/transport/Propagator$Setter
instanceKlass io/micrometer/observation/ObservationView
instanceKlass io/micrometer/observation/transport/ResponseContext
instanceKlass org/springframework/http/client/ClientHttpRequestInitializer
instanceKlass org/springframework/http/client/AbstractClientHttpRequest
instanceKlass org/springframework/http/StreamingHttpOutputMessage
instanceKlass java/net/ResponseCache
instanceKlass sun/net/www/protocol/http/HttpURLConnection$3
instanceKlass java/net/CookieHandler
instanceKlass sun/net/www/protocol/http/HttpURLConnection$2
instanceKlass org/springframework/web/util/HierarchicalUriComponents$QueryUriTemplateVariables
instanceKlass org/springframework/web/util/UriComponents$VarArgsTemplateVariables
instanceKlass org/springframework/web/util/HierarchicalUriComponents$PathSegmentComponent
instanceKlass org/springframework/web/util/HierarchicalUriComponents$FullPathComponent
instanceKlass org/springframework/web/util/UriComponentsBuilder$FullPathComponentBuilder
instanceKlass org/springframework/web/util/UriComponentsBuilder$PathSegmentComponentBuilder
instanceKlass org/springframework/web/util/DefaultUriBuilderFactory$DefaultUriBuilder
instanceKlass org/springframework/web/client/HttpMessageConverterExtractor
instanceKlass org/springframework/web/client/RestTemplate$ResponseEntityResponseExtractor
instanceKlass org/springframework/web/client/RestTemplate$AcceptHeaderRequestCallback
instanceKlass org/springframework/cloud/config/environment/Environment
instanceKlass org/springframework/http/HttpMethod
instanceKlass org/springframework/http/HttpEntity
instanceKlass org/springframework/util/LinkedCaseInsensitiveMap
instanceKlass java/time/temporal/TemporalQueries$7
instanceKlass java/time/temporal/TemporalQueries$6
instanceKlass java/time/temporal/TemporalQueries$5
instanceKlass java/time/temporal/TemporalQueries$4
instanceKlass java/time/temporal/TemporalQueries$3
instanceKlass java/time/temporal/TemporalQueries$2
instanceKlass java/time/temporal/TemporalQueries$1
instanceKlass java/time/temporal/TemporalQueries
instanceKlass org/springframework/http/HttpHeaders
instanceKlass java/net/spi/URLStreamHandlerProvider
instanceKlass java/net/URL$1
instanceKlass java/net/URL$2
instanceKlass org/springframework/util/ConcurrentLruCache$AddTask
instanceKlass org/springframework/util/ConcurrentLruCache$WriteOperations
instanceKlass org/springframework/util/ConcurrentLruCache$ReadOperations
instanceKlass org/springframework/util/ConcurrentLruCache$EvictionQueue
instanceKlass org/springframework/util/ConcurrentLruCache
instanceKlass org/springframework/util/MimeTypeUtils
instanceKlass org/springframework/web/util/DefaultUriBuilderFactory
instanceKlass org/springframework/web/util/UriBuilderFactory
instanceKlass io/micrometer/observation/ObservationRegistry$ObservationConfig
instanceKlass io/micrometer/observation/ObservationRegistry$1
instanceKlass io/micrometer/observation/ObservationRegistry
instanceKlass org/springframework/web/client/RestTemplate$HeadersExtractor
instanceKlass org/springframework/http/client/ClientHttpResponse
instanceKlass org/springframework/http/HttpInputMessage
instanceKlass org/springframework/web/client/DefaultResponseErrorHandler
instanceKlass org/springframework/http/converter/DefaultHttpMessageConverters
instanceKlass org/springframework/http/converter/FormHttpMessageConverter
instanceKlass tools/jackson/databind/deser/DeserializerCache
instanceKlass tools/jackson/databind/ser/SerializerCache
instanceKlass tools/jackson/databind/cfg/ContextAttributes
instanceKlass tools/jackson/databind/cfg/ConfigOverride
instanceKlass tools/jackson/databind/util/RootNameLookup
instanceKlass tools/jackson/databind/introspect/AnnotatedMethodMap
instanceKlass tools/jackson/databind/introspect/AnnotationCollector$NoAnnotations
instanceKlass tools/jackson/databind/util/Annotations
instanceKlass tools/jackson/databind/introspect/AnnotationCollector
instanceKlass tools/jackson/databind/introspect/AnnotatedClass$Creators
instanceKlass tools/jackson/databind/BeanDescription
instanceKlass tools/jackson/databind/type/TypeFactory
instanceKlass tools/jackson/databind/deser/ValueInstantiators$Base
instanceKlass tools/jackson/databind/module/SimpleKeyDeserializers
instanceKlass tools/jackson/databind/ser/ValueSerializerModifier
instanceKlass tools/jackson/databind/cfg/SerializerFactoryConfig
instanceKlass java/util/function/ToLongFunction
instanceKlass tools/jackson/databind/ser/Serializers$Base
instanceKlass tools/jackson/databind/util/ClassUtil$Ctor
instanceKlass tools/jackson/databind/util/ClassUtil
instanceKlass tools/jackson/databind/util/ArrayBuilders
instanceKlass tools/jackson/databind/deser/jdk/NullKeySkippable
instanceKlass tools/jackson/databind/deser/jdk/JDKKeyDeserializers
instanceKlass tools/jackson/databind/deser/ValueDeserializerModifier
instanceKlass tools/jackson/databind/cfg/DeserializerFactoryConfig
instanceKlass com/fasterxml/jackson/annotation/ObjectIdGenerator
instanceKlass tools/jackson/databind/ext/javatime/deser/InstantDeserializer$FromDecimalArguments
instanceKlass tools/jackson/databind/ext/javatime/deser/InstantDeserializer$FromIntegerArguments
instanceKlass tools/jackson/databind/deser/Deserializers$Base
instanceKlass tools/jackson/databind/deser/ValueInstantiators
instanceKlass tools/jackson/databind/deser/KeyDeserializers
instanceKlass tools/jackson/databind/KeyDeserializer
instanceKlass tools/jackson/databind/ser/Serializers
instanceKlass tools/jackson/databind/ValueSerializer
instanceKlass tools/jackson/databind/jsonFormatVisitors/JsonFormatVisitable
instanceKlass tools/jackson/databind/deser/Deserializers
instanceKlass tools/jackson/databind/deser/ValueInstantiator$Gettable
instanceKlass tools/jackson/databind/ValueDeserializer
instanceKlass tools/jackson/databind/deser/NullValueProvider
instanceKlass tools/jackson/databind/ext/javatime/JavaTimeInitializer
instanceKlass tools/jackson/databind/cfg/ModuleContextBase
instanceKlass tools/jackson/databind/JacksonModule
instanceKlass tools/jackson/databind/type/ClassKey
instanceKlass tools/jackson/databind/introspect/MixInHandler
instanceKlass org/springframework/http/converter/json/ProblemDetailJacksonMixin
instanceKlass org/springframework/http/ProblemDetail
instanceKlass tools/jackson/databind/cfg/DatatypeFeatures$DefaultHolder
instanceKlass tools/jackson/databind/cfg/DatatypeFeatures
instanceKlass tools/jackson/databind/cfg/CoercionConfig
instanceKlass tools/jackson/databind/cfg/CoercionConfigs
instanceKlass com/fasterxml/jackson/annotation/JsonFormat$Features
instanceKlass com/fasterxml/jackson/annotation/JsonFormat$Value
instanceKlass com/fasterxml/jackson/annotation/JsonSetter$Value
instanceKlass tools/jackson/databind/introspect/VisibilityChecker
instanceKlass com/fasterxml/jackson/annotation/JsonInclude$Value
instanceKlass com/fasterxml/jackson/annotation/JacksonAnnotationValue
instanceKlass tools/jackson/databind/cfg/ConfigOverrides
instanceKlass tools/jackson/core/sym/CharsToNameCanonicalizer$Bucket
instanceKlass tools/jackson/core/sym/CharsToNameCanonicalizer$TableInfo
instanceKlass tools/jackson/core/sym/CharsToNameCanonicalizer
instanceKlass tools/jackson/core/sym/ByteQuadsCanonicalizer$TableInfo
instanceKlass tools/jackson/core/sym/ByteQuadsCanonicalizer
instanceKlass tools/jackson/core/util/RecyclerPool$WithPool
instanceKlass tools/jackson/core/util/RecyclerPool$StatefulImplBase
instanceKlass tools/jackson/core/util/RecyclerPool
instanceKlass tools/jackson/core/util/JsonRecyclerPools
instanceKlass tools/jackson/core/ErrorReportConfiguration
instanceKlass tools/jackson/core/StreamWriteConstraints
instanceKlass tools/jackson/core/StreamReadConstraints
instanceKlass tools/jackson/core/ObjectWriteContext$Base
instanceKlass tools/jackson/core/async/ByteBufferFeeder
instanceKlass tools/jackson/core/async/ByteArrayFeeder
instanceKlass tools/jackson/core/async/NonBlockingInputFeeder
instanceKlass tools/jackson/core/TSFBuilder
instanceKlass tools/jackson/core/sym/PropertyNameMatcher
instanceKlass tools/jackson/databind/AbstractTypeResolver
instanceKlass tools/jackson/databind/jsontype/TypeIdResolver
instanceKlass tools/jackson/databind/jsontype/impl/StdTypeResolverBuilder
instanceKlass tools/jackson/databind/jsontype/TypeDeserializer
instanceKlass tools/jackson/databind/jsontype/TypeSerializer
instanceKlass tools/jackson/databind/cfg/MapperConfig
instanceKlass tools/jackson/databind/introspect/MixInResolver
instanceKlass tools/jackson/databind/jsontype/TypeResolverProvider
instanceKlass tools/jackson/databind/node/JsonNodeFactory
instanceKlass tools/jackson/databind/node/JsonNodeCreator
instanceKlass tools/jackson/databind/cfg/DefaultCacheProvider
instanceKlass tools/jackson/databind/cfg/CacheProvider
instanceKlass tools/jackson/core/Base64Variant
instanceKlass tools/jackson/core/Base64Variants
instanceKlass java/text/DigitList
instanceKlass java/text/FieldPosition
instanceKlass java/lang/StringUTF16$CharsSpliterator
instanceKlass java/util/stream/Sink$ChainedInt
instanceKlass java/util/OptionalInt
instanceKlass java/text/DecimalFormatSymbols
instanceKlass java/text/DateFormatSymbols
instanceKlass sun/util/resources/Bundles$CacheKeyReference
instanceKlass java/util/ResourceBundle$ResourceBundleProviderHelper
instanceKlass sun/util/resources/Bundles$CacheKey
instanceKlass java/util/ResourceBundle$1
instanceKlass jdk/internal/access/JavaUtilResourceBundleAccess
instanceKlass sun/util/resources/Bundles
instanceKlass sun/util/resources/LocaleData$LocaleDataStrategy
instanceKlass sun/util/resources/Bundles$Strategy
instanceKlass sun/util/resources/LocaleData$1
instanceKlass sun/util/resources/LocaleData
instanceKlass sun/util/locale/provider/LocaleResources
instanceKlass java/util/ResourceBundle
instanceKlass java/util/ResourceBundle$Control
instanceKlass sun/util/locale/provider/CalendarDataUtility$CalendarWeekParameterGetter
instanceKlass sun/util/locale/provider/LocaleServiceProviderPool$LocalizedObjectGetter
instanceKlass sun/util/locale/provider/LocaleServiceProviderPool
instanceKlass java/util/Locale$Builder
instanceKlass sun/util/locale/provider/CalendarDataUtility
instanceKlass java/util/Calendar$Builder
instanceKlass sun/util/locale/provider/AvailableLanguageTags
instanceKlass sun/util/resources/cldr/provider/CLDRLocaleDataMetaInfo
instanceKlass sun/util/locale/InternalLocaleBuilder$CaseInsensitiveChar
instanceKlass sun/util/locale/InternalLocaleBuilder
instanceKlass sun/util/locale/StringTokenIterator
instanceKlass sun/util/locale/ParseStatus
instanceKlass sun/util/locale/LanguageTag
instanceKlass sun/util/cldr/CLDRBaseLocaleDataMetaInfo
instanceKlass sun/util/locale/provider/LocaleDataMetaInfo
instanceKlass sun/util/locale/provider/ResourceBundleBasedAdapter
instanceKlass sun/util/locale/provider/LocaleProviderAdapter$1
instanceKlass sun/util/locale/provider/LocaleProviderAdapter
instanceKlass java/util/spi/LocaleServiceProvider
instanceKlass java/text/AttributedCharacterIterator$Attribute
instanceKlass tools/jackson/databind/cfg/BaseSettings
instanceKlass tools/jackson/databind/introspect/DefaultAccessorNamingStrategy$FirstCharBasedValidator
instanceKlass tools/jackson/databind/introspect/DefaultAccessorNamingStrategy$BaseNameValidator
instanceKlass tools/jackson/databind/introspect/AccessorNamingStrategy
instanceKlass java/util/concurrent/atomic/AtomicReferenceArray
instanceKlass java/util/concurrent/atomic/AtomicLongArray
instanceKlass tools/jackson/databind/util/internal/Linked
instanceKlass tools/jackson/databind/util/internal/PrivateMaxEntriesMap$Builder
instanceKlass tools/jackson/databind/util/SimpleLookupCache
instanceKlass java/beans/ConstructorProperties
instanceKlass java/beans/Transient
instanceKlass tools/jackson/databind/ext/beans/JavaBeansAnnotations
instanceKlass com/fasterxml/jackson/annotation/JsonMerge
instanceKlass com/fasterxml/jackson/annotation/JsonDeserializeAs
instanceKlass tools/jackson/databind/annotation/JsonDeserialize
instanceKlass com/fasterxml/jackson/annotation/JsonManagedReference
instanceKlass com/fasterxml/jackson/annotation/JsonBackReference
instanceKlass com/fasterxml/jackson/annotation/JsonUnwrapped
instanceKlass com/fasterxml/jackson/annotation/JsonRawValue
instanceKlass com/fasterxml/jackson/annotation/JsonTypeInfo
instanceKlass com/fasterxml/jackson/annotation/JsonFormat
instanceKlass com/fasterxml/jackson/annotation/JsonSerializeAs
instanceKlass tools/jackson/databind/annotation/JsonSerialize
instanceKlass tools/jackson/databind/introspect/ConcreteBeanPropertyBase
instanceKlass tools/jackson/databind/BeanProperty
instanceKlass tools/jackson/databind/introspect/BeanPropertyDefinition
instanceKlass tools/jackson/databind/util/FullyNamed
instanceKlass tools/jackson/core/util/Named
instanceKlass tools/jackson/databind/introspect/TypeResolutionContext
instanceKlass tools/jackson/databind/introspect/Annotated
instanceKlass tools/jackson/databind/util/LookupCache
instanceKlass tools/jackson/core/util/DefaultPrettyPrinter$NopIndenter
instanceKlass tools/jackson/core/io/CharTypes
instanceKlass tools/jackson/core/io/JsonStringEncoder
instanceKlass tools/jackson/core/io/SerializedString
instanceKlass tools/jackson/core/util/Separators
instanceKlass tools/jackson/core/SerializableString
instanceKlass tools/jackson/core/util/DefaultPrettyPrinter
instanceKlass tools/jackson/core/util/Instantiatable
instanceKlass tools/jackson/databind/cfg/ConfigFeature
instanceKlass tools/jackson/databind/cfg/MapperBuilderState
instanceKlass tools/jackson/databind/cfg/DatatypeFeature
instanceKlass tools/jackson/databind/jsontype/TypeResolverBuilder
instanceKlass tools/jackson/databind/JacksonModule$SetupContext
instanceKlass tools/jackson/databind/cfg/SerializationContexts
instanceKlass tools/jackson/databind/ser/SerializerFactory
instanceKlass tools/jackson/databind/jsontype/SubtypeResolver
instanceKlass tools/jackson/databind/cfg/DeserializationContexts
instanceKlass tools/jackson/databind/deser/DeserializerFactory
instanceKlass tools/jackson/databind/introspect/ClassIntrospector
instanceKlass java/text/Format
instanceKlass tools/jackson/databind/introspect/AccessorNamingStrategy$Provider
instanceKlass tools/jackson/databind/jsontype/PolymorphicTypeValidator
instanceKlass tools/jackson/databind/AnnotationIntrospector
instanceKlass tools/jackson/databind/type/TypeBindings
instanceKlass tools/jackson/core/FormatFeature
instanceKlass tools/jackson/core/util/JacksonFeature
instanceKlass tools/jackson/core/util/BufferRecycler$Gettable
instanceKlass tools/jackson/core/tree/ArrayTreeNode
instanceKlass tools/jackson/core/tree/ObjectTreeNode
instanceKlass tools/jackson/core/JsonParser
instanceKlass tools/jackson/databind/DatabindContext
instanceKlass tools/jackson/databind/JacksonSerializable$Base
instanceKlass tools/jackson/core/TreeNode
instanceKlass tools/jackson/core/ObjectWriteContext
instanceKlass tools/jackson/core/JsonGenerator
instanceKlass tools/jackson/core/ObjectReadContext
instanceKlass tools/jackson/databind/JacksonSerializable
instanceKlass tools/jackson/core/type/ResolvedType
instanceKlass tools/jackson/core/TokenStreamFactory
instanceKlass tools/jackson/databind/cfg/MapperBuilder
instanceKlass tools/jackson/databind/ser/FilterProvider
instanceKlass tools/jackson/core/util/Snapshottable
instanceKlass com/fasterxml/jackson/annotation/JsonView
instanceKlass tools/jackson/core/PrettyPrinter
instanceKlass tools/jackson/core/util/DefaultPrettyPrinter$Indenter
instanceKlass org/springframework/http/converter/SmartHttpMessageConverter
instanceKlass org/apache/commons/logging/impl/NoOpLog
instanceKlass org/springframework/core/log/CompositeLog
instanceKlass org/springframework/http/HttpLogging
instanceKlass org/springframework/http/StreamingHttpOutputMessage$Body
instanceKlass org/springframework/http/converter/AbstractHttpMessageConverter
instanceKlass com/google/gson/Gson
instanceKlass com/fasterxml/jackson/core/JsonGenerator
instanceKlass com/fasterxml/jackson/core/TreeCodec
instanceKlass com/fasterxml/jackson/core/Versioned
instanceKlass tools/jackson/databind/ObjectMapper
instanceKlass tools/jackson/core/Versioned
instanceKlass tools/jackson/core/TreeCodec
instanceKlass org/springframework/http/converter/HttpMessageConverter
instanceKlass org/springframework/util/MimeType
instanceKlass org/springframework/http/converter/DefaultHttpMessageConverters$DefaultBuilder
instanceKlass org/springframework/http/converter/HttpMessageConverters$ServerBuilder
instanceKlass org/springframework/http/converter/HttpMessageConverters$ClientBuilder
instanceKlass org/springframework/http/converter/HttpMessageConverters$Builder
instanceKlass org/springframework/http/converter/HttpMessageConverters
instanceKlass io/micrometer/common/ImmutableKeyValue
instanceKlass io/micrometer/common/KeyValue
instanceKlass io/micrometer/observation/docs/ObservationDocumentation
instanceKlass io/micrometer/observation/Observation$Context
instanceKlass io/micrometer/observation/Observation$ContextView
instanceKlass io/micrometer/common/docs/KeyName
instanceKlass org/springframework/http/client/observation/DefaultClientRequestObservationConvention
instanceKlass org/springframework/web/client/RequestCallback
instanceKlass org/springframework/http/client/observation/ClientRequestObservationConvention
instanceKlass io/micrometer/observation/ObservationConvention
instanceKlass io/micrometer/observation/KeyValuesConvention
instanceKlass org/springframework/web/util/UriTemplateHandler
instanceKlass org/springframework/web/client/ResponseExtractor
instanceKlass org/springframework/web/client/ResponseErrorHandler
instanceKlass org/springframework/http/client/ClientHttpRequest
instanceKlass org/springframework/http/HttpOutputMessage
instanceKlass org/springframework/http/HttpRequest
instanceKlass org/springframework/http/HttpMessage
instanceKlass org/springframework/http/client/SimpleClientHttpRequestFactory
instanceKlass org/apache/hc/client5/http/socket/LayeredConnectionSocketFactory
instanceKlass org/apache/hc/client5/http/socket/ConnectionSocketFactory
instanceKlass org/springframework/http/client/ClientHttpRequestFactory
instanceKlass org/apache/hc/client5/http/classic/HttpClient
instanceKlass org/apache/hc/client5/http/io/HttpClientConnectionManager
instanceKlass org/apache/hc/core5/io/ModalCloseable
instanceKlass org/springframework/cloud/config/client/ConfigClientStateHolder
instanceKlass org/springframework/cloud/config/client/ConfigServerBootstrapper$LoaderInterceptor
instanceKlass org/springframework/cloud/config/client/ConfigServerInstanceMonitor
instanceKlass org/springframework/web/util/HierarchicalUriComponents$1
instanceKlass org/springframework/util/UnmodifiableMultiValueMap
instanceKlass org/springframework/web/util/UriComponents$UriTemplateVariables
instanceKlass org/springframework/web/util/RfcUriParser$InternalParser
instanceKlass org/springframework/core/log/LogDelegateFactory
instanceKlass org/springframework/web/util/RfcUriParser
instanceKlass org/springframework/web/util/HierarchicalUriComponents$PathComponent
instanceKlass org/springframework/web/util/UriComponentsBuilder$CompositePathComponentBuilder
instanceKlass org/springframework/web/util/UriComponentsBuilder$PathComponentBuilder
instanceKlass org/springframework/web/util/UriComponents
instanceKlass org/springframework/web/util/UriComponentsBuilder
instanceKlass org/springframework/web/util/UriBuilder
instanceKlass java/util/stream/ReduceOps$5ReducingSink
instanceKlass java/util/function/IntBinaryOperator
instanceKlass java/util/function/ToIntFunction
instanceKlass org/springframework/cloud/config/client/ConfigServerConfigDataLocationResolver$PropertyResolver
instanceKlass org/springframework/http/client/support/HttpAccessor
instanceKlass org/springframework/web/client/RestOperations
instanceKlass org/springframework/cloud/config/client/ConfigClientRequestTemplateFactory
instanceKlass org/springframework/cloud/config/client/RetryProperties
instanceKlass org/springframework/cloud/config/client/ConfigServerConfigDataLocationResolver$PropertyHolder
instanceKlass org/springframework/beans/factory/annotation/Value
instanceKlass org/springframework/cloud/config/client/ConfigClientProperties$Credentials
instanceKlass org/springframework/cloud/configuration/TlsProperties
instanceKlass org/springframework/cloud/config/client/ConfigClientProperties$Discovery
instanceKlass org/springframework/cloud/config/client/ConfigClientProperties
instanceKlass org/springframework/cloud/bootstrap/encrypt/TextEncryptorUtils$FailsafeTextEncryptor
instanceKlass org/springframework/boot/context/config/ConfigDataEnvironmentContributors$InactiveSourceChecker
instanceKlass java/util/AbstractList$SubList$1
instanceKlass org/springframework/boot/context/properties/bind/JavaBeanBinder$BeanSupplier
instanceKlass org/springframework/boot/context/properties/bind/JavaBeanBinder$BeanProperty
instanceKlass java/lang/invoke/MethodHandleImpl$LoopClauses
instanceKlass java/lang/invoke/MethodHandleImpl$CasesHolder
instanceKlass java/lang/invoke/MethodHandleImpl$BindCaller
instanceKlass org/springframework/core/BridgeMethodResolver
instanceKlass org/springframework/cloud/bootstrap/encrypt/KeyProperties$KeyStore
instanceKlass org/springframework/core/annotation/AnnotatedElementUtils
instanceKlass org/springframework/boot/convert/Delimiter
instanceKlass org/springframework/core/convert/support/ConversionUtils
instanceKlass java/lang/Short$ShortCache
instanceKlass org/springframework/beans/BeanUtils
instanceKlass org/springframework/util/AntPathMatcher$PathSeparatorPatternCache
instanceKlass org/springframework/util/AntPathMatcher
instanceKlass sun/nio/fs/ExtendedFileSystemProvider
instanceKlass org/springframework/util/PathMatcher
instanceKlass org/springframework/core/io/support/PathMatchingResourcePatternResolver
instanceKlass org/xml/sax/InputSource
instanceKlass java/util/concurrent/ConcurrentLinkedDeque$AbstractItr
instanceKlass org/springframework/core/convert/support/GenericConversionService$ConverterCacheKey
instanceKlass org/springframework/boot/context/properties/source/ConfigurationProperty
instanceKlass org/springframework/boot/origin/PropertySourceOrigin
instanceKlass org/springframework/boot/context/properties/bind/DataObjectPropertyName
instanceKlass org/springframework/boot/context/properties/bind/ValueObjectBinder$ConstructorParameter
instanceKlass org/springframework/core/SerializableTypeWrapper$MethodInvokeTypeProvider
instanceKlass org/springframework/core/SerializableTypeWrapper$TypeProxyInvocationHandler
instanceKlass sun/reflect/generics/tree/MethodTypeSignature
instanceKlass sun/reflect/generics/tree/VoidDescriptor
instanceKlass org/springframework/core/SerializableTypeWrapper$MethodParameterTypeProvider
instanceKlass org/springframework/core/MethodParameter
instanceKlass org/springframework/boot/context/properties/bind/Name
instanceKlass org/springframework/boot/context/properties/bind/ConstructorBinding
instanceKlass org/springframework/beans/factory/annotation/Autowired
instanceKlass org/springframework/boot/context/config/ConfigDataProperties$Activate
instanceKlass org/springframework/boot/context/properties/bind/DefaultBindConstructorProvider$Constructors
instanceKlass java/lang/invoke/DirectMethodHandle$1
instanceKlass java/lang/runtime/ObjectMethods$1
instanceKlass sun/invoke/util/ValueConversions$WrapperCache
instanceKlass java/lang/invoke/MethodHandleImpl$2
instanceKlass java/lang/invoke/MethodHandleImpl$ArrayAccessor
instanceKlass java/lang/invoke/MethodHandleImpl$Makers$2
instanceKlass java/lang/invoke/MethodHandleImpl$Makers$1
instanceKlass java/lang/invoke/MethodHandleImpl$Makers
instanceKlass java/lang/runtime/ObjectMethods
instanceKlass org/springframework/boot/context/properties/bind/AbstractBindHandler
instanceKlass org/springframework/boot/context/config/ConfigDataEnvironmentContributorPlaceholdersResolver
instanceKlass org/springframework/core/CollectionFactory
instanceKlass org/springframework/boot/origin/OriginTrackedValue
instanceKlass org/springframework/boot/origin/TextResourceOrigin
instanceKlass org/springframework/boot/origin/TextResourceOrigin$Location
instanceKlass java/util/TreeMap$NavigableSubMap$SubMapIterator
instanceKlass java/util/Collections$ReverseComparator
instanceKlass org/yaml/snakeyaml/parser/ParserImpl$ParseDocumentStart
instanceKlass org/yaml/snakeyaml/nodes/NodeTuple
instanceKlass org/yaml/snakeyaml/events/ImplicitTuple
instanceKlass org/yaml/snakeyaml/parser/ParserImpl$ParseBlockMappingValue
instanceKlass org/yaml/snakeyaml/parser/ParserImpl$ParseBlockMappingKey
instanceKlass org/yaml/snakeyaml/resolver/Resolver$1
instanceKlass org/yaml/snakeyaml/parser/ParserImpl$ParseBlockMappingFirstKey
instanceKlass org/yaml/snakeyaml/parser/ParserImpl$ParseBlockNode
instanceKlass org/yaml/snakeyaml/parser/ParserImpl$ParseDocumentEnd
instanceKlass org/yaml/snakeyaml/scanner/SimpleKey
instanceKlass org/yaml/snakeyaml/scanner/Constant
instanceKlass org/yaml/snakeyaml/parser/ParserImpl$ParseImplicitDocumentStart
instanceKlass org/yaml/snakeyaml/Yaml$YamlIterable
instanceKlass org/yaml/snakeyaml/Yaml$1
instanceKlass org/yaml/snakeyaml/comments/CommentEventsCollector
instanceKlass org/yaml/snakeyaml/parser/ParserImpl$ParseStreamStart
instanceKlass org/yaml/snakeyaml/parser/VersionTagsTuple
instanceKlass org/yaml/snakeyaml/error/Mark
instanceKlass org/yaml/snakeyaml/util/ArrayStack
instanceKlass org/yaml/snakeyaml/tokens/Token
instanceKlass org/yaml/snakeyaml/scanner/ScannerImpl
instanceKlass org/yaml/snakeyaml/reader/StreamReader
instanceKlass org/yaml/snakeyaml/events/Event
instanceKlass org/yaml/snakeyaml/parser/Production
instanceKlass org/yaml/snakeyaml/scanner/Scanner
instanceKlass org/yaml/snakeyaml/parser/ParserImpl
instanceKlass org/yaml/snakeyaml/util/MergeUtils
instanceKlass org/yaml/snakeyaml/composer/Composer
instanceKlass sun/net/DefaultProgressMeteringPolicy
instanceKlass sun/net/ProgressMeteringPolicy
instanceKlass sun/net/ProgressMonitor
instanceKlass java/beans/Introspector$1
instanceKlass jdk/internal/access/JavaBeansAccess
instanceKlass java/beans/FeatureDescriptor
instanceKlass java/beans/Introspector
instanceKlass org/yaml/snakeyaml/util/PlatformFeatureDetector
instanceKlass org/yaml/snakeyaml/introspector/Property
instanceKlass org/yaml/snakeyaml/introspector/PropertyUtils
instanceKlass org/yaml/snakeyaml/emitter/Emitable
instanceKlass org/yaml/snakeyaml/parser/Parser
instanceKlass org/yaml/snakeyaml/resolver/ResolverTuple
instanceKlass org/yaml/snakeyaml/representer/Representer$RepresentJavaBean
instanceKlass org/yaml/snakeyaml/representer/SafeRepresenter$RepresentEnum
instanceKlass org/yaml/snakeyaml/representer/SafeRepresenter$RepresentDate
instanceKlass org/yaml/snakeyaml/representer/SafeRepresenter$RepresentArray
instanceKlass org/yaml/snakeyaml/representer/SafeRepresenter$RepresentIterator
instanceKlass org/yaml/snakeyaml/representer/SafeRepresenter$RepresentSet
instanceKlass org/yaml/snakeyaml/representer/SafeRepresenter$RepresentMap
instanceKlass org/yaml/snakeyaml/representer/SafeRepresenter$RepresentList
instanceKlass org/yaml/snakeyaml/representer/SafeRepresenter$RepresentNumber
instanceKlass org/yaml/snakeyaml/representer/SafeRepresenter$RepresentPrimitiveArray
instanceKlass org/yaml/snakeyaml/representer/SafeRepresenter$RepresentByteArray
instanceKlass org/yaml/snakeyaml/representer/SafeRepresenter$RepresentUuid
instanceKlass org/yaml/snakeyaml/representer/SafeRepresenter$RepresentBoolean
instanceKlass org/yaml/snakeyaml/representer/SafeRepresenter$RepresentString
instanceKlass org/yaml/snakeyaml/representer/SafeRepresenter$RepresentNull
instanceKlass org/yaml/snakeyaml/representer/Represent
instanceKlass org/yaml/snakeyaml/representer/BaseRepresenter
instanceKlass org/yaml/snakeyaml/serializer/NumberAnchorGenerator
instanceKlass org/yaml/snakeyaml/serializer/AnchorGenerator
instanceKlass org/yaml/snakeyaml/DumperOptions
instanceKlass org/yaml/snakeyaml/constructor/SafeConstructor$ConstructYamlMap
instanceKlass org/yaml/snakeyaml/constructor/SafeConstructor$ConstructYamlSeq
instanceKlass org/yaml/snakeyaml/constructor/SafeConstructor$ConstructYamlSet
instanceKlass jdk/internal/module/ModulePatcher$PatchedModuleReader
instanceKlass org/yaml/snakeyaml/external/com/google/gdata/util/common/base/UnicodeEscaper
instanceKlass org/yaml/snakeyaml/external/com/google/gdata/util/common/base/Escaper
instanceKlass org/yaml/snakeyaml/util/UriEncoder
instanceKlass org/yaml/snakeyaml/nodes/Tag
instanceKlass jdk/internal/logger/LoggerFinderLoader
instanceKlass jdk/internal/logger/DefaultLoggerFinder$1
instanceKlass jdk/internal/logger/LazyLoggers$LazyLoggerFactories
instanceKlass jdk/internal/logger/LazyLoggers$1
instanceKlass jdk/internal/logger/LazyLoggers
instanceKlass org/yaml/snakeyaml/internal/Logger
instanceKlass org/yaml/snakeyaml/TypeDescription
instanceKlass org/yaml/snakeyaml/constructor/AbstractConstruct
instanceKlass org/yaml/snakeyaml/constructor/Construct
instanceKlass org/yaml/snakeyaml/nodes/Node
instanceKlass org/yaml/snakeyaml/inspector/UnTrustedTagInspector
instanceKlass org/yaml/snakeyaml/LoaderOptions
instanceKlass org/springframework/beans/factory/config/YamlProcessor$MatchCallback
instanceKlass org/yaml/snakeyaml/resolver/Resolver
instanceKlass org/yaml/snakeyaml/constructor/BaseConstructor
instanceKlass org/yaml/snakeyaml/inspector/TagInspector
instanceKlass org/springframework/beans/factory/config/YamlProcessor
instanceKlass org/springframework/boot/origin/OriginTrackedResource
instanceKlass java/net/URLClassLoader$2
instanceKlass org/springframework/boot/context/config/ConfigData
instanceKlass org/springframework/boot/context/config/ConfigDataResolutionResult
instanceKlass java/nio/channels/WritableByteChannel
instanceKlass org/springframework/boot/context/config/StandardConfigDataReference
instanceKlass org/springframework/boot/context/config/ConfigDataEnvironmentContributors$ContributorDataLoaderContext
instanceKlass org/springframework/boot/context/config/ConfigDataEnvironmentContributors$ContributorConfigDataLocationResolverContext
instanceKlass org/springframework/boot/context/config/ConfigDataEnvironmentContributor$ContributorIterator
instanceKlass org/springframework/boot/bootstrap/BootstrapRegistry$InstanceSupplier$1
instanceKlass org/springframework/boot/context/config/ConfigDataActivationContext
instanceKlass org/springframework/boot/context/config/ConfigDataImporter
instanceKlass org/springframework/boot/context/config/ConfigDataLocationResolverContext
instanceKlass org/springframework/boot/context/config/ConfigDataLoaderContext
instanceKlass org/springframework/boot/context/config/ConfigDataEnvironmentContributors
instanceKlass java/util/AbstractList$RandomAccessSpliterator
instanceKlass org/springframework/boot/context/config/ConfigDataProperties
instanceKlass org/springframework/boot/context/config/ConfigDataEnvironmentContributor
instanceKlass org/springframework/boot/context/config/SystemEnvironmentConfigDataLoader
instanceKlass org/springframework/boot/context/config/ConfigData$Options
instanceKlass org/springframework/boot/context/config/ConfigData$AlwaysPropertySourceOptions
instanceKlass org/springframework/boot/context/config/ConfigData$PropertySourceOptions
instanceKlass org/springframework/boot/context/config/StandardConfigDataLoader
instanceKlass org/springframework/boot/context/config/ConfigDataResource
instanceKlass org/springframework/boot/context/config/ConfigTreeConfigDataLoader
instanceKlass org/springframework/cloud/config/client/ConfigServerConfigDataLoader
instanceKlass org/springframework/boot/context/config/ConfigDataLoader
instanceKlass org/springframework/boot/context/config/ConfigDataLoaders
instanceKlass org/springframework/boot/context/config/ConfigDataEnvironmentUpdateListener$1
instanceKlass org/springframework/boot/context/config/ConfigDataEnvironmentUpdateListener
instanceKlass org/springframework/boot/context/config/SystemEnvironmentConfigDataLocationResolver
instanceKlass java/util/stream/StreamSpliterators
instanceKlass java/util/stream/StreamSpliterators$AbstractWrappingSpliterator
instanceKlass org/springframework/boot/context/properties/source/FilteredConfigurationPropertiesSource
instanceKlass org/springframework/boot/context/properties/bind/AggregateBinder$AggregateSupplier
instanceKlass org/springframework/boot/context/properties/bind/AggregateElementBinder
instanceKlass org/springframework/boot/context/config/StandardConfigDataLocationResolver
instanceKlass org/springframework/boot/context/config/LocationResourceLoader
instanceKlass org/springframework/boot/context/config/ConfigTreeConfigDataLocationResolver
instanceKlass org/springframework/cloud/config/client/ConfigServerConfigDataLocationResolver
instanceKlass org/springframework/boot/context/config/ConfigDataLocationResolver
instanceKlass org/springframework/boot/context/config/ConfigDataLocationResolvers
instanceKlass org/springframework/boot/context/properties/bind/BindResult
instanceKlass org/springframework/boot/context/properties/bind/JavaBeanBinder$BeanProperties
instanceKlass org/springframework/boot/context/properties/bind/ValueObjectBinder$ValueObject
instanceKlass org/springframework/core/StandardReflectionParameterNameDiscoverer
instanceKlass org/springframework/core/PrioritizedParameterNameDiscoverer
instanceKlass org/springframework/boot/context/properties/bind/ValueObjectBinder$Discoverer
instanceKlass org/springframework/core/ParameterNameDiscoverer
instanceKlass org/springframework/boot/context/properties/bind/DataObjectPropertyBinder
instanceKlass org/springframework/boot/context/properties/source/ConfigurationPropertySourcesCaching$CacheOverrides
instanceKlass org/springframework/boot/context/properties/bind/Binder$Context
instanceKlass org/springframework/boot/context/properties/bind/JavaBeanBinder
instanceKlass org/springframework/boot/context/properties/bind/ValueObjectBinder
instanceKlass org/springframework/boot/context/properties/bind/DataObjectBinder
instanceKlass org/springframework/boot/context/properties/bind/DefaultBindConstructorProvider
instanceKlass org/springframework/boot/context/properties/bind/BindConstructorProvider
instanceKlass org/springframework/boot/context/properties/bind/BindHandler$1
instanceKlass org/springframework/beans/TypeConverterDelegate
instanceKlass org/springframework/beans/PropertyEditorRegistrySupport
instanceKlass org/springframework/beans/PropertyEditorRegistry
instanceKlass org/springframework/beans/TypeConverter
instanceKlass java/beans/PropertyEditorSupport
instanceKlass java/beans/PropertyEditor
instanceKlass org/springframework/boot/context/properties/bind/BindConverter$TypeConverterConverter
instanceKlass org/springframework/boot/context/properties/bind/BindConverter
instanceKlass org/springframework/boot/context/properties/source/ConfigurationPropertySourcesCaching
instanceKlass org/springframework/boot/context/properties/bind/PropertySourcesPlaceholdersResolver
instanceKlass org/springframework/boot/context/properties/bind/AggregateBinder
instanceKlass org/springframework/boot/context/properties/bind/BindContext
instanceKlass org/springframework/boot/context/properties/bind/Binder
instanceKlass org/springframework/boot/context/config/ConfigDataLocation
instanceKlass org/springframework/boot/context/properties/bind/PlaceholdersResolver
instanceKlass org/springframework/boot/origin/OriginProvider
instanceKlass org/springframework/boot/context/config/ConfigDataEnvironment
instanceKlass org/springframework/core/io/WritableResource
instanceKlass org/springframework/boot/support/SpringApplicationJsonEnvironmentPostProcessor$JsonPropertyValue
instanceKlass org/springframework/boot/origin/Origin
instanceKlass sun/security/provider/EntropySource
instanceKlass sun/security/provider/AbstractDrbg
instanceKlass java/security/DrbgParameters$Instantiation
instanceKlass java/security/DrbgParameters
instanceKlass sun/security/provider/MoreDrbgParameters
instanceKlass java/security/SecureRandomSpi
instanceKlass java/security/SecureRandomParameters
instanceKlass java/util/AbstractList$Itr
instanceKlass org/springframework/aot/AotDetector
instanceKlass org/springframework/boot/env/EnvironmentPostProcessor
instanceKlass org/springframework/boot/support/SystemEnvironmentPropertySourceEnvironmentPostProcessor
instanceKlass org/springframework/boot/support/SpringApplicationJsonEnvironmentPostProcessor
instanceKlass org/springframework/boot/support/RandomValuePropertySourceEnvironmentPostProcessor
instanceKlass org/springframework/boot/context/config/ConfigDataEnvironmentPostProcessor
instanceKlass org/springframework/boot/cloud/CloudFoundryVcapEnvironmentPostProcessor
instanceKlass org/springframework/boot/devtools/env/DevToolsPropertyDefaultsPostProcessor
instanceKlass org/springframework/boot/env/YamlPropertySourceLoader
instanceKlass org/yaml/snakeyaml/Yaml
instanceKlass org/springframework/boot/env/PropertiesPropertySourceLoader
instanceKlass org/springframework/boot/env/PropertySourceLoader
instanceKlass org/springframework/boot/devtools/env/DevToolsHomePropertiesPostProcessor
instanceKlass org/springframework/cloud/commons/ConfigDataMissingEnvironmentPostProcessor
instanceKlass org/springframework/boot/reactor/ReactorEnvironmentPostProcessor
instanceKlass org/springframework/cloud/gateway/config/GatewayEnvironmentPostProcessor
instanceKlass org/springframework/cloud/client/HostInfoEnvironmentPostProcessor
instanceKlass org/springframework/cloud/util/random/CachedRandomPropertySourceEnvironmentPostProcessor
instanceKlass org/springframework/cloud/bootstrap/encrypt/AbstractEnvironmentDecrypt
instanceKlass org/springframework/cloud/bootstrap/BootstrapConfigFileApplicationListener
instanceKlass org/springframework/boot/EnvironmentPostProcessor
instanceKlass org/springframework/boot/support/SpringFactoriesEnvironmentPostProcessorsFactory
instanceKlass org/springframework/boot/context/properties/source/ConfigurationPropertyName$ElementCharPredicate
instanceKlass java/util/stream/Sink$OfInt
instanceKlass java/util/function/IntConsumer
instanceKlass java/util/stream/MatchOps$BooleanTerminalSink
instanceKlass java/util/stream/MatchOps$MatchOp
instanceKlass java/util/stream/MatchOps
instanceKlass java/util/function/IntPredicate
instanceKlass java/util/stream/IntStream
instanceKlass java/lang/StringLatin1$CharsSpliterator
instanceKlass java/util/function/UnaryOperator
instanceKlass org/springframework/boot/context/properties/source/SpringIterableConfigurationPropertySource$Cache
instanceKlass org/springframework/boot/context/properties/source/DefaultPropertyMapper$LastMapping
instanceKlass java/time/Clock
instanceKlass java/time/InstantSource
instanceKlass org/springframework/boot/context/properties/source/ConfigurationPropertyCaching$CacheOverride
instanceKlass org/springframework/boot/context/properties/source/SoftReferenceConfigurationPropertyCache
instanceKlass org/springframework/boot/context/properties/source/ConfigurationPropertyCaching
instanceKlass org/springframework/boot/context/properties/source/SystemEnvironmentPropertyMapper
instanceKlass java/util/function/BiPredicate
instanceKlass org/springframework/boot/context/properties/source/DefaultPropertyMapper
instanceKlass org/springframework/boot/context/properties/source/PropertyMapper
instanceKlass org/springframework/boot/context/properties/source/CachingConfigurationPropertySource
instanceKlass org/springframework/boot/context/properties/source/IterableConfigurationPropertySource
instanceKlass org/springframework/boot/context/properties/source/SpringConfigurationPropertySource
instanceKlass org/springframework/boot/context/properties/source/SpringConfigurationPropertySources$SourcesIterator
instanceKlass org/springframework/cloud/util/PropertyUtils
instanceKlass java/lang/invoke/MethodHandle$1
instanceKlass org/springframework/boot/context/properties/source/ConfigurationPropertySource
instanceKlass org/springframework/boot/context/properties/source/SpringConfigurationPropertySources
instanceKlass java/util/concurrent/SynchronousQueue$TransferStack$SNode
instanceKlass java/util/concurrent/ForkJoinPool$ManagedBlocker
instanceKlass java/util/concurrent/SynchronousQueue$Transferer
instanceKlass java/util/concurrent/ThreadPoolExecutor$AbortPolicy
instanceKlass java/util/concurrent/RejectedExecutionHandler
instanceKlass java/util/concurrent/AbstractExecutorService
instanceKlass java/util/concurrent/Executors
instanceKlass jdk/internal/util/random/RandomSupport
instanceKlass java/util/Random
instanceKlass java/util/random/RandomGenerator
instanceKlass java/lang/ProcessHandleImpl
instanceKlass java/lang/ProcessHandle
instanceKlass org/springframework/boot/system/ApplicationPid
instanceKlass org/springframework/boot/convert/CharSequenceToObjectConverter
instanceKlass org/springframework/boot/convert/LenientObjectToEnumConverterFactory
instanceKlass sun/reflect/generics/tree/ByteSignature
instanceKlass org/springframework/boot/convert/InputStreamSourceToByteArrayConverter
instanceKlass org/springframework/boot/convert/StringToFileConverter
instanceKlass org/springframework/boot/convert/NumberToDataSizeConverter
instanceKlass org/springframework/util/unit/DataSize
instanceKlass org/springframework/boot/convert/StringToDataSizeConverter
instanceKlass org/springframework/boot/convert/NumberToPeriodConverter
instanceKlass org/springframework/boot/convert/PeriodToStringConverter
instanceKlass org/springframework/boot/convert/StringToPeriodConverter
instanceKlass org/springframework/boot/convert/DurationToNumberConverter
instanceKlass org/springframework/boot/convert/NumberToDurationConverter
instanceKlass org/springframework/boot/convert/DurationToStringConverter
instanceKlass org/springframework/boot/convert/StringToDurationConverter
instanceKlass org/springframework/boot/convert/DelimitedStringToCollectionConverter
instanceKlass org/springframework/boot/convert/DelimitedStringToArrayConverter
instanceKlass org/springframework/boot/convert/CollectionToDelimitedStringConverter
instanceKlass org/springframework/boot/convert/ArrayToDelimitedStringConverter
instanceKlass org/springframework/boot/convert/IsoOffsetFormatter
instanceKlass org/springframework/boot/convert/InetAddressFormatter
instanceKlass sun/reflect/generics/tree/ArrayTypeSignature
instanceKlass sun/reflect/generics/tree/CharSignature
instanceKlass org/springframework/boot/convert/CharArrayFormatter
instanceKlass org/springframework/format/annotation/DurationFormat
instanceKlass org/springframework/format/annotation/DateTimeFormat
instanceKlass org/springframework/format/datetime/standard/MonthDayFormatter
instanceKlass java/time/MonthDay
instanceKlass org/springframework/format/datetime/standard/YearMonthFormatter
instanceKlass java/time/YearMonth
instanceKlass org/springframework/format/datetime/standard/MonthFormatter
instanceKlass org/springframework/format/datetime/standard/YearFormatter
instanceKlass java/time/Year
instanceKlass org/springframework/format/datetime/standard/DurationFormatter
instanceKlass org/springframework/format/datetime/standard/PeriodFormatter
instanceKlass org/springframework/format/datetime/standard/InstantFormatter
instanceKlass java/time/OffsetTime
instanceKlass org/springframework/format/support/FormattingConversionService$ParserConverter
instanceKlass org/springframework/format/support/FormattingConversionService$PrinterConverter
instanceKlass org/springframework/format/datetime/standard/TemporalAccessorParser
instanceKlass org/springframework/format/datetime/standard/TemporalAccessorPrinter
instanceKlass java/time/format/DateTimeFormatterBuilder$LocalizedPrinterParser
instanceKlass org/springframework/format/datetime/standard/DateTimeConverters$InstantToLongConverter
instanceKlass org/springframework/format/datetime/standard/DateTimeConverters$LongToInstantConverter
instanceKlass org/springframework/format/datetime/standard/DateTimeConverters$CalendarToInstantConverter
instanceKlass org/springframework/format/datetime/standard/DateTimeConverters$CalendarToLocalDateTimeConverter
instanceKlass org/springframework/format/datetime/standard/DateTimeConverters$CalendarToLocalTimeConverter
instanceKlass org/springframework/format/datetime/standard/DateTimeConverters$CalendarToLocalDateConverter
instanceKlass org/springframework/format/datetime/standard/DateTimeConverters$CalendarToOffsetDateTimeConverter
instanceKlass org/springframework/format/datetime/standard/DateTimeConverters$CalendarToZonedDateTimeConverter
instanceKlass org/springframework/format/datetime/standard/DateTimeConverters$OffsetDateTimeToInstantConverter
instanceKlass org/springframework/format/datetime/standard/DateTimeConverters$OffsetDateTimeToZonedDateTimeConverter
instanceKlass org/springframework/format/datetime/standard/DateTimeConverters$OffsetDateTimeToLocalDateTimeConverter
instanceKlass org/springframework/format/datetime/standard/DateTimeConverters$OffsetDateTimeToLocalTimeConverter
instanceKlass org/springframework/format/datetime/standard/DateTimeConverters$OffsetDateTimeToLocalDateConverter
instanceKlass org/springframework/format/datetime/standard/DateTimeConverters$ZonedDateTimeToInstantConverter
instanceKlass java/time/OffsetDateTime
instanceKlass org/springframework/format/datetime/standard/DateTimeConverters$ZonedDateTimeToOffsetDateTimeConverter
instanceKlass org/springframework/format/datetime/standard/DateTimeConverters$ZonedDateTimeToLocalDateTimeConverter
instanceKlass org/springframework/format/datetime/standard/DateTimeConverters$ZonedDateTimeToLocalTimeConverter
instanceKlass org/springframework/format/datetime/standard/DateTimeConverters$ZonedDateTimeToLocalDateConverter
instanceKlass org/springframework/format/datetime/standard/DateTimeConverters$LocalDateTimeToLocalTimeConverter
instanceKlass org/springframework/format/datetime/standard/DateTimeConverters$LocalDateTimeToLocalDateConverter
instanceKlass org/springframework/format/datetime/DateFormatterRegistrar$LongToCalendarConverter
instanceKlass org/springframework/format/datetime/DateFormatterRegistrar$LongToDateConverter
instanceKlass org/springframework/format/datetime/DateFormatterRegistrar$CalendarToLongConverter
instanceKlass org/springframework/format/datetime/DateFormatterRegistrar$CalendarToDateConverter
instanceKlass org/springframework/format/datetime/DateFormatterRegistrar$DateToCalendarConverter
instanceKlass org/springframework/format/datetime/DateFormatterRegistrar$DateToLongConverter
instanceKlass org/springframework/format/datetime/DateFormatterRegistrar
instanceKlass org/springframework/format/datetime/standard/DateTimeConverters
instanceKlass org/springframework/format/datetime/standard/DateTimeFormatterFactory
instanceKlass org/springframework/format/datetime/standard/DateTimeFormatterRegistrar
instanceKlass org/springframework/format/FormatterRegistrar
instanceKlass org/springframework/format/support/FormattingConversionService$AnnotationParserConverter
instanceKlass org/springframework/format/support/FormattingConversionService$AnnotationPrinterConverter
instanceKlass org/springframework/util/NumberUtils
instanceKlass org/springframework/format/annotation/NumberFormat
instanceKlass org/springframework/core/GenericTypeResolver
instanceKlass org/springframework/context/support/EmbeddedValueResolutionSupport
instanceKlass org/springframework/format/AnnotationFormatterFactory
instanceKlass org/springframework/core/convert/support/OptionalToObjectConverter
instanceKlass java/lang/StrictMath
instanceKlass org/springframework/core/convert/support/ObjectToOptionalConverter
instanceKlass org/springframework/core/convert/support/FallbackObjectToStringConverter
instanceKlass org/springframework/core/convert/support/IdToEntityConverter
instanceKlass org/springframework/core/convert/support/ObjectToObjectConverter
instanceKlass java/util/Calendar
instanceKlass org/springframework/core/convert/support/ZonedDateTimeToCalendarConverter
instanceKlass org/springframework/core/convert/support/ZoneIdToTimeZoneConverter
instanceKlass org/springframework/core/convert/support/StringToTimeZoneConverter
instanceKlass org/springframework/core/convert/support/InstantToDateConverter
instanceKlass org/springframework/core/convert/support/DateToInstantConverter
instanceKlass org/springframework/core/convert/support/ByteBufferConverter
instanceKlass org/springframework/core/annotation/AnnotatedElementAdapter
instanceKlass org/springframework/core/convert/TypeDescriptor$AnnotatedElementSupplier
instanceKlass org/springframework/core/convert/TypeDescriptor
instanceKlass org/springframework/core/convert/support/StreamConverter
instanceKlass org/springframework/core/convert/support/ObjectToCollectionConverter
instanceKlass org/springframework/core/convert/support/CollectionToObjectConverter
instanceKlass org/springframework/core/convert/support/StringToCollectionConverter
instanceKlass org/springframework/core/convert/support/ObjectToArrayConverter
instanceKlass org/springframework/core/convert/support/ArrayToObjectConverter
instanceKlass org/springframework/core/convert/support/StringToArrayConverter
instanceKlass org/springframework/core/convert/support/CollectionToStringConverter
instanceKlass org/springframework/core/convert/support/ArrayToStringConverter
instanceKlass org/springframework/core/convert/support/MapToMapConverter
instanceKlass org/springframework/core/convert/support/CollectionToCollectionConverter
instanceKlass org/springframework/core/convert/support/ArrayToArrayConverter
instanceKlass org/springframework/core/convert/support/CollectionToArrayConverter
instanceKlass org/springframework/core/convert/support/ArrayToCollectionConverter
instanceKlass org/springframework/core/convert/support/StringToPatternConverter
instanceKlass java/util/UUID
instanceKlass org/springframework/core/convert/support/StringToUUIDConverter
instanceKlass org/springframework/core/convert/support/PropertiesToStringConverter
instanceKlass org/springframework/core/convert/support/StringToPropertiesConverter
instanceKlass java/util/Currency
instanceKlass org/springframework/core/convert/support/StringToCurrencyConverter
instanceKlass org/springframework/core/convert/support/StringToCharsetConverter
instanceKlass org/springframework/core/convert/support/StringToLocaleConverter
instanceKlass org/springframework/core/convert/support/IntegerToEnumConverterFactory
instanceKlass sun/reflect/generics/tree/Wildcard
instanceKlass sun/reflect/generics/tree/BottomSignature
instanceKlass org/springframework/core/convert/support/AbstractConditionalEnumConverter
instanceKlass org/springframework/core/convert/support/StringToEnumConverterFactory
instanceKlass org/springframework/core/convert/support/StringToBooleanConverter
instanceKlass org/springframework/core/convert/support/CharacterToNumberFactory
instanceKlass org/springframework/core/convert/support/NumberToCharacterConverter
instanceKlass org/springframework/core/convert/support/StringToCharacterConverter
instanceKlass org/springframework/core/convert/support/GenericConversionService$ConverterAdapter
instanceKlass org/springframework/core/convert/support/ObjectToStringConverter
instanceKlass org/springframework/core/convert/support/StringToNumberConverterFactory
instanceKlass java/util/concurrent/ConcurrentLinkedDeque$Node
instanceKlass org/springframework/core/convert/support/GenericConversionService$ConvertersForPair
instanceKlass org/springframework/core/convert/converter/GenericConverter$ConvertiblePair
instanceKlass org/springframework/core/convert/support/GenericConversionService$ConverterFactoryAdapter
instanceKlass org/springframework/core/convert/converter/ConditionalGenericConverter
instanceKlass org/springframework/core/convert/support/NumberToNumberConverterFactory
instanceKlass org/springframework/core/convert/converter/ConditionalConverter
instanceKlass org/springframework/core/convert/support/GenericConversionService$Converters
instanceKlass org/springframework/core/convert/support/GenericConversionService$NoOpConverter
instanceKlass org/springframework/format/Formatter
instanceKlass org/springframework/core/convert/converter/ConverterFactory
instanceKlass org/springframework/core/convert/converter/Converter
instanceKlass org/springframework/format/Parser
instanceKlass org/springframework/format/Printer
instanceKlass org/springframework/core/convert/converter/GenericConverter
instanceKlass org/springframework/core/convert/support/GenericConversionService
instanceKlass org/springframework/context/EmbeddedValueResolverAware
instanceKlass org/springframework/format/FormatterRegistry
instanceKlass org/springframework/util/PlaceholderParser
instanceKlass org/springframework/util/PropertyPlaceholderHelper
instanceKlass org/springframework/util/PropertyPlaceholderHelper$PlaceholderResolver
instanceKlass org/springframework/util/SystemPropertyUtils
instanceKlass org/springframework/core/SpringProperties
instanceKlass org/springframework/core/env/AbstractPropertyResolver
instanceKlass org/springframework/boot/context/properties/source/ConfigurationPropertySources
instanceKlass org/springframework/core/env/MutablePropertySources
instanceKlass org/springframework/core/env/AbstractEnvironment
instanceKlass org/springframework/boot/web/context/reactive/ConfigurableReactiveWebEnvironment
instanceKlass org/springframework/boot/web/server/servlet/context/ServletWebServerApplicationContextFactory
instanceKlass org/springframework/boot/web/server/reactive/context/ReactiveWebServerApplicationContextFactory
instanceKlass org/springframework/core/env/CommandLineArgs
instanceKlass org/springframework/core/env/SimpleCommandLineArgsParser
instanceKlass org/springframework/boot/DefaultApplicationArguments
instanceKlass java/util/logging/LogManager$CloseOnReset
instanceKlass java/util/logging/StreamHandler$1
instanceKlass java/util/logging/Handler$1
instanceKlass java/util/logging/ErrorManager
instanceKlass jdk/internal/logger/SimpleConsoleLogger$Formatting
instanceKlass sun/util/logging/PlatformLogger
instanceKlass sun/util/logging/PlatformLogger$ConfigurableBridge$LoggerConfiguration
instanceKlass java/util/logging/Formatter
instanceKlass java/util/logging/LogManager$4
instanceKlass jdk/internal/logger/BootstrapLogger$BootstrapExecutors
instanceKlass jdk/internal/logger/BootstrapLogger$RedirectedLoggers
instanceKlass jdk/internal/logger/BootstrapLogger$DetectBackend$1
instanceKlass jdk/internal/logger/BootstrapLogger$DetectBackend
instanceKlass jdk/internal/logger/BootstrapLogger
instanceKlass sun/util/logging/PlatformLogger$ConfigurableBridge
instanceKlass sun/util/logging/PlatformLogger$Bridge
instanceKlass java/util/stream/Streams
instanceKlass java/util/stream/Stream$Builder
instanceKlass java/util/stream/Streams$AbstractStreamBuilderImpl
instanceKlass java/util/Hashtable$Enumerator
instanceKlass java/util/Collections$3
instanceKlass java/util/logging/LogManager$LoggerContext$1
instanceKlass java/util/logging/LogManager$VisitedLoggers
instanceKlass java/util/logging/Logger$ConfigurationData
instanceKlass java/util/logging/Logger$LoggerBundle
instanceKlass java/util/logging/Logger
instanceKlass java/util/logging/LogManager$2
instanceKlass java/lang/System$LoggerFinder
instanceKlass java/util/logging/LogManager$LoggingProviderAccess
instanceKlass sun/util/logging/internal/LoggingProviderImpl$LogManagerAccess
instanceKlass java/lang/Shutdown$Lock
instanceKlass java/lang/Shutdown
instanceKlass java/lang/ApplicationShutdownHooks$1
instanceKlass java/lang/ApplicationShutdownHooks
instanceKlass java/util/logging/LogManager$LogNode
instanceKlass java/util/logging/LogManager$LoggerContext
instanceKlass java/util/logging/LogManager$1
instanceKlass java/util/logging/Level
instanceKlass java/util/logging/Handler
instanceKlass org/springframework/boot/logging/AbstractLoggingSystem$LogLevels
instanceKlass org/springframework/boot/logging/LoggerConfigurationComparator
instanceKlass org/springframework/boot/logging/logback/LogbackConfigurator
instanceKlass ch/qos/logback/classic/spi/LoggerContextListener
instanceKlass org/springframework/boot/logging/LoggingSystemProperties
instanceKlass org/springframework/core/annotation/AnnotationUtils
instanceKlass org/springframework/core/annotation/ValueExtractor
instanceKlass org/springframework/core/annotation/AliasFor
instanceKlass org/springframework/core/annotation/AnnotationTypeMapping$MirrorSets
instanceKlass org/springframework/core/annotation/AnnotationTypeMapping$MirrorSets$MirrorSet
instanceKlass org/springframework/core/annotation/AnnotationTypeMapping
instanceKlass org/springframework/core/annotation/AnnotationTypeMappings$Cache
instanceKlass org/springframework/core/annotation/AnnotationTypeMappings
instanceKlass org/springframework/core/annotation/AttributeMethods
instanceKlass org/springframework/beans/factory/aot/BeanFactoryInitializationAotProcessor
instanceKlass org/springframework/boot/logging/logback/LogbackLoggingSystem$Factory
instanceKlass org/springframework/boot/logging/log4j2/Log4J2LoggingSystem$Factory
instanceKlass org/springframework/boot/logging/java/JavaLoggingSystem$Factory
instanceKlass org/springframework/boot/logging/DelegatingLoggingSystemFactory
instanceKlass org/springframework/boot/logging/LoggingSystemFactory
instanceKlass org/springframework/boot/logging/LoggingSystem
instanceKlass com/salon/apigateway_service/ApigatewayServiceApplication
instanceKlass java/io/FilePermissionCollection$1
instanceKlass java/net/URLClassLoader$1
instanceKlass org/springframework/boot/devtools/restart/FailureHandler
instanceKlass jdk/internal/reflect/UnsafeFieldAccessorFactory
instanceKlass org/springframework/asm/ClassVisitor
instanceKlass org/springframework/cglib/core/ClassNameReader
instanceKlass java/util/concurrent/LinkedBlockingDeque$Node
instanceKlass org/springframework/boot/devtools/restart/MainMethod
instanceKlass org/springframework/boot/devtools/settings/DevToolsSettings
instanceKlass java/util/Collections$2
instanceKlass sun/management/RuntimeImpl
instanceKlass java/util/stream/ReduceOps$2ReducingSink
instanceKlass java/util/HashMap$HashMapSpliterator
instanceKlass jdk/management/jfr/internal/FlightRecorderMXBeanProvider$SingleMBeanComponent
instanceKlass jdk/management/jfr/FlightRecorderMXBean
instanceKlass java/lang/management/DefaultPlatformMBeanProvider$11
instanceKlass java/lang/management/DefaultPlatformMBeanProvider$10
instanceKlass java/lang/management/DefaultPlatformMBeanProvider$9
instanceKlass java/util/logging/LogManager
instanceKlass sun/management/ManagementFactoryHelper$LoggingMXBeanAccess$1
instanceKlass sun/management/ManagementFactoryHelper$LoggingMXBeanAccess
instanceKlass java/lang/management/DefaultPlatformMBeanProvider$8
instanceKlass java/lang/management/DefaultPlatformMBeanProvider$7
instanceKlass java/lang/management/DefaultPlatformMBeanProvider$6
instanceKlass java/lang/management/DefaultPlatformMBeanProvider$5
instanceKlass java/lang/management/DefaultPlatformMBeanProvider$4
instanceKlass java/lang/management/DefaultPlatformMBeanProvider$3
instanceKlass java/lang/management/DefaultPlatformMBeanProvider$2
instanceKlass java/lang/management/DefaultPlatformMBeanProvider$1
instanceKlass com/sun/management/internal/PlatformMBeanProviderImpl$5
instanceKlass sun/management/VMManagementImpl
instanceKlass sun/management/VMManagement
instanceKlass sun/management/ManagementFactoryHelper
instanceKlass sun/management/NotificationEmitterSupport
instanceKlass javax/management/NotificationEmitter
instanceKlass javax/management/NotificationBroadcaster
instanceKlass com/sun/management/DiagnosticCommandMBean
instanceKlass javax/management/DynamicMBean
instanceKlass com/sun/management/internal/PlatformMBeanProviderImpl$4
instanceKlass com/sun/management/internal/PlatformMBeanProviderImpl$3
instanceKlass com/sun/management/internal/PlatformMBeanProviderImpl$2
instanceKlass com/sun/management/internal/PlatformMBeanProviderImpl$1
instanceKlass sun/management/spi/PlatformMBeanProvider$PlatformComponent
instanceKlass java/util/concurrent/Callable
instanceKlass java/util/concurrent/CopyOnWriteArrayList$COWIterator
instanceKlass sun/management/spi/PlatformMBeanProvider
instanceKlass sun/security/util/SecurityProperties
instanceKlass sun/security/util/FilePermCompat
instanceKlass java/io/FilePermission$1
instanceKlass jdk/internal/access/JavaIOFilePermissionAccess
instanceKlass java/lang/management/ManagementFactory$PlatformMBeanFinder$1
instanceKlass java/lang/management/ManagementFactory$PlatformMBeanFinder
instanceKlass java/lang/management/RuntimeMXBean
instanceKlass java/lang/management/PlatformManagedObject
instanceKlass java/lang/management/ManagementFactory
instanceKlass org/springframework/boot/devtools/logger/DevToolsLogFactory
instanceKlass org/springframework/boot/devtools/restart/ChangeableUrls
instanceKlass org/springframework/boot/devtools/restart/SilentExitExceptionHandler
instanceKlass org/springframework/boot/logging/DeferredLog$Line
instanceKlass org/springframework/boot/logging/DeferredLog
instanceKlass org/springframework/boot/devtools/restart/classloader/ClassLoaderFiles
instanceKlass org/springframework/core/SmartClassLoader
instanceKlass org/springframework/boot/devtools/restart/classloader/ClassLoaderFileRepository
instanceKlass org/springframework/beans/factory/support/BeanDefinitionRegistry
instanceKlass org/springframework/core/AliasRegistry
instanceKlass org/springframework/core/io/DefaultResourceLoader
instanceKlass java/util/concurrent/BlockingDeque
instanceKlass org/springframework/boot/devtools/restart/Restarter
instanceKlass org/springframework/boot/devtools/restart/AgentReloader
instanceKlass org/springframework/boot/devtools/restart/DefaultRestartInitializer
instanceKlass java/lang/StackTraceElement$HashedModules
instanceKlass org/springframework/context/aot/AbstractAotProcessor
instanceKlass org/springframework/boot/devtools/system/DevToolsEnablementDeducer
instanceKlass org/springframework/aop/SpringProxy
instanceKlass org/springframework/aop/support/AopUtils
instanceKlass org/springframework/context/event/GenericApplicationListenerAdapter
instanceKlass org/springframework/context/event/AbstractApplicationEventMulticaster$CachedListenerRetriever
instanceKlass org/springframework/context/event/AbstractApplicationEventMulticaster$ListenerCacheKey
instanceKlass org/springframework/core/ResolvableTypeProvider
instanceKlass org/springframework/boot/SpringApplicationRunListeners
instanceKlass java/util/stream/Nodes$ArrayNode
instanceKlass org/springframework/util/ErrorHandler
instanceKlass org/springframework/boot/availability/AvailabilityState
instanceKlass org/springframework/boot/context/event/EventPublishingRunListener
instanceKlass org/springframework/boot/SpringApplicationRunListener
instanceKlass org/springframework/core/io/support/SpringFactoriesLoader$ArgumentResolver$1
instanceKlass org/springframework/core/io/support/SpringFactoriesLoader$ArgumentResolver
instanceKlass org/springframework/cloud/config/client/ConfigServerInstanceProvider$Function
instanceKlass org/springframework/cloud/netflix/eureka/EurekaClientConfigBean
instanceKlass org/springframework/cloud/config/client/ConfigServerInstanceProvider
instanceKlass org/springframework/boot/context/properties/bind/BindHandler
instanceKlass org/springframework/core/env/PropertySources
instanceKlass org/springframework/cloud/bootstrap/encrypt/TextEncryptorUtils
instanceKlass org/springframework/cloud/bootstrap/encrypt/RsaProperties
instanceKlass org/springframework/boot/bootstrap/BootstrapRegistry$InstanceSupplier
instanceKlass org/springframework/cloud/bootstrap/encrypt/KeyProperties
instanceKlass org/springframework/aop/framework/Advised
instanceKlass org/springframework/aop/TargetClassAware
instanceKlass org/springframework/aop/framework/AopProxyUtils
instanceKlass org/springframework/context/event/AbstractApplicationEventMulticaster$DefaultListenerRetriever
instanceKlass org/springframework/context/event/AbstractApplicationEventMulticaster
instanceKlass org/springframework/beans/factory/BeanFactoryAware
instanceKlass org/springframework/beans/factory/BeanClassLoaderAware
instanceKlass org/springframework/context/event/ApplicationEventMulticaster
instanceKlass org/springframework/boot/bootstrap/DefaultBootstrapContext
instanceKlass org/springframework/boot/SpringApplication$Startup
instanceKlass org/springframework/core/NativeDetector
instanceKlass java/util/concurrent/CountDownLatch
instanceKlass org/springframework/boot/autoconfigure/preinitialize/BackgroundPreinitializingApplicationListener
instanceKlass org/springframework/boot/logging/DeferredLog$Lines
instanceKlass org/springframework/boot/logging/DeferredLogs
instanceKlass org/springframework/boot/support/EnvironmentPostProcessorsFactory
instanceKlass org/springframework/boot/logging/DeferredLogFactory
instanceKlass org/springframework/boot/support/EnvironmentPostProcessorApplicationListener
instanceKlass org/springframework/boot/support/AnsiOutputApplicationListener
instanceKlass org/springframework/util/MultiValueMapAdapter
instanceKlass org/springframework/core/ResolvableType$DefaultVariableResolver
instanceKlass sun/reflect/generics/reflectiveObjects/ParameterizedTypeImpl
instanceKlass sun/reflect/generics/tree/TypeVariableSignature
instanceKlass org/springframework/core/ResolvableType$TypeVariablesVariableResolver
instanceKlass org/springframework/core/ResolvableType$SyntheticParameterizedType
instanceKlass org/springframework/core/SerializableTypeWrapper$SerializableTypeProxy
instanceKlass java/lang/reflect/WildcardType
instanceKlass java/lang/reflect/ParameterizedType
instanceKlass org/springframework/core/SerializableTypeWrapper
instanceKlass sun/reflect/generics/reflectiveObjects/LazyReflectiveObjectGenerator
instanceKlass java/lang/reflect/TypeVariable
instanceKlass sun/reflect/generics/tree/ClassSignature
instanceKlass sun/reflect/generics/tree/Signature
instanceKlass sun/reflect/generics/tree/FormalTypeParameter
instanceKlass sun/reflect/generics/repository/AbstractRepository
instanceKlass org/springframework/core/ResolvableType$EmptyType
instanceKlass org/springframework/core/ResolvableType$VariableResolver
instanceKlass org/springframework/core/SerializableTypeWrapper$TypeProvider
instanceKlass org/springframework/core/ResolvableType
instanceKlass org/springframework/boot/context/properties/bind/Bindable
instanceKlass org/springframework/boot/context/properties/source/ConfigurationPropertyName$ElementsParser
instanceKlass org/springframework/boot/context/properties/source/ConfigurationPropertyName$Elements
instanceKlass org/springframework/boot/context/properties/source/ConfigurationPropertyName
instanceKlass org/springframework/boot/context/logging/LoggingApplicationListener
instanceKlass org/springframework/context/event/GenericApplicationListener
instanceKlass org/springframework/boot/context/FileEncodingApplicationListener
instanceKlass org/springframework/boot/builder/ParentContextCloserApplicationListener
instanceKlass org/springframework/boot/ClearCachesApplicationListener
instanceKlass org/springframework/boot/devtools/restart/RestartInitializer
instanceKlass org/springframework/boot/devtools/restart/RestartApplicationListener
instanceKlass org/springframework/boot/devtools/logger/DevToolsLogFactory$Listener
instanceKlass org/springframework/cloud/context/restart/RestartListener
instanceKlass org/springframework/context/event/SmartApplicationListener
instanceKlass org/springframework/cloud/bootstrap/LoggingSystemShutdownListener
instanceKlass org/springframework/boot/origin/OriginLookup
instanceKlass org/springframework/cloud/bootstrap/BootstrapApplicationListener
instanceKlass org/springframework/boot/logging/LogLevel$LogMethod
instanceKlass org/springframework/boot/autoconfigure/logging/ConditionEvaluationReportLoggingListener
instanceKlass org/springframework/boot/autoconfigure/SharedMetadataReaderFactoryContextInitializer
instanceKlass org/springframework/beans/factory/aot/BeanRegistrationExcludeFilter
instanceKlass org/springframework/boot/io/ProtocolResolverApplicationContextInitializer
instanceKlass org/springframework/boot/context/ContextIdApplicationContextInitializer
instanceKlass org/springframework/boot/context/ConfigurationWarningsApplicationContextInitializer
instanceKlass org/springframework/beans/factory/config/Scope
instanceKlass org/springframework/boot/devtools/restart/RestartScopeInitializer
instanceKlass org/springframework/boot/web/server/context/ServerPortInfoApplicationContextInitializer
instanceKlass org/springframework/context/ApplicationContextInitializer
instanceKlass org/springframework/core/DecoratingProxy
instanceKlass org/springframework/core/annotation/AbstractMergedAnnotation
instanceKlass java/lang/annotation/Target
instanceKlass java/lang/reflect/Proxy$ProxyBuilder$1
instanceKlass jdk/internal/org/objectweb/asm/Edge
instanceKlass java/lang/reflect/ProxyGenerator$PrimitiveTypeInfo
instanceKlass java/lang/reflect/ProxyGenerator$ProxyMethod
instanceKlass java/lang/module/ModuleDescriptor$Builder
instanceKlass java/lang/PublicMethods
instanceKlass java/lang/reflect/Proxy$ProxyBuilder
instanceKlass java/lang/reflect/Proxy
instanceKlass sun/reflect/annotation/AnnotationInvocationHandler
instanceKlass java/lang/reflect/InvocationHandler
instanceKlass sun/reflect/annotation/AnnotationParser$1
instanceKlass sun/reflect/annotation/ExceptionProxy
instanceKlass java/lang/annotation/Documented
instanceKlass java/lang/annotation/Inherited
instanceKlass java/lang/annotation/Retention
instanceKlass sun/reflect/annotation/AnnotationType$1
instanceKlass sun/reflect/annotation/AnnotationType
instanceKlass java/lang/reflect/GenericArrayType
instanceKlass java/lang/FunctionalInterface
instanceKlass sun/reflect/generics/visitor/Reifier
instanceKlass sun/reflect/generics/visitor/TypeTreeVisitor
instanceKlass sun/reflect/generics/factory/CoreReflectionFactory
instanceKlass sun/reflect/generics/factory/GenericsFactory
instanceKlass sun/reflect/generics/scope/AbstractScope
instanceKlass sun/reflect/generics/scope/Scope
instanceKlass sun/reflect/generics/tree/ClassTypeSignature
instanceKlass sun/reflect/generics/tree/SimpleClassTypeSignature
instanceKlass sun/reflect/generics/tree/FieldTypeSignature
instanceKlass sun/reflect/generics/tree/BaseType
instanceKlass sun/reflect/generics/tree/TypeSignature
instanceKlass sun/reflect/generics/tree/ReturnType
instanceKlass sun/reflect/generics/tree/TypeArgument
instanceKlass sun/reflect/generics/tree/TypeTree
instanceKlass sun/reflect/generics/tree/Tree
instanceKlass sun/reflect/generics/parser/SignatureParser
instanceKlass java/lang/Class$AnnotationData
instanceKlass org/springframework/core/annotation/AnnotationsScanner$1
instanceKlass org/springframework/core/annotation/MergedAnnotationSelectors$FirstDirectlyDeclared
instanceKlass org/springframework/core/annotation/MergedAnnotationSelectors$Nearest
instanceKlass org/springframework/core/annotation/MergedAnnotationSelector
instanceKlass org/springframework/core/annotation/MergedAnnotationSelectors
instanceKlass org/springframework/core/annotation/MergedAnnotation
instanceKlass org/springframework/core/annotation/TypeMappedAnnotations$MergedAnnotationFinder
instanceKlass org/springframework/core/annotation/Order
instanceKlass org/springframework/core/annotation/OrderUtils
instanceKlass org/springframework/core/annotation/AnnotationsScanner
instanceKlass org/springframework/core/annotation/AnnotationsProcessor
instanceKlass org/springframework/core/annotation/TypeMappedAnnotations
instanceKlass org/springframework/core/annotation/MergedAnnotations$Search
instanceKlass org/springframework/core/annotation/AnnotationFilter$2
instanceKlass org/springframework/core/annotation/AnnotationFilter$1
instanceKlass java/util/ComparableTimSort
instanceKlass org/springframework/core/annotation/PackagesAnnotationFilter
instanceKlass org/springframework/core/annotation/AnnotationFilter
instanceKlass org/springframework/core/annotation/RepeatableContainers
instanceKlass org/springframework/core/annotation/MergedAnnotations
instanceKlass org/springframework/core/PriorityOrdered
instanceKlass org/springframework/core/Ordered
instanceKlass org/springframework/cloud/config/client/ConfigClientRetryBootstrapper
instanceKlass com/netflix/discovery/shared/resolver/EurekaEndpoint
instanceKlass com/netflix/discovery/EurekaClientConfig
instanceKlass org/springframework/cloud/netflix/eureka/config/EurekaConfigServerBootstrapper
instanceKlass org/bouncycastle/asn1/ASN1Object
instanceKlass org/bouncycastle/util/Encodable
instanceKlass org/bouncycastle/asn1/ASN1Encodable
instanceKlass org/bouncycastle/util/Iterable
instanceKlass sun/security/util/ManifestEntryVerifier$SunProviderHolder
instanceKlass java/util/Base64$Encoder
instanceKlass java/util/Base64$Decoder
instanceKlass java/util/Base64
instanceKlass javax/crypto/SecretKey
instanceKlass sun/security/util/Length
instanceKlass sun/security/util/KeyUtil
instanceKlass java/security/interfaces/XECKey
instanceKlass java/security/interfaces/ECKey
instanceKlass sun/security/util/JarConstraintsParameters
instanceKlass sun/security/util/ConstraintsParameters
instanceKlass java/security/Timestamp
instanceKlass sun/security/timestamp/TimestampToken
instanceKlass java/security/cert/CertPath
instanceKlass java/math/MutableBigInteger
instanceKlass sun/security/rsa/RSAPadding
instanceKlass sun/security/rsa/RSACore
instanceKlass java/security/interfaces/RSAPrivateCrtKey
instanceKlass sun/security/pkcs/PKCS8Key
instanceKlass java/security/interfaces/RSAPrivateKey
instanceKlass java/security/PrivateKey
instanceKlass javax/security/auth/Destroyable
instanceKlass sun/security/jca/ServiceId
instanceKlass java/security/Signature$1
instanceKlass jdk/internal/access/JavaSecuritySignatureAccess
instanceKlass java/security/SignatureSpi
instanceKlass jdk/internal/icu/util/CodePointTrie$Data
instanceKlass jdk/internal/icu/util/CodePointTrie$1
instanceKlass jdk/internal/icu/util/CodePointMap
instanceKlass jdk/internal/icu/util/VersionInfo
instanceKlass jdk/internal/module/Checks
instanceKlass jdk/internal/icu/impl/ICUBinary$1
instanceKlass jdk/internal/icu/impl/ICUBinary
instanceKlass jdk/internal/icu/impl/NormalizerImpl$IsAcceptable
instanceKlass jdk/internal/icu/impl/ICUBinary$Authenticate
instanceKlass jdk/internal/icu/impl/NormalizerImpl
instanceKlass jdk/internal/icu/impl/Norm2AllModes$Norm2AllModesSingleton
instanceKlass jdk/internal/icu/impl/Norm2AllModes$NFKCSingleton
instanceKlass jdk/internal/icu/impl/Norm2AllModes
instanceKlass jdk/internal/icu/text/Normalizer2
instanceKlass jdk/internal/icu/text/NormalizerBase$ModeImpl
instanceKlass jdk/internal/icu/text/NormalizerBase$NFKDModeImpl
instanceKlass jdk/internal/icu/text/NormalizerBase$1
instanceKlass jdk/internal/icu/text/NormalizerBase$Mode
instanceKlass jdk/internal/icu/text/NormalizerBase
instanceKlass java/text/Normalizer
instanceKlass sun/security/x509/AVAKeyword
instanceKlass java/util/StringJoiner
instanceKlass sun/security/util/SignatureUtil
instanceKlass java/lang/constant/DynamicConstantDesc
instanceKlass java/lang/constant/DirectMethodHandleDesc$1
instanceKlass java/lang/constant/DirectMethodHandleDescImpl$1
instanceKlass java/lang/constant/DirectMethodHandleDescImpl
instanceKlass java/lang/constant/DirectMethodHandleDesc
instanceKlass java/lang/constant/MethodHandleDesc$1
instanceKlass java/lang/constant/MethodHandleDesc
instanceKlass java/lang/constant/MethodTypeDescImpl
instanceKlass java/lang/constant/MethodTypeDesc
instanceKlass java/lang/constant/ReferenceClassDescImpl
instanceKlass java/lang/constant/ConstantUtils
instanceKlass java/lang/constant/ClassDesc
instanceKlass java/lang/constant/ConstantDescs
instanceKlass java/lang/invoke/VarHandle$2
instanceKlass java/lang/invoke/VarHandle$TypesAndInvokers
instanceKlass java/lang/invoke/VarHandleByteArrayBase
instanceKlass sun/security/provider/ByteArrayAccess$BE
instanceKlass sun/security/provider/ByteArrayAccess
instanceKlass sun/security/util/MessageDigestSpi2
instanceKlass java/security/MessageDigestSpi
instanceKlass sun/security/pkcs/ESSCertId
instanceKlass sun/security/pkcs/SigningCertificateInfo
instanceKlass sun/security/x509/CertificatePolicyId
instanceKlass sun/security/x509/PolicyInformation
instanceKlass sun/security/x509/DistributionPoint
instanceKlass sun/security/x509/DNSName
instanceKlass sun/security/x509/URIName
instanceKlass sun/security/x509/GeneralName
instanceKlass sun/security/x509/AccessDescription
instanceKlass java/lang/Byte$ByteCache
instanceKlass sun/security/pkcs/PKCS9Attribute
instanceKlass sun/security/pkcs/PKCS9Attributes
instanceKlass java/time/Instant
instanceKlass java/time/ZonedDateTime
instanceKlass java/time/chrono/ChronoZonedDateTime
instanceKlass sun/security/util/DisabledAlgorithmConstraints$Constraints$Holder
instanceKlass sun/security/util/DisabledAlgorithmConstraints$1
instanceKlass sun/security/util/DisabledAlgorithmConstraints$Constraint
instanceKlass java/util/StringTokenizer
instanceKlass java/security/spec/ECFieldF2m
instanceKlass java/security/spec/ECParameterSpec
instanceKlass java/security/spec/ECPoint
instanceKlass java/security/spec/EllipticCurve
instanceKlass java/security/spec/ECFieldFp
instanceKlass java/security/spec/ECField
instanceKlass sun/security/util/CurveDB
instanceKlass sun/security/util/DisabledAlgorithmConstraints$Constraints
instanceKlass sun/security/util/AbstractAlgorithmConstraints$1
instanceKlass sun/security/util/AlgorithmDecomposer
instanceKlass sun/security/util/DisabledAlgorithmConstraints$JarHolder
instanceKlass sun/security/util/AbstractAlgorithmConstraints
instanceKlass java/security/AlgorithmConstraints
instanceKlass sun/security/pkcs/SignerInfo
instanceKlass java/lang/System$Logger
instanceKlass jdk/internal/event/EventHelper
instanceKlass sun/security/jca/JCAUtil
instanceKlass sun/security/util/MemoryCache$CacheEntry
instanceKlass sun/security/x509/X509AttributeName
instanceKlass sun/security/x509/GeneralNames
instanceKlass sun/security/x509/KeyIdentifier
instanceKlass sun/security/x509/OIDMap$OIDInfo
instanceKlass sun/security/x509/PKIXExtensions
instanceKlass sun/security/x509/OIDMap
instanceKlass sun/security/x509/Extension
instanceKlass java/security/cert/Extension
instanceKlass java/util/Collections$SynchronizedMap
instanceKlass sun/security/x509/CertificateExtensions
instanceKlass sun/security/rsa/RSAUtil
instanceKlass sun/security/util/IOUtils
instanceKlass java/security/interfaces/RSAPublicKey
instanceKlass java/security/interfaces/RSAKey
instanceKlass java/security/spec/PSSParameterSpec
instanceKlass java/security/spec/AlgorithmParameterSpec
instanceKlass java/security/spec/RSAPrivateKeySpec
instanceKlass java/security/spec/RSAPublicKeySpec
instanceKlass java/security/KeyFactorySpi
instanceKlass sun/security/rsa/SunRsaSignEntries
instanceKlass sun/security/jca/ProviderList$ServiceList$1
instanceKlass java/security/KeyFactory
instanceKlass java/security/spec/EncodedKeySpec$1
instanceKlass jdk/internal/access/JavaSecuritySpecAccess
instanceKlass java/security/spec/EncodedKeySpec
instanceKlass java/security/spec/KeySpec
instanceKlass sun/security/util/BitArray
instanceKlass sun/security/x509/X509Key
instanceKlass java/security/PublicKey
instanceKlass java/security/Key
instanceKlass sun/security/x509/CertificateX509Key
instanceKlass java/util/Date
instanceKlass sun/util/calendar/CalendarUtils
instanceKlass sun/util/calendar/CalendarDate
instanceKlass sun/util/calendar/CalendarSystem$GregorianHolder
instanceKlass sun/util/calendar/CalendarSystem
instanceKlass sun/security/x509/CertificateValidity
instanceKlass sun/security/x509/AVA
instanceKlass sun/security/x509/RDN
instanceKlass javax/security/auth/x500/X500Principal
instanceKlass sun/security/x509/X500Name$1
instanceKlass sun/security/x509/X500Name
instanceKlass sun/security/x509/GeneralNameInterface
instanceKlass sun/security/x509/CertificateAlgorithmId
instanceKlass sun/security/x509/SerialNumber
instanceKlass sun/security/x509/CertificateSerialNumber
instanceKlass sun/security/x509/CertificateVersion
instanceKlass sun/security/x509/X509CertInfo
instanceKlass sun/security/x509/CertAttrSet
instanceKlass sun/security/util/Cache$EqualByteArray
instanceKlass java/security/cert/X509Extension
instanceKlass sun/security/jca/GetInstance$Instance
instanceKlass sun/security/util/Cache
instanceKlass jdk/internal/event/Event
instanceKlass sun/security/jca/GetInstance
instanceKlass java/security/cert/CertificateFactorySpi
instanceKlass java/security/cert/CertificateFactory
instanceKlass sun/security/x509/AlgorithmId
instanceKlass sun/security/util/ByteArrayTagOrder
instanceKlass sun/security/util/ByteArrayLexOrder
instanceKlass sun/security/util/DerEncoder
instanceKlass sun/security/util/DerValue
instanceKlass sun/security/util/ObjectIdentifier
instanceKlass sun/security/pkcs/ContentInfo
instanceKlass sun/security/util/DerInputStream
instanceKlass sun/security/pkcs/PKCS7
instanceKlass sun/security/util/SecurityProviderConstants
instanceKlass java/security/Provider$UString
instanceKlass java/security/Provider$Service
instanceKlass sun/security/provider/NativePRNG$NonBlocking
instanceKlass sun/security/provider/NativePRNG$Blocking
instanceKlass sun/security/provider/NativePRNG
instanceKlass sun/security/provider/SunEntries$1
instanceKlass sun/security/provider/SunEntries
instanceKlass sun/security/util/SecurityConstants
instanceKlass java/security/Security$2
instanceKlass jdk/internal/access/JavaSecurityPropertiesAccess
instanceKlass java/util/concurrent/ConcurrentHashMap$MapEntry
instanceKlass java/security/Security$1
instanceKlass java/security/Security
instanceKlass sun/security/jca/ProviderList$2
instanceKlass jdk/internal/math/FloatingDecimal$ASCIIToBinaryBuffer
instanceKlass jdk/internal/math/FloatingDecimal$PreparedASCIIToBinaryBuffer
instanceKlass jdk/internal/math/FloatingDecimal$ASCIIToBinaryConverter
instanceKlass jdk/internal/math/FloatingDecimal$BinaryToASCIIBuffer
instanceKlass jdk/internal/math/FloatingDecimal$ExceptionalBinaryToASCIIBuffer
instanceKlass jdk/internal/math/FloatingDecimal$BinaryToASCIIConverter
instanceKlass jdk/internal/math/FloatingDecimal
instanceKlass java/security/Provider$EngineDescription
instanceKlass java/security/Provider$ServiceKey
instanceKlass sun/security/jca/ProviderConfig
instanceKlass sun/security/jca/ProviderList
instanceKlass sun/security/jca/Providers
instanceKlass sun/security/util/ManifestDigester$Section
instanceKlass sun/security/util/ManifestDigester$Entry
instanceKlass sun/security/util/ManifestDigester$Position
instanceKlass sun/security/util/ManifestDigester
instanceKlass sun/security/util/ManifestEntryVerifier
instanceKlass java/security/CodeSigner
instanceKlass java/util/jar/JarVerifier
instanceKlass org/springframework/security/crypto/encrypt/RsaSecretEncryptor
instanceKlass org/springframework/security/crypto/encrypt/RsaKeyHolder
instanceKlass org/springframework/security/crypto/encrypt/TextEncryptor
instanceKlass org/springframework/security/crypto/encrypt/BytesEncryptor
instanceKlass org/springframework/cloud/bootstrap/TextEncryptorConfigBootstrapper
instanceKlass org/springframework/cloud/bootstrap/RefreshBootstrapRegistryInitializer
instanceKlass org/springframework/util/ObjectUtils
instanceKlass org/springframework/boot/bootstrap/BootstrapRegistryInitializer
instanceKlass org/springframework/web/reactive/DispatcherHandler
instanceKlass org/springframework/context/ApplicationContextAware
instanceKlass org/springframework/beans/factory/Aware
instanceKlass org/springframework/web/cors/reactive/PreFlightRequestHandler
instanceKlass org/springframework/web/server/WebHandler
instanceKlass reactor/core/publisher/Mono
instanceKlass reactor/core/CorePublisher
instanceKlass org/reactivestreams/Publisher
instanceKlass org/springframework/util/ReflectionUtils$FieldFilter
instanceKlass org/springframework/util/ReflectionUtils$MethodFilter
instanceKlass org/springframework/util/ReflectionUtils
instanceKlass org/springframework/core/KotlinDetector
instanceKlass org/springframework/core/io/support/SpringFactoriesLoader$FactoryInstantiator
instanceKlass org/springframework/boot/webflux/WebFluxWebApplicationTypeDeducer
instanceKlass java/util/IdentityHashMap$EntryIterator$Entry
instanceKlass java/util/IdentityHashMap$IdentityHashMapIterator
instanceKlass org/springframework/util/ClassUtils
instanceKlass org/springframework/core/log/LogMessage
instanceKlass org/springframework/boot/WebApplicationType$Deducer
instanceKlass java/util/stream/AbstractSpinedBuffer
instanceKlass java/util/stream/Node$Builder
instanceKlass java/util/stream/Node$OfDouble
instanceKlass java/util/stream/Node$OfLong
instanceKlass java/util/stream/Node$OfInt
instanceKlass java/util/stream/Node$OfPrimitive
instanceKlass java/util/stream/Nodes$EmptyNode
instanceKlass java/util/stream/Node
instanceKlass java/util/stream/Nodes
instanceKlass java/util/function/IntFunction
instanceKlass java/util/ImmutableCollections$Access$1
instanceKlass jdk/internal/access/JavaUtilCollectionAccess
instanceKlass java/util/ImmutableCollections$Access
instanceKlass java/util/stream/DistinctOps
instanceKlass java/util/ArrayList$ArrayListSpliterator
instanceKlass java/util/BitSet
instanceKlass java/net/URLEncoder
instanceKlass java/net/URLDecoder
instanceKlass org/springframework/util/MultiValueMap
instanceKlass org/springframework/util/CollectionUtils
instanceKlass org/springframework/util/ResourceUtils
instanceKlass org/springframework/util/PropertiesPersister
instanceKlass org/springframework/core/io/support/PropertiesLoaderUtils
instanceKlass java/nio/channels/ReadableByteChannel
instanceKlass java/nio/channels/Channel
instanceKlass org/springframework/core/io/AbstractResource
instanceKlass org/springframework/util/ConcurrentReferenceHashMap$Entry
instanceKlass org/springframework/util/ConcurrentReferenceHashMap$Entries
instanceKlass org/springframework/util/StringUtils
instanceKlass org/springframework/util/ConcurrentReferenceHashMap$Reference
instanceKlass org/springframework/util/ConcurrentReferenceHashMap$ReferenceManager
instanceKlass org/springframework/util/ConcurrentReferenceHashMap$Task
instanceKlass org/springframework/core/io/support/SpringFactoriesLoader$FailureHandler
instanceKlass org/springframework/core/io/Resource
instanceKlass org/springframework/core/io/InputStreamSource
instanceKlass org/springframework/core/io/support/SpringFactoriesLoader
instanceKlass org/springframework/util/Assert
instanceKlass org/springframework/boot/ApplicationProperties
instanceKlass org/springframework/core/metrics/DefaultApplicationStartup$DefaultStartupStep$DefaultTags
instanceKlass org/springframework/core/metrics/StartupStep$Tags
instanceKlass org/springframework/core/metrics/DefaultApplicationStartup$DefaultStartupStep
instanceKlass org/springframework/core/metrics/StartupStep
instanceKlass org/springframework/core/metrics/DefaultApplicationStartup
instanceKlass org/springframework/core/metrics/ApplicationStartup
instanceKlass org/springframework/context/ConfigurableApplicationContext
instanceKlass org/springframework/context/Lifecycle
instanceKlass org/springframework/boot/DefaultApplicationContextFactory
instanceKlass org/springframework/boot/ApplicationContextFactory
instanceKlass org/springframework/boot/SpringApplicationShutdownHook$ApplicationContextClosedListener
instanceKlass org/springframework/boot/SpringApplicationShutdownHook$Handlers
instanceKlass org/springframework/boot/SpringApplicationShutdownHandlers
instanceKlass org/springframework/boot/SpringApplicationShutdownHook
instanceKlass org/apache/commons/logging/impl/Slf4jLogFactory$Slf4jLocationAwareLog
instanceKlass ch/qos/logback/classic/util/LoggerNameUtil
instanceKlass org/slf4j/helpers/BasicMarker
instanceKlass org/slf4j/helpers/Reporter
instanceKlass ch/qos/logback/core/util/StatusPrinter2
instanceKlass ch/qos/logback/core/util/StatusPrinter
instanceKlass ch/qos/logback/core/status/StatusUtil
instanceKlass ch/qos/logback/core/spi/AppenderAttachableImpl
instanceKlass ch/qos/logback/core/util/ReentryGuard$ReentryGuardImpl
instanceKlass ch/qos/logback/core/util/ReentryGuard
instanceKlass ch/qos/logback/core/util/ReentryGuardFactory
instanceKlass ch/qos/logback/core/pattern/Converter
instanceKlass java/util/concurrent/atomic/AtomicReference
instanceKlass ch/qos/logback/core/util/CachingDateFormatter$CacheTuple
instanceKlass java/time/Period
instanceKlass java/time/chrono/ChronoPeriod
instanceKlass java/time/format/DateTimeFormatterBuilder$TextPrinterParser
instanceKlass java/time/format/DateTimeTextProvider$1
instanceKlass java/time/format/DateTimeTextProvider
instanceKlass java/util/Collections$1
instanceKlass java/util/AbstractMap$SimpleImmutableEntry
instanceKlass java/time/format/DateTimeTextProvider$LocaleStore
instanceKlass java/time/format/DateTimeFormatterBuilder$InstantPrinterParser
instanceKlass java/time/format/DateTimeFormatterBuilder$StringLiteralPrinterParser
instanceKlass java/time/format/DateTimeFormatterBuilder$ZoneIdPrinterParser
instanceKlass java/time/format/DateTimeFormatterBuilder$OffsetIdPrinterParser
instanceKlass java/time/format/DecimalStyle
instanceKlass java/time/format/DateTimeFormatterBuilder$CompositePrinterParser
instanceKlass java/time/chrono/AbstractChronology
instanceKlass java/time/chrono/Chronology
instanceKlass java/time/format/DateTimeFormatterBuilder$CharLiteralPrinterParser
instanceKlass java/time/format/DateTimeFormatterBuilder$NumberPrinterParser
instanceKlass java/time/format/DateTimeFormatterBuilder$DateTimePrinterParser
instanceKlass java/time/temporal/JulianFields
instanceKlass java/time/temporal/IsoFields
instanceKlass java/lang/Character$CharacterCache
instanceKlass java/time/temporal/TemporalQuery
instanceKlass java/time/format/DateTimeFormatterBuilder
instanceKlass java/time/format/DateTimeFormatter
instanceKlass java/time/LocalTime
instanceKlass java/time/temporal/ValueRange
instanceKlass java/time/Duration
instanceKlass java/time/temporal/TemporalAmount
instanceKlass java/time/temporal/TemporalUnit
instanceKlass java/time/temporal/TemporalField
instanceKlass java/time/LocalDate
instanceKlass java/time/chrono/ChronoLocalDate
instanceKlass java/time/zone/ZoneOffsetTransition
instanceKlass java/time/LocalDateTime
instanceKlass java/time/chrono/ChronoLocalDateTime
instanceKlass java/time/temporal/TemporalAdjuster
instanceKlass java/time/temporal/Temporal
instanceKlass java/time/zone/ZoneOffsetTransitionRule
instanceKlass java/time/zone/ZoneRules
instanceKlass java/time/zone/Ser
instanceKlass java/io/Externalizable
instanceKlass java/time/zone/ZoneRulesProvider$1
instanceKlass java/time/zone/ZoneRulesProvider
instanceKlass sun/util/calendar/ZoneInfoFile$ZoneOffsetTransitionRule
instanceKlass sun/util/calendar/ZoneInfoFile$1
instanceKlass sun/util/calendar/ZoneInfoFile
instanceKlass java/util/TimeZone
instanceKlass java/time/ZoneId
instanceKlass java/time/temporal/TemporalAccessor
instanceKlass ch/qos/logback/core/util/CachingDateFormatter
instanceKlass ch/qos/logback/core/util/SimpleTimeBasedGuard
instanceKlass java/util/concurrent/atomic/AtomicBoolean
instanceKlass ch/qos/logback/core/util/COWArrayList
instanceKlass ch/qos/logback/core/spi/FilterAttachableImpl
instanceKlass ch/qos/logback/core/Appender
instanceKlass ch/qos/logback/core/spi/FilterAttachable
instanceKlass ch/qos/logback/core/encoder/Encoder
instanceKlass ch/qos/logback/core/Layout
instanceKlass jdk/internal/misc/ScopedMemoryAccess$Scope
instanceKlass java/lang/invoke/LambdaFormEditor$1
instanceKlass java/lang/invoke/MethodHandles$1
instanceKlass java/lang/Long$LongCache
instanceKlass ch/qos/logback/core/spi/ContextAwareBase
instanceKlass ch/qos/logback/classic/util/ClassicEnvUtil
instanceKlass ch/qos/logback/core/status/StatusListener
instanceKlass ch/qos/logback/core/util/StatusListenerConfigHelper
instanceKlass ch/qos/logback/core/status/StatusBase
instanceKlass java/util/Formattable
instanceKlass java/util/Formatter$Flags
instanceKlass java/util/Formatter$FormatSpecifier
instanceKlass java/util/Formatter$Conversion
instanceKlass java/util/Formatter$FixedString
instanceKlass java/util/Formatter$FormatString
instanceKlass java/util/Formatter
instanceKlass ch/qos/logback/core/util/VersionUtil
instanceKlass ch/qos/logback/classic/ClassicConstants
instanceKlass ch/qos/logback/classic/util/ClassicVersionUtil
instanceKlass ch/qos/logback/core/CoreConstants
instanceKlass ch/qos/logback/core/util/CoreVersionUtil
instanceKlass ch/qos/logback/core/util/OptionHelper
instanceKlass ch/qos/logback/core/util/Loader
instanceKlass ch/qos/logback/classic/spi/Configurator
instanceKlass ch/qos/logback/core/spi/ContextAwareImpl
instanceKlass ch/qos/logback/classic/util/ContextInitializer$1
instanceKlass ch/qos/logback/core/spi/ContextAware
instanceKlass ch/qos/logback/classic/util/ContextInitializer
instanceKlass org/slf4j/MDC
instanceKlass ch/qos/logback/classic/util/LogbackMDCAdapter
instanceKlass ch/qos/logback/classic/Level
instanceKlass ch/qos/logback/classic/spi/ILoggingEvent
instanceKlass ch/qos/logback/core/spi/DeferredProcessingAware
instanceKlass org/slf4j/spi/LoggingEventBuilder
instanceKlass ch/qos/logback/classic/Logger
instanceKlass ch/qos/logback/core/spi/AppenderAttachable
instanceKlass org/slf4j/spi/LoggingEventAware
instanceKlass org/slf4j/spi/LocationAwareLogger
instanceKlass ch/qos/logback/classic/spi/LoggerContextVO
instanceKlass ch/qos/logback/core/spi/LogbackLock
instanceKlass ch/qos/logback/core/helpers/CyclicBuffer
instanceKlass ch/qos/logback/core/BasicStatusManager
instanceKlass ch/qos/logback/core/status/Status
instanceKlass ch/qos/logback/core/status/StatusManager
instanceKlass java/util/concurrent/ExecutorService
instanceKlass java/util/concurrent/Executor
instanceKlass ch/qos/logback/core/ContextBase
instanceKlass ch/qos/logback/core/spi/LifeCycle
instanceKlass ch/qos/logback/core/Context
instanceKlass ch/qos/logback/core/spi/PropertyContainer
instanceKlass ch/qos/logback/classic/spi/LogbackServiceProvider
instanceKlass org/slf4j/helpers/Util
instanceKlass org/slf4j/helpers/NOPMDCAdapter
instanceKlass org/slf4j/helpers/NOPLoggerFactory
instanceKlass org/slf4j/helpers/NOP_FallbackServiceProvider
instanceKlass org/slf4j/helpers/ThreadLocalMapOfStacks
instanceKlass org/slf4j/helpers/BasicMDCAdapter
instanceKlass org/slf4j/Marker
instanceKlass org/slf4j/helpers/BasicMarkerFactory
instanceKlass java/util/concurrent/LinkedBlockingQueue$Node
instanceKlass java/util/concurrent/locks/AbstractQueuedSynchronizer$ConditionObject
instanceKlass java/util/concurrent/locks/Condition
instanceKlass java/util/concurrent/BlockingQueue
instanceKlass org/slf4j/Logger
instanceKlass org/slf4j/helpers/SubstituteLoggerFactory
instanceKlass org/slf4j/ILoggerFactory
instanceKlass org/slf4j/spi/MDCAdapter
instanceKlass org/slf4j/helpers/SubstituteServiceProvider
instanceKlass org/slf4j/event/LoggingEvent
instanceKlass org/slf4j/spi/SLF4JServiceProvider
instanceKlass org/slf4j/LoggerFactory
instanceKlass org/slf4j/IMarkerFactory
instanceKlass org/slf4j/MarkerFactory
instanceKlass org/apache/commons/logging/Log
instanceKlass org/apache/logging/log4j/util/TriConsumer
instanceKlass org/apache/logging/log4j/util/SortedArrayStringMap
instanceKlass org/apache/logging/log4j/util/IndexedStringMap
instanceKlass org/apache/logging/log4j/util/IndexedReadOnlyStringMap
instanceKlass org/apache/logging/log4j/util/StringMap
instanceKlass org/apache/logging/log4j/util/ReadOnlyStringMap
instanceKlass org/apache/logging/slf4j/MDCContextMap
instanceKlass org/apache/logging/log4j/spi/CleanableThreadContextMap
instanceKlass org/apache/logging/log4j/spi/ThreadContextMap2
instanceKlass java/util/TimSort
instanceKlass java/util/Arrays$LegacyMergeSort
instanceKlass java/util/stream/SortedOps
instanceKlass org/apache/logging/log4j/util/PropertySource$Comparator
instanceKlass java/util/regex/Pattern$1
instanceKlass org/apache/logging/log4j/util/PropertySource$Util
instanceKlass org/apache/logging/log4j/util/Cast
instanceKlass org/apache/logging/log4j/util/LazyUtil$1
instanceKlass org/apache/logging/log4j/util/LazyUtil
instanceKlass org/springframework/boot/logging/log4j2/SpringBootPropertySource
instanceKlass org/apache/logging/log4j/util/SystemPropertiesPropertySource
instanceKlass java/util/ServiceLoader$ProviderImpl
instanceKlass java/util/ServiceLoader$Provider
instanceKlass java/util/ServiceLoader$1
instanceKlass org/apache/logging/log4j/util/EnvironmentPropertySource
instanceKlass sun/net/www/MessageHeader
instanceKlass sun/net/www/protocol/jar/JarFileFactory
instanceKlass sun/net/www/protocol/jar/URLJarFile$URLJarFileCloseController
instanceKlass java/net/URLConnection
instanceKlass java/util/stream/ForEachOps$ForEachOp
instanceKlass java/util/stream/ForEachOps
instanceKlass org/apache/logging/log4j/util/OsgiServiceLocator
instanceKlass java/util/stream/SliceOps
instanceKlass java/lang/StackStreamFactory$FrameBuffer
instanceKlass java/lang/StackStreamFactory$1
instanceKlass java/lang/StackStreamFactory
instanceKlass org/apache/logging/log4j/util/StackLocator
instanceKlass org/apache/logging/log4j/util/StackLocatorUtil
instanceKlass java/util/Spliterators$AbstractSpliterator
instanceKlass org/apache/logging/log4j/util/ServiceLoaderUtil
instanceKlass java/util/Collections$SynchronizedCollection
instanceKlass java/util/Properties$EntrySet
instanceKlass org/apache/logging/log4j/util/BiConsumer
instanceKlass org/apache/logging/log4j/util/PropertiesUtil$Environment
instanceKlass java/util/LinkedHashMap$LinkedHashIterator
instanceKlass org/apache/logging/log4j/util/PropertiesPropertySource
instanceKlass org/apache/logging/log4j/util/LazyUtil$SafeLazy
instanceKlass org/apache/logging/log4j/util/Lazy
instanceKlass org/apache/logging/log4j/util/PropertySource
instanceKlass org/apache/logging/log4j/util/PropertiesUtil
instanceKlass org/apache/logging/log4j/util/LoaderUtil$ThreadContextClassLoaderGetter
instanceKlass org/apache/logging/log4j/util/LazyBoolean
instanceKlass java/util/function/BooleanSupplier
instanceKlass org/apache/logging/log4j/util/LoaderUtil
instanceKlass org/apache/logging/log4j/spi/LoggerRegistry
instanceKlass org/apache/logging/slf4j/SLF4JLoggerContext
instanceKlass org/apache/logging/log4j/spi/LoggerContext
instanceKlass org/apache/logging/slf4j/SLF4JLoggerContextFactory
instanceKlass java/util/concurrent/ConcurrentLinkedQueue$Node
instanceKlass java/util/concurrent/locks/ReentrantReadWriteLock$WriteLock
instanceKlass java/util/concurrent/locks/ReentrantReadWriteLock$ReadLock
instanceKlass java/util/concurrent/locks/ReentrantReadWriteLock
instanceKlass org/apache/logging/log4j/message/EntryMessage
instanceKlass org/apache/logging/log4j/message/ExitMessage
instanceKlass org/apache/logging/log4j/message/FlowMessage
instanceKlass org/apache/logging/log4j/status/StatusConsoleListener
instanceKlass java/lang/Character$Subset
instanceKlass java/util/regex/CharPredicates
instanceKlass java/util/regex/Pattern$TreeInfo
instanceKlass java/util/regex/Pattern$BitClass
instanceKlass java/util/regex/Pattern$BmpCharPredicate
instanceKlass java/util/regex/IntHashSet
instanceKlass java/util/regex/Matcher
instanceKlass java/util/regex/MatchResult
instanceKlass java/util/regex/Pattern$CharPredicate
instanceKlass java/util/regex/ASCII
instanceKlass java/util/regex/Pattern$Node
instanceKlass java/util/regex/Pattern
instanceKlass java/util/Collections$UnmodifiableMap$UnmodifiableEntrySet$UnmodifiableEntry
instanceKlass java/util/Collections$UnmodifiableMap$UnmodifiableEntrySet$1
instanceKlass java/lang/ProcessEnvironment$CheckedEntry
instanceKlass java/lang/ProcessEnvironment$CheckedEntrySet$1
instanceKlass java/lang/ProcessEnvironment$EntryComparator
instanceKlass java/lang/ProcessEnvironment$NameComparator
instanceKlass org/apache/logging/log4j/status/StatusLogger$PropertiesUtilsDouble
instanceKlass org/apache/logging/log4j/status/StatusLogger$Config
instanceKlass org/apache/logging/log4j/status/StatusLogger$InstanceHolder
instanceKlass java/util/RegularEnumSet$EnumSetIterator
instanceKlass org/apache/logging/log4j/util/Strings
instanceKlass org/apache/logging/log4j/Level
instanceKlass org/apache/logging/log4j/internal/DefaultLogBuilder
instanceKlass org/apache/logging/log4j/BridgeAware
instanceKlass org/apache/logging/log4j/message/DefaultFlowMessageFactory
instanceKlass org/apache/logging/log4j/message/FlowMessageFactory
instanceKlass org/apache/logging/log4j/message/AbstractMessageFactory
instanceKlass org/apache/logging/log4j/MarkerManager$Log4jMarker
instanceKlass org/apache/logging/log4j/util/StringBuilderFormattable
instanceKlass org/apache/logging/log4j/Marker
instanceKlass org/apache/logging/log4j/MarkerManager
instanceKlass org/apache/logging/log4j/status/StatusListener
instanceKlass java/util/concurrent/locks/ReadWriteLock
instanceKlass org/apache/logging/log4j/LogBuilder
instanceKlass org/apache/logging/log4j/message/Message
instanceKlass org/apache/logging/log4j/message/MessageFactory2
instanceKlass org/apache/logging/log4j/message/MessageFactory
instanceKlass org/apache/logging/log4j/spi/AbstractLogger
instanceKlass org/apache/logging/log4j/spi/LocationAwareLogger
instanceKlass org/apache/logging/log4j/spi/ExtendedLogger
instanceKlass org/apache/logging/log4j/spi/ThreadContextMap
instanceKlass org/apache/logging/log4j/spi/LoggerContextFactory
instanceKlass org/apache/logging/log4j/Logger
instanceKlass org/apache/logging/log4j/spi/Provider
instanceKlass java/util/zip/ZipFile$ZipEntryIterator
instanceKlass java/util/ServiceLoader$3
instanceKlass java/util/ServiceLoader$2
instanceKlass java/util/ServiceLoader$LazyClassPathLookupIterator
instanceKlass java/util/Spliterators$1Adapter
instanceKlass java/util/Spliterators$ArraySpliterator
instanceKlass java/util/ServiceLoader$ModuleServicesLookupIterator
instanceKlass java/util/ServiceLoader
instanceKlass jdk/internal/loader/URLClassPath$1
instanceKlass java/lang/CompoundEnumeration
instanceKlass jdk/internal/loader/BuiltinClassLoader$1
instanceKlass java/util/Collections$EmptyEnumeration
instanceKlass java/util/Collections$EmptyIterator
instanceKlass jdk/internal/jimage/ImageLocation
instanceKlass jdk/internal/jimage/decompressor/Decompressor
instanceKlass jdk/internal/jimage/ImageStringsReader
instanceKlass jdk/internal/jimage/ImageStrings
instanceKlass jdk/internal/jimage/ImageHeader
instanceKlass jdk/internal/jimage/NativeImageBuffer$1
instanceKlass jdk/internal/jimage/NativeImageBuffer
instanceKlass jdk/internal/jimage/BasicImageReader$1
instanceKlass jdk/internal/jimage/BasicImageReader
instanceKlass jdk/internal/jimage/ImageReader
instanceKlass jdk/internal/jimage/ImageReaderFactory$1
instanceKlass java/nio/file/Paths
instanceKlass jdk/internal/jimage/ImageReaderFactory
instanceKlass jdk/internal/module/SystemModuleFinders$SystemImage
instanceKlass jdk/internal/module/SystemModuleFinders$SystemModuleReader
instanceKlass java/lang/module/ModuleReader
instanceKlass jdk/internal/loader/BuiltinClassLoader$5
instanceKlass jdk/internal/loader/BuiltinClassLoader$2
instanceKlass jdk/internal/module/Resources
instanceKlass org/apache/commons/logging/impl/WeakHashtable$Referenced
instanceKlass org/apache/commons/logging/LogFactory
instanceKlass org/springframework/core/OrderComparator
instanceKlass org/springframework/core/OrderComparator$OrderSourceProvider
instanceKlass org/springframework/beans/factory/config/ConfigurableBeanFactory
instanceKlass org/springframework/beans/factory/config/SingletonBeanRegistry
instanceKlass org/springframework/context/ApplicationContext
instanceKlass org/springframework/core/io/support/ResourcePatternResolver
instanceKlass org/springframework/context/ApplicationEventPublisher
instanceKlass org/springframework/context/MessageSource
instanceKlass org/springframework/beans/factory/HierarchicalBeanFactory
instanceKlass org/springframework/beans/factory/ListableBeanFactory
instanceKlass org/springframework/beans/factory/BeanFactory
instanceKlass java/nio/DirectByteBuffer$Deallocator
instanceKlass sun/nio/ch/Util$BufferCache
instanceKlass org/springframework/core/env/EnvironmentCapable
instanceKlass sun/nio/ch/Util
instanceKlass java/lang/invoke/VarHandle$AccessDescriptor
instanceKlass org/springframework/context/ApplicationListener
instanceKlass java/util/EventListener
instanceKlass org/springframework/beans/factory/config/BeanFactoryPostProcessor
instanceKlass sun/nio/ch/NativeThread
instanceKlass sun/net/NetHooks
instanceKlass sun/net/spi/DefaultProxySelector$3
instanceKlass org/springframework/core/io/ResourceLoader
instanceKlass sun/net/spi/DefaultProxySelector$NonProxyInfo
instanceKlass org/springframework/core/convert/support/ConfigurableConversionService
instanceKlass sun/net/spi/DefaultProxySelector$1
instanceKlass org/springframework/core/convert/converter/ConverterRegistry
instanceKlass org/springframework/core/convert/ConversionService
instanceKlass java/net/Proxy
instanceKlass java/net/ProxySelector
instanceKlass java/net/SocksSocketImpl$3
instanceKlass org/springframework/core/env/ConfigurableEnvironment
instanceKlass org/springframework/core/env/ConfigurablePropertyResolver
instanceKlass jdk/net/ExtendedSocketOptions$PlatformSocketOptions$1
instanceKlass org/springframework/boot/env/PropertySourceInfo
instanceKlass jdk/net/ExtendedSocketOptions$PlatformSocketOptions
instanceKlass jdk/net/ExtendedSocketOptions$ExtSocketOption
instanceKlass java/net/SocketOption
instanceKlass jdk/net/ExtendedSocketOptions
instanceKlass sun/net/ext/ExtendedSocketOptions
instanceKlass java/net/Inet6Address$Inet6AddressHolder
instanceKlass sun/nio/ch/Net$1
instanceKlass java/net/ProtocolFamily
instanceKlass sun/nio/ch/Net
instanceKlass java/net/SocksConsts
instanceKlass org/springframework/core/env/PropertySource
instanceKlass sun/nio/ch/IOUtil
instanceKlass sun/nio/ch/NativeDispatcher
instanceKlass java/util/EventObject
instanceKlass sun/net/PlatformSocketImpl
instanceKlass org/springframework/core/env/Environment
instanceKlass org/springframework/core/env/PropertyResolver
instanceKlass java/util/Properties$LineReader
instanceKlass sun/net/NetProperties$1
instanceKlass sun/net/NetProperties
instanceKlass org/springframework/boot/ApplicationArguments
instanceKlass jdk/internal/org/objectweb/asm/ClassReader
instanceKlass org/springframework/boot/bootstrap/ConfigurableBootstrapContext
instanceKlass org/springframework/boot/bootstrap/BootstrapContext
instanceKlass org/springframework/boot/bootstrap/BootstrapRegistry
instanceKlass java/net/SocketImpl
instanceKlass java/net/SocketOptions
instanceKlass java/net/InetSocketAddress$InetSocketAddressHolder
instanceKlass java/net/InetAddress$PlatformNameService
instanceKlass java/net/InetAddress$NameService
instanceKlass java/net/Inet6AddressImpl
instanceKlass java/net/InetAddressImpl
instanceKlass java/net/InetAddressImplFactory
instanceKlass java/util/concurrent/ConcurrentSkipListMap$Node
instanceKlass java/util/concurrent/ConcurrentSkipListMap$Index
instanceKlass org/springframework/boot/SpringApplication
instanceKlass java/util/concurrent/ConcurrentNavigableMap
instanceKlass java/net/InetAddress$InetAddressHolder
instanceKlass java/net/InetAddress$1
instanceKlass jdk/internal/access/JavaNetInetAddressAccess
instanceKlass com/salon/apigateway_service/ApigatewayServiceApplication
instanceKlass java/net/InetAddress
instanceKlass java/net/SocketAddress
instanceKlass java/io/FileInputStream$1
instanceKlass java/lang/invoke/VarForm
instanceKlass java/lang/invoke/VarHandleGuards
instanceKlass jdk/internal/util/Preconditions$1
instanceKlass java/lang/invoke/VarHandle$1
instanceKlass sun/nio/cs/SingleByte
instanceKlass java/lang/ClassValue$Version
instanceKlass java/lang/ClassValue$Identity
instanceKlass sun/nio/cs/MS1252$Holder
instanceKlass java/lang/ClassValue
instanceKlass sun/nio/cs/ArrayDecoder
instanceKlass java/lang/invoke/VarHandles
instanceKlass sun/launcher/LauncherHelper
instanceKlass java/net/Socket
instanceKlass jdk/internal/vm/PostVMInitHook$1
instanceKlass jdk/internal/util/EnvUtils
instanceKlass jdk/internal/vm/PostVMInitHook$2
instanceKlass jdk/internal/vm/PostVMInitHook
instanceKlass com/intellij/rt/execution/application/AppMainV2
instanceKlass com/intellij/rt/execution/application/AppMainV2$Agent
instanceKlass java/security/SecureClassLoader$DebugHolder
instanceKlass java/security/PermissionCollection
instanceKlass java/security/SecureClassLoader$1
instanceKlass java/security/SecureClassLoader$CodeSourceKey
instanceKlass java/util/zip/Checksum$1
instanceKlass java/util/zip/CRC32
instanceKlass java/util/zip/Checksum
instanceKlass sun/nio/ByteBuffered
instanceKlass java/lang/Package$VersionInfo
instanceKlass java/lang/NamedPackage
instanceKlass jdk/internal/loader/Resource
instanceKlass java/util/jar/Attributes$Name
instanceKlass java/util/jar/Attributes
instanceKlass java/util/TreeMap$PrivateEntryIterator
instanceKlass java/util/TreeMap$Entry
instanceKlass java/util/NavigableMap
instanceKlass java/util/SortedMap
instanceKlass java/util/NavigableSet
instanceKlass java/util/SortedSet
instanceKlass java/util/LinkedList$Node
instanceKlass java/nio/charset/CoderResult
instanceKlass java/nio/charset/CharsetDecoder
instanceKlass java/io/Reader
instanceKlass java/lang/Readable
instanceKlass sun/security/action/GetIntegerAction
instanceKlass sun/security/util/Debug
instanceKlass sun/security/util/SignatureFileVerifier
instanceKlass java/util/zip/ZipFile$InflaterCleanupAction
instanceKlass java/util/zip/Inflater$InflaterZStreamRef
instanceKlass java/util/zip/Inflater
instanceKlass java/util/zip/ZipEntry
instanceKlass java/lang/StringCoding
instanceKlass jdk/internal/util/jar/JarIndex
instanceKlass java/nio/Bits$1
instanceKlass jdk/internal/misc/VM$BufferPool
instanceKlass java/nio/Bits
instanceKlass sun/nio/ch/DirectBuffer
instanceKlass jdk/internal/perf/PerfCounter$CoreCounters
instanceKlass jdk/internal/perf/Perf
instanceKlass jdk/internal/perf/Perf$GetPerfAction
instanceKlass jdk/internal/perf/PerfCounter
instanceKlass java/nio/file/attribute/FileTime
instanceKlass java/util/zip/ZipUtils
instanceKlass java/util/zip/ZipFile$Source$End
instanceKlass java/io/RandomAccessFile$2
instanceKlass jdk/internal/access/JavaIORandomAccessFileAccess
instanceKlass java/io/RandomAccessFile
instanceKlass java/io/DataInput
instanceKlass java/io/DataOutput
instanceKlass sun/nio/fs/WindowsNativeDispatcher$CompletionStatus
instanceKlass sun/nio/fs/WindowsNativeDispatcher$AclInformation
instanceKlass sun/nio/fs/WindowsNativeDispatcher$Account
instanceKlass sun/nio/fs/WindowsNativeDispatcher$DiskFreeSpace
instanceKlass sun/nio/fs/WindowsNativeDispatcher$VolumeInformation
instanceKlass sun/nio/fs/WindowsNativeDispatcher$FirstStream
instanceKlass sun/nio/fs/WindowsNativeDispatcher$FirstFile
instanceKlass java/util/Enumeration
instanceKlass java/util/concurrent/ConcurrentHashMap$Traverser
instanceKlass java/util/concurrent/ConcurrentHashMap$CollectionView
instanceKlass sun/nio/fs/WindowsNativeDispatcher
instanceKlass sun/nio/fs/NativeBuffer$Deallocator
instanceKlass sun/nio/fs/NativeBuffer
instanceKlass java/lang/ThreadLocal$ThreadLocalMap
instanceKlass sun/nio/fs/NativeBuffers
instanceKlass sun/nio/fs/WindowsFileAttributes
instanceKlass java/nio/file/attribute/DosFileAttributes
instanceKlass sun/nio/fs/AbstractBasicFileAttributeView
instanceKlass sun/nio/fs/DynamicFileAttributeView
instanceKlass sun/nio/fs/WindowsFileAttributeViews
instanceKlass java/lang/Class$1
instanceKlass java/nio/charset/StandardCharsets
instanceKlass sun/nio/fs/Util
instanceKlass java/nio/file/attribute/BasicFileAttributeView
instanceKlass java/nio/file/attribute/FileAttributeView
instanceKlass java/nio/file/attribute/AttributeView
instanceKlass java/nio/file/Files
instanceKlass java/nio/file/CopyOption
instanceKlass java/nio/file/attribute/BasicFileAttributes
instanceKlass sun/nio/fs/WindowsPath
instanceKlass java/net/URI$Parser
instanceKlass sun/nio/fs/WindowsPathParser$Result
instanceKlass sun/nio/fs/WindowsPathParser
instanceKlass java/util/Arrays$ArrayItr
instanceKlass java/nio/file/FileSystem
instanceKlass java/nio/file/OpenOption
instanceKlass java/nio/file/spi/FileSystemProvider
instanceKlass sun/nio/fs/DefaultFileSystemProvider
instanceKlass java/nio/file/FileSystems$DefaultFileSystemHolder$1
instanceKlass java/nio/file/FileSystems$DefaultFileSystemHolder
instanceKlass java/nio/file/FileSystems
instanceKlass java/util/zip/ZipFile$Source$Key
instanceKlass java/util/zip/ZipFile$Source
instanceKlass java/util/zip/ZipCoder
instanceKlass java/util/zip/ZipFile$CleanableResource
instanceKlass java/lang/Runtime$Version
instanceKlass java/util/jar/JavaUtilJarAccessImpl
instanceKlass jdk/internal/access/JavaUtilJarAccess
instanceKlass jdk/internal/loader/FileURLMapper
instanceKlass jdk/internal/loader/URLClassPath$JarLoader$1
instanceKlass java/util/zip/ZipFile$1
instanceKlass jdk/internal/access/JavaUtilZipFileAccess
instanceKlass java/util/zip/ZipFile
instanceKlass java/util/zip/ZipConstants
instanceKlass jdk/internal/loader/URLClassPath$Loader
instanceKlass jdk/internal/loader/URLClassPath$3
instanceKlass java/security/PrivilegedExceptionAction
instanceKlass sun/util/locale/LocaleObjectCache
instanceKlass sun/util/locale/BaseLocale$Key
instanceKlass sun/util/locale/LocaleUtils
instanceKlass sun/util/locale/BaseLocale
instanceKlass java/util/Locale
instanceKlass sun/net/util/URLUtil
instanceKlass sun/instrument/TransformerManager$TransformerInfo
instanceKlass sun/instrument/TransformerManager
instanceKlass jdk/internal/loader/NativeLibraries$NativeLibraryImpl
instanceKlass jdk/internal/loader/NativeLibrary
instanceKlass java/util/ArrayDeque$DeqIterator
instanceKlass jdk/internal/loader/NativeLibraries$1
instanceKlass jdk/internal/loader/NativeLibraries$LibraryPaths
instanceKlass sun/instrument/InstrumentationImpl
instanceKlass java/lang/instrument/Instrumentation
instanceKlass java/lang/invoke/StringConcatFactory$3
instanceKlass java/lang/invoke/StringConcatFactory$2
instanceKlass java/lang/invoke/StringConcatFactory$1
instanceKlass java/lang/invoke/StringConcatFactory
instanceKlass jdk/internal/module/ModuleBootstrap$SafeModuleFinder
instanceKlass java/lang/ModuleLayer$Controller
instanceKlass java/util/concurrent/CopyOnWriteArrayList
instanceKlass jdk/internal/module/ServicesCatalog$ServiceProvider
instanceKlass jdk/internal/loader/AbstractClassLoaderValue$Memoizer
instanceKlass jdk/internal/module/ModuleLoaderMap$Modules
instanceKlass jdk/internal/module/ModuleLoaderMap$Mapper
instanceKlass jdk/internal/module/ModuleLoaderMap
instanceKlass java/lang/module/ResolvedModule
instanceKlass java/util/Collections$UnmodifiableCollection$1
instanceKlass java/lang/ModuleLayer
instanceKlass java/util/ImmutableCollections$ListItr
instanceKlass java/util/ListIterator
instanceKlass java/lang/module/ModuleFinder$1
instanceKlass java/nio/file/Path
instanceKlass java/nio/file/Watchable
instanceKlass java/lang/module/Resolver
instanceKlass java/lang/module/Configuration
instanceKlass java/util/ImmutableCollections$Set12$1
instanceKlass java/util/stream/FindOps$FindOp
instanceKlass java/util/stream/FindOps$FindSink
instanceKlass java/util/stream/FindOps
instanceKlass java/util/stream/Sink$ChainedReference
instanceKlass java/util/stream/ReduceOps$AccumulatingSink
instanceKlass java/util/stream/TerminalSink
instanceKlass java/util/stream/Sink
instanceKlass java/util/function/Consumer
instanceKlass java/util/stream/ReduceOps$Box
instanceKlass java/util/stream/ReduceOps$ReduceOp
instanceKlass java/util/stream/TerminalOp
instanceKlass java/util/stream/ReduceOps
instanceKlass java/util/function/BinaryOperator
instanceKlass java/util/function/BiFunction
instanceKlass java/util/function/BiConsumer
instanceKlass java/util/stream/Collectors$CollectorImpl
instanceKlass java/util/stream/Collector
instanceKlass java/util/Collections$UnmodifiableCollection
instanceKlass java/util/stream/Collectors
instanceKlass java/lang/ref/Cleaner$Cleanable
instanceKlass jdk/internal/ref/CleanerImpl
instanceKlass java/lang/ref/Cleaner$1
instanceKlass java/lang/ref/Cleaner
instanceKlass jdk/internal/ref/CleanerFactory$1
instanceKlass java/util/concurrent/ThreadFactory
instanceKlass jdk/internal/ref/CleanerFactory
instanceKlass java/lang/invoke/MethodHandles$Lookup$ClassDefiner
instanceKlass java/lang/invoke/MethodHandles$Lookup$ClassFile
instanceKlass jdk/internal/org/objectweb/asm/Handler
instanceKlass jdk/internal/org/objectweb/asm/Attribute
instanceKlass jdk/internal/org/objectweb/asm/FieldVisitor
instanceKlass java/util/ArrayList$Itr
instanceKlass java/lang/invoke/InvokerBytecodeGenerator$ClassData
instanceKlass jdk/internal/org/objectweb/asm/AnnotationVisitor
instanceKlass jdk/internal/org/objectweb/asm/Frame
instanceKlass jdk/internal/org/objectweb/asm/Label
instanceKlass jdk/internal/org/objectweb/asm/MethodVisitor
instanceKlass java/lang/invoke/LambdaFormBuffer
instanceKlass java/lang/invoke/LambdaFormEditor$TransformKey
instanceKlass java/lang/invoke/LambdaFormEditor
instanceKlass sun/invoke/util/Wrapper$1
instanceKlass java/lang/invoke/DelegatingMethodHandle$Holder
instanceKlass java/lang/invoke/DirectMethodHandle$2
instanceKlass sun/invoke/empty/Empty
instanceKlass sun/invoke/util/VerifyType
instanceKlass java/lang/invoke/ClassSpecializer$Factory
instanceKlass java/lang/invoke/ClassSpecializer$SpeciesData
instanceKlass java/lang/invoke/ClassSpecializer$1
instanceKlass java/util/function/Function
instanceKlass java/lang/invoke/ClassSpecializer
instanceKlass java/lang/invoke/InnerClassLambdaMetafactory$1
instanceKlass java/lang/invoke/LambdaProxyClassArchive
instanceKlass jdk/internal/org/objectweb/asm/ByteVector
instanceKlass jdk/internal/org/objectweb/asm/Symbol
instanceKlass jdk/internal/org/objectweb/asm/SymbolTable
instanceKlass jdk/internal/org/objectweb/asm/ClassVisitor
instanceKlass java/lang/invoke/InfoFromMemberName
instanceKlass java/lang/invoke/MethodHandleInfo
instanceKlass jdk/internal/org/objectweb/asm/ConstantDynamic
instanceKlass sun/invoke/util/BytecodeDescriptor
instanceKlass jdk/internal/org/objectweb/asm/Handle
instanceKlass sun/security/action/GetBooleanAction
instanceKlass jdk/internal/org/objectweb/asm/Type
instanceKlass java/lang/invoke/AbstractValidatingLambdaMetafactory
instanceKlass java/lang/invoke/MethodHandleImpl$1
instanceKlass jdk/internal/access/JavaLangInvokeAccess
instanceKlass java/lang/invoke/Invokers$Holder
instanceKlass java/lang/invoke/BootstrapMethodInvoker
instanceKlass java/util/function/Predicate
instanceKlass java/lang/WeakPairMap$Pair$Lookup
instanceKlass java/lang/WeakPairMap$Pair
instanceKlass java/lang/WeakPairMap
instanceKlass java/lang/Module$ReflectionData
instanceKlass java/lang/invoke/InvokerBytecodeGenerator$2
instanceKlass java/lang/invoke/InvokerBytecodeGenerator
instanceKlass java/lang/invoke/LambdaForm$Holder
instanceKlass java/lang/invoke/LambdaForm$Name
instanceKlass java/lang/reflect/Array
instanceKlass java/lang/invoke/Invokers
instanceKlass java/lang/invoke/MethodHandleImpl
instanceKlass sun/invoke/util/ValueConversions
instanceKlass java/lang/invoke/DirectMethodHandle$Holder
instanceKlass java/lang/invoke/LambdaForm$NamedFunction
instanceKlass sun/invoke/util/Wrapper$Format
instanceKlass java/lang/invoke/MethodTypeForm
instanceKlass java/lang/Void
instanceKlass java/lang/invoke/MethodType$ConcurrentWeakInternSet
instanceKlass java/lang/invoke/LambdaMetafactory
instanceKlass sun/reflect/annotation/AnnotationParser
instanceKlass java/lang/Class$3
instanceKlass java/lang/PublicMethods$Key
instanceKlass java/lang/PublicMethods$MethodList
instanceKlass java/lang/Class$Atomic
instanceKlass java/lang/Class$ReflectionData
instanceKlass java/util/EnumMap$1
instanceKlass java/util/stream/StreamOpFlag$MaskBuilder
instanceKlass java/util/stream/Stream
instanceKlass java/util/stream/BaseStream
instanceKlass java/util/stream/PipelineHelper
instanceKlass java/util/stream/StreamSupport
instanceKlass java/util/Spliterators$IteratorSpliterator
instanceKlass java/util/Spliterator$OfDouble
instanceKlass java/util/Spliterator$OfLong
instanceKlass java/util/Spliterator$OfInt
instanceKlass java/util/Spliterator$OfPrimitive
instanceKlass java/util/Spliterator
instanceKlass java/util/Spliterators$EmptySpliterator
instanceKlass java/util/Spliterators
instanceKlass jdk/internal/module/DefaultRoots
instanceKlass java/util/ImmutableCollections$SetN$SetNIterator
instanceKlass jdk/internal/loader/BuiltinClassLoader$LoadedModule
instanceKlass jdk/internal/loader/AbstractClassLoaderValue
instanceKlass jdk/internal/module/ServicesCatalog
instanceKlass jdk/internal/util/Preconditions
instanceKlass sun/net/util/IPAddressUtil
instanceKlass java/net/URLStreamHandler
instanceKlass java/lang/StringUTF16
instanceKlass java/util/HexFormat
instanceKlass sun/net/www/ParseUtil
instanceKlass java/net/URL$3
instanceKlass jdk/internal/access/JavaNetURLAccess
instanceKlass java/net/URL$DefaultFactory
instanceKlass java/net/URLStreamHandlerFactory
instanceKlass jdk/internal/loader/URLClassPath
instanceKlass java/security/Principal
instanceKlass java/security/ProtectionDomain$Key
instanceKlass java/security/ProtectionDomain$JavaSecurityAccessImpl
instanceKlass jdk/internal/access/JavaSecurityAccess
instanceKlass java/lang/ClassLoader$ParallelLoaders
instanceKlass java/security/cert/Certificate
instanceKlass jdk/internal/loader/ArchivedClassLoaders
instanceKlass java/util/Deque
instanceKlass java/util/Queue
instanceKlass jdk/internal/loader/ClassLoaderHelper
instanceKlass jdk/internal/loader/NativeLibraries
instanceKlass jdk/internal/loader/BootLoader
instanceKlass java/util/Optional
instanceKlass jdk/internal/module/SystemModuleFinders$SystemModuleFinder
instanceKlass java/lang/module/ModuleFinder
instanceKlass jdk/internal/module/SystemModuleFinders$3
instanceKlass jdk/internal/module/ModuleHashes$HashSupplier
instanceKlass jdk/internal/module/SystemModuleFinders$2
instanceKlass java/util/function/Supplier
instanceKlass java/lang/module/ModuleReference
instanceKlass jdk/internal/module/ModuleResolution
instanceKlass java/util/Collections$UnmodifiableMap
instanceKlass jdk/internal/module/ModuleHashes$Builder
instanceKlass jdk/internal/module/ModuleHashes
instanceKlass jdk/internal/module/ModuleTarget
instanceKlass java/lang/Enum
instanceKlass java/lang/module/ModuleDescriptor$Version
instanceKlass java/lang/module/ModuleDescriptor$Provides
instanceKlass java/lang/module/ModuleDescriptor$Opens
instanceKlass java/lang/module/ModuleDescriptor$Exports
instanceKlass java/lang/module/ModuleDescriptor$Requires
instanceKlass jdk/internal/module/Builder
instanceKlass jdk/internal/module/SystemModules$all
instanceKlass jdk/internal/module/SystemModules
instanceKlass jdk/internal/module/SystemModulesMap
instanceKlass java/net/URI$1
instanceKlass jdk/internal/access/JavaNetUriAccess
instanceKlass java/net/URI
instanceKlass jdk/internal/module/SystemModuleFinders
instanceKlass jdk/internal/module/ArchivedModuleGraph
instanceKlass jdk/internal/module/ArchivedBootLayer
instanceKlass jdk/internal/module/ModuleBootstrap$Counters
instanceKlass jdk/internal/module/ModulePatcher
instanceKlass jdk/internal/util/ArraysSupport
instanceKlass java/io/FileSystem
instanceKlass java/io/DefaultFileSystem
instanceKlass java/io/File
instanceKlass java/lang/module/ModuleDescriptor$1
instanceKlass jdk/internal/access/JavaLangModuleAccess
instanceKlass java/lang/reflect/Modifier
instanceKlass sun/invoke/util/VerifyAccess
instanceKlass java/lang/module/ModuleDescriptor
instanceKlass jdk/internal/module/ModuleBootstrap
instanceKlass java/lang/invoke/MethodHandleStatics
instanceKlass java/util/Collections
instanceKlass sun/io/Win32ErrorMode
instanceKlass jdk/internal/misc/OSEnvironment
instanceKlass jdk/internal/misc/Signal$NativeHandler
instanceKlass java/util/Hashtable$Entry
instanceKlass jdk/internal/misc/Signal
instanceKlass java/lang/Terminator$1
instanceKlass jdk/internal/misc/Signal$Handler
instanceKlass java/lang/Terminator
instanceKlass java/nio/ByteOrder
instanceKlass java/nio/Buffer$1
instanceKlass jdk/internal/access/JavaNioAccess
instanceKlass jdk/internal/misc/ScopedMemoryAccess
instanceKlass java/nio/charset/CodingErrorAction
instanceKlass java/nio/charset/CharsetEncoder
instanceKlass sun/nio/cs/HistoricallyNamedCharset
instanceKlass sun/security/action/GetPropertyAction
instanceKlass java/lang/ThreadLocal
instanceKlass java/nio/charset/spi/CharsetProvider
instanceKlass java/nio/charset/Charset
instanceKlass java/io/Writer
instanceKlass java/io/OutputStream
instanceKlass java/io/Flushable
instanceKlass java/io/FileDescriptor$1
instanceKlass jdk/internal/access/JavaIOFileDescriptorAccess
instanceKlass java/io/FileDescriptor
instanceKlass jdk/internal/util/StaticProperty
instanceKlass java/util/HashMap$HashIterator
instanceKlass java/lang/Integer$IntegerCache
instanceKlass java/lang/CharacterData
instanceKlass java/util/Arrays
instanceKlass java/lang/VersionProps
instanceKlass java/lang/StringConcatHelper
instanceKlass jdk/internal/misc/VM
instanceKlass jdk/internal/util/SystemProps$Raw
instanceKlass jdk/internal/util/SystemProps
instanceKlass java/lang/System$2
instanceKlass jdk/internal/access/JavaLangAccess
instanceKlass java/lang/ref/Reference$1
instanceKlass jdk/internal/access/JavaLangRefAccess
instanceKlass java/lang/ref/ReferenceQueue$Lock
instanceKlass java/lang/ref/ReferenceQueue
instanceKlass jdk/internal/reflect/ReflectionFactory
instanceKlass jdk/internal/reflect/ReflectionFactory$GetReflectionFactoryAction
instanceKlass java/security/PrivilegedAction
instanceKlass java/util/concurrent/locks/LockSupport
instanceKlass java/util/concurrent/ConcurrentHashMap$Node
instanceKlass java/util/concurrent/ConcurrentHashMap$CounterCell
instanceKlass java/util/concurrent/locks/ReentrantLock
instanceKlass java/util/concurrent/locks/Lock
instanceKlass java/lang/Runtime
instanceKlass java/util/HashMap$Node
instanceKlass java/util/KeyValueHolder
instanceKlass java/util/Map$Entry
instanceKlass java/util/ImmutableCollections$MapN$MapNIterator
instanceKlass java/lang/Math
instanceKlass jdk/internal/reflect/Reflection
instanceKlass java/lang/invoke/MethodHandles$Lookup
instanceKlass java/lang/StringLatin1
instanceKlass java/security/Permission
instanceKlass java/security/Guard
instanceKlass java/lang/invoke/MemberName$Factory
instanceKlass java/lang/invoke/MethodHandles
instanceKlass jdk/internal/access/SharedSecrets
instanceKlass java/lang/reflect/ReflectAccess
instanceKlass jdk/internal/access/JavaLangReflectAccess
instanceKlass java/util/ImmutableCollections
instanceKlass java/util/Objects
instanceKlass java/util/Set
instanceKlass jdk/internal/misc/CDS
instanceKlass java/lang/Module$ArchivedData
instanceKlass java/lang/String$CaseInsensitiveComparator
instanceKlass java/util/Comparator
instanceKlass java/io/ObjectStreamField
instanceKlass jdk/internal/vm/vector/VectorSupport$VectorPayload
instanceKlass jdk/internal/vm/vector/VectorSupport
instanceKlass java/lang/reflect/RecordComponent
instanceKlass java/util/Iterator
instanceKlass java/lang/Number
instanceKlass java/lang/Character
instanceKlass java/lang/Boolean
instanceKlass java/util/concurrent/locks/AbstractOwnableSynchronizer
instanceKlass java/lang/LiveStackFrame
instanceKlass java/lang/StackFrameInfo
instanceKlass java/lang/StackWalker$StackFrame
instanceKlass java/lang/StackStreamFactory$AbstractStackWalker
instanceKlass java/lang/StackWalker
instanceKlass java/nio/Buffer
instanceKlass java/lang/StackTraceElement
instanceKlass java/util/RandomAccess
instanceKlass java/util/List
instanceKlass java/util/AbstractCollection
instanceKlass java/util/Collection
instanceKlass java/lang/Iterable
instanceKlass java/util/concurrent/ConcurrentMap
instanceKlass java/util/AbstractMap
instanceKlass java/security/CodeSource
instanceKlass jdk/internal/loader/ClassLoaders
instanceKlass java/util/jar/Manifest
instanceKlass java/net/URL
instanceKlass java/io/InputStream
instanceKlass java/io/Closeable
instanceKlass java/lang/AutoCloseable
instanceKlass jdk/internal/module/Modules
instanceKlass jdk/internal/misc/Unsafe
instanceKlass jdk/internal/misc/UnsafeConstants
instanceKlass java/lang/AbstractStringBuilder
instanceKlass java/lang/Appendable
instanceKlass java/lang/AssertionStatusDirectives
instanceKlass java/lang/invoke/MethodHandleNatives$CallSiteContext
instanceKlass jdk/internal/invoke/NativeEntryPoint
instanceKlass java/lang/invoke/CallSite
instanceKlass java/lang/invoke/MethodType
instanceKlass java/lang/invoke/TypeDescriptor$OfMethod
instanceKlass java/lang/invoke/LambdaForm
instanceKlass java/lang/invoke/MethodHandleNatives
instanceKlass java/lang/invoke/ResolvedMethodName
instanceKlass java/lang/invoke/MemberName
instanceKlass java/lang/invoke/VarHandle
instanceKlass java/lang/invoke/MethodHandle
instanceKlass jdk/internal/reflect/CallerSensitive
instanceKlass java/lang/annotation/Annotation
instanceKlass jdk/internal/reflect/FieldAccessor
instanceKlass jdk/internal/reflect/ConstantPool
instanceKlass jdk/internal/reflect/ConstructorAccessor
instanceKlass jdk/internal/reflect/MethodAccessor
instanceKlass jdk/internal/reflect/MagicAccessorImpl
instanceKlass java/lang/reflect/Parameter
instanceKlass java/lang/reflect/Member
instanceKlass java/lang/reflect/AccessibleObject
instanceKlass java/lang/Module
instanceKlass java/util/Map
instanceKlass java/util/Dictionary
instanceKlass java/lang/ThreadGroup
instanceKlass java/lang/Thread$UncaughtExceptionHandler
instanceKlass java/lang/Thread
instanceKlass java/lang/Runnable
instanceKlass java/lang/ref/Reference
instanceKlass java/lang/Record
instanceKlass java/security/AccessController
instanceKlass java/security/AccessControlContext
instanceKlass java/security/ProtectionDomain
instanceKlass java/lang/SecurityManager
instanceKlass java/lang/Throwable
instanceKlass java/lang/System
instanceKlass java/lang/ClassLoader
instanceKlass java/lang/Cloneable
instanceKlass java/lang/Class
instanceKlass java/lang/invoke/TypeDescriptor$OfField
instanceKlass java/lang/invoke/TypeDescriptor
instanceKlass java/lang/reflect/Type
instanceKlass java/lang/reflect/GenericDeclaration
instanceKlass java/lang/reflect/AnnotatedElement
instanceKlass java/lang/String
instanceKlass java/lang/constant/ConstantDesc
instanceKlass java/lang/constant/Constable
instanceKlass java/lang/CharSequence
instanceKlass java/lang/Comparable
instanceKlass java/io/Serializable
ciInstanceKlass java/lang/Object 1 1 92 7 1 10 12 1 1 10 7 12 1 1 1 10 7 12 1 1 1 10 12 1 1 8 1 10 12 1 1 10 7 12 1 1 1 10 12 1 10 12 1 1 100 1 8 1 10 12 1 3 8 1 100 1 5 0 1 1 1 1 1 1 1 1 1 1 1 1 1 1 1 1 7 1 1 1 7 1 1 1 1 1 1 1 7 1 1 1 1 1 1 1
ciInstanceKlass java/lang/Class 1 1 1611 10 7 12 1 1 1 9 7 12 1 1 1 9 12 1 1 7 1 10 10 12 1 1 8 1 10 12 1 8 1 8 1 10 12 1 1 10 12 1 1 10 12 1 10 10 12 1 10 12 1 1 10 12 1 1 10 7 12 1 1 10 12 1 10 12 1 10 12 1 8 1 10 12 1 8 1 10 12 1 8 1 8 1 10 12 1 1 10 7 12 1 1 1 18 12 1 1 11 7 12 1 1 1 8 1 8 1 8 1 10 7 12 1 1 1 11 12 1 1 7 1 8 1 10 12 1 11 7 12 1 1 1 10 12 1 1 11 8 1 18 8 1 10 12 1 10 7 12 1 1 10 7 12 1 1 1 10 12 1 1 10 7 12 1 1 1 9 100 12 1 1 1 10 100 12 1 1 1 10 7 12 1 1 1 10 12 1 1 18 12 1 1 10 7 12 1 1 1 10 7 12 1 1 10 12 1 1 10 7 1 100 1 10 12 1 1 9 12 1 1 7 1 8 1 10 12 1 10 12 1 1 10 12 1 1 10 7 12 1 1 1 7 1 10 12 1 7 1 7 1 10 10 12 1 1 10 12 1 1 100 1 10 100 12 1 1 1 10 12 1 1 10 12 1 1 9 12 1 1 10 12 1 10 12 1 10 12 1 1 9 12 1 1 9 12 1 1 10 12 1 1 10 7 1 10 12 1 10 12 1 10 12 1 1 10 9 12 1 10 12 1 8 1 10 12 1 1 10 12 1 1 10 12 1 10 12 1 1 10 12 1 1 10 12 1 1 9 7 12 1 1 1 10 7 12 1 1 10 12 10 12 1 10 12 1 1 10 100 12 1 1 10 12 1 10 12 1 1 10 100 12 1 1 1 10 12 1 10 12 1 1 10 12 1 10 12 1 10 12 1 1 10 7 1 10 10 10 12 1 1 10 12 1 1 10 12 10 12 1 1 100 1 8 1 10 10 12 1 1 10 12 1 100 1 11 12 1 10 7 12 1 1 10 12 1 10 12 1 10 100 12 1 1 10 10 12 1 1 8 1 10 12 1 10 12 1 1 8 1 9 12 1 10 12 1 10 12 1 10 12 1 10 12 100 1 9 12 1 10 12 1 9 12 1 10 12 1 10 12 1 10 12 1 10 10 12 1 10 12 1 10 12 1 10 12 1 10 12 1 10 12 1 100 1 10 12 1 10 12 1 1 10 12 1 1 10 12 1 1 10 12 1 1 10 12 1 1 10 12 1 1 7 1 10 10 12 1 1 10 12 1 1 10 12 1 1 10 10 12 1 10 12 1 1 10 12 1 1 10 12 1 1 10 12 1 1 7 1 10 10 12 11 100 12 1 1 10 12 1 1 10 12 1 10 7 12 1 1 1 10 12 1 1 10 10 12 1 1 100 1 10 10 12 1 1 10 100 12 1 1 1 100 1 7 1 10 12 1 1 10 12 1 10 10 12 1 1 10 12 1 10 12 1 10 12 1 10 100 12 1 1 1 11 7 12 1 1 10 12 1 10 12 1 9 12 1 10 12 1 1 10 12 1 9 12 1 1 7 1 10 9 12 1 1 10 12 7 1 10 12 1 9 12 1 10 100 12 1 1 1 10 12 1 10 12 1 10 100 12 1 1 1 10 12 1 10 12 10 12 1 1 100 1 10 8 1 10 12 1 11 11 12 1 1 11 7 12 1 1 11 12 1 8 1 10 12 1 10 12 1 1 9 12 1 9 12 1 1 10 7 12 1 1 9 12 1 10 12 1 1 10 10 12 1 10 7 12 1 1 1 10 7 12 1 1 10 7 12 1 1 9 12 1 1 10 12 1 9 12 1 10 12 1 10 12 1 1 9 12 1 1 9 12 1 10 12 1 10 12 1 1 9 12 1 100 1 10 10 12 1 1 7 1 10 12 1 1 100 11 100 1 9 12 1 1 9 12 1 100 1 10 12 1 9 12 1 1 9 12 1 10 12 1 10 12 1 1 9 12 1 7 1 10 10 12 1 1 10 10 12 1 1 10 12 10 10 12 1 9 12 1 10 12 1 1 10 7 12 1 1 1 10 12 1 1 10 12 1 8 10 7 8 1 18 8 1 8 1 10 12 1 9 12 1 9 12 1 1 10 12 1 7 1 7 1 10 12 1 9 12 1 1 7 1 10 10 12 1 10 7 1 9 12 1 8 1 10 12 1 7 1 10 12 1 10 12 1 1 9 12 1 100 1 8 1 10 7 1 4 10 10 12 11 7 12 1 1 1 10 12 1 7 1 10 12 1 1 10 8 1 8 1 10 12 1 1 9 7 12 1 1 11 12 7 1 11 7 12 1 1 9 12 1 10 100 12 1 1 1 10 7 12 1 1 10 12 1 1 9 12 1 9 10 12 1 1 10 12 1 1 10 12 1 1 10 12 1 1 10 12 1 1 11 12 1 7 1 11 12 1 10 7 12 1 1 1 10 12 1 7 1 11 12 1 10 100 12 1 1 1 10 12 1 10 11 12 1 11 12 1 1 10 12 1 10 12 1 1 9 12 1 1 9 100 12 1 1 10 12 1 10 100 12 1 1 1 10 12 1 1 10 12 1 10 12 1 10 12 1 10 7 12 1 1 1 10 12 1 8 1 10 12 1 10 12 1 10 12 1 10 100 12 1 1 1 11 100 12 1 1 1 10 12 1 1 10 12 1 18 12 1 1 11 12 1 1 18 11 12 1 18 12 1 11 12 1 10 12 1 1 10 12 1 10 12 1 10 12 10 12 1 8 1 10 12 1 7 1 9 12 1 1 100 1 100 1 100 1 100 1 100 1 1 1 3 1 3 1 3 1 1 1 1 1 1 1 5 0 1 1 1 1 1 1 1 1 1 1 1 1 1 1 1 1 1 1 1 1 1 1 1 100 1 1 1 1 1 1 1 100 1 1 1 1 1 1 7 1 1 1 1 1 1 1 1 1 1 1 1 1 1 1 1 1 1 1 1 1 1 1 1 1 1 1 1 1 1 1 1 1 1 1 1 1 1 100 1 1 1 1 1 1 1 1 1 1 1 1 1 1 1 1 1 1 1 1 1 1 1 1 1 1 1 1 100 1 1 1 1 1 1 1 1 1 1 1 1 1 1 1 1 1 1 1 1 1 1 1 1 1 1 1 1 1 1 1 1 1 1 1 1 1 1 1 1 1 1 1 1 1 1 1 1 1 1 1 1 1 100 1 100 1 1 1 1 1 1 1 1 1 1 1 1 1 1 1 1 1 1 1 1 1 1 1 1 1 1 1 1 1 1 1 1 1 1 1 1 1 1 1 1 1 1 1 1 1 1 1 1 1 1 1 1 1 1 1 1 1 1 1 1 1 1 1 100 1 1 1 1 1 1 1 1 1 1 1 1 1 1 1 1 1 1 1 1 1 1 1 1 1 1 1 1 1 1 1 1 1 1 1 1 1 1 1 1 1 1 1 1 1 1 1 1 1 1 1 1 1 1 1 1 1 1 1 1 1 1 1 1 1 1 1 1 15 10 7 12 1 1 1 16 15 10 12 16 15 11 12 16 1 16 15 16 15 10 12 16 16 15 10 12 16 15 16 1 15 10 12 16 1 1 1 1 1 1 1 1 100 1 1 100 1 100 1 1 100 1 100 1 1
staticfield java/lang/Class EMPTY_CLASS_ARRAY [Ljava/lang/Class; 0 [Ljava/lang/Class;
staticfield java/lang/Class serialPersistentFields [Ljava/io/ObjectStreamField; 0 [Ljava/io/ObjectStreamField;
ciInstanceKlass java/io/Serializable 1 0 7 100 1 100 1 1 1
instanceKlass jdk/internal/vm/vector/VectorSupport$VectorShuffle
instanceKlass jdk/internal/vm/vector/VectorSupport$VectorMask
instanceKlass jdk/internal/vm/vector/VectorSupport$Vector
ciInstanceKlass jdk/internal/vm/vector/VectorSupport$VectorPayload 0 0 32 10 100 12 1 1 1 9 100 12 1 1 1 10 100 12 1 1 1 1 1 1 1 1 1 1 1 1 1 1 1 1
ciInstanceKlass jdk/internal/vm/vector/VectorSupport$VectorShuffle 0 0 28 10 100 12 1 1 1 100 1 1 1 1 1 1 1 1 1 1 1 1 1 1 1 100 1 1 1 1
ciInstanceKlass jdk/internal/vm/vector/VectorSupport$VectorMask 0 0 28 10 100 12 1 1 1 100 1 1 1 1 1 1 1 1 1 1 1 1 1 1 1 100 1 1 1 1
ciInstanceKlass jdk/internal/vm/vector/VectorSupport$Vector 0 0 28 10 100 12 1 1 1 100 1 1 1 1 1 1 1 1 1 1 1 1 1 1 1 100 1 1 1 1
ciInstanceKlass jdk/internal/vm/vector/VectorSupport 0 0 487 100 1 10 100 12 1 1 1 9 12 1 1 10 12 1 1 100 1 10 12 1 11 100 12 1 1 1 11 100 12 1 1 1 11 100 12 1 1 11 100 12 1 1 1 11 100 1 100 1 10 12 1 1 11 100 12 1 1 11 100 12 1 1 100 1 11 100 12 1 1 11 100 12 1 1 11 100 12 1 1 1 11 100 12 1 1 1 11 100 12 1 1 1 11 100 12 1 1 1 100 1 10 12 1 1 11 100 12 1 1 100 1 11 100 12 1 1 11 100 12 1 1 11 100 12 1 1 11 100 1 100 1 9 12 1 1 10 100 12 1 1 11 100 12 1 1 10 12 1 1 10 100 12 1 1 1 10 12 1 10 12 1 1 10 12 1 1 1 1 1 3 1 3 1 3 1 3 1 3 1 3 1 3 1 3 1 3 1 3 1 3 1 3 1 3 1 3 1 3 1 3 1 3 1 3 1 3 1 3 1 3 1 3 1 3 1 3 1 3 1 3 1 3 1 3 1 3 1 3 1 3 1 3 1 3 1 3 1 3 1 3 1 3 1 3 1 3 1 1 1 1 1 3 1 1 1 1 1 1 3 1 1 1 1 1 1 1 1 1 1 1 1 1 1 1 1 1 1 1 1 1 1 1 1 1 1 1 1 1 1 1 1 1 1 1 1 1 1 1 1 1 1 1 1 1 1 1 1 1 1 1 1 1 1 1 1 1 1 1 1 1 1 1 1 1 1 1 1 1 1 1 1 1 1 1 1 1 1 1 1 1 1 1 1 1 1 1 1 1 1 1 1 1 1 1 1 1 1 1 1 1 1 1 1 1 1 1 1 1 1 1 1 1 1 1 1 1 1 1 1 1 1 1 1 1 1 1 1 1 1 1 1 1 1 1 1 1 1 1 1 1 1 1 1 1 1 1 1 1 1 1 1 1 1 1 1 1 1 1 1 1 1 1 1 1 1 1 1 1 1 1 1 1 1 1 1 1 1 1 1 1 1 1 1 1 1 1 1 1 1 1 1 1 1 1 1 1 1 1 100 1 100 1 1 1 1 1 1 1 1 1 1 1 1 1 1 1 1 1 1 1 1 1 1 1 1
ciInstanceKlass java/lang/reflect/RecordComponent 0 0 196 10 100 12 1 1 1 9 100 12 1 1 1 9 12 1 1 9 12 1 10 12 1 1 10 12 1 1 10 100 12 1 1 1 10 12 1 1 9 12 1 1 10 12 1 1 10 12 1 1 10 12 1 10 100 12 1 1 10 100 12 1 1 9 12 1 1 10 100 12 1 1 1 11 100 12 1 1 1 10 9 100 12 1 1 1 10 100 12 1 1 1 9 12 1 1 10 100 12 1 1 1 10 12 1 1 11 100 12 1 1 10 100 12 1 1 100 1 9 12 1 9 12 1 1 9 12 1 10 100 12 1 1 1 10 12 1 1 10 12 1 1 100 1 10 10 12 1 10 12 1 1 8 1 10 12 1 10 12 1 9 12 1 100 1 1 1 1 1 1 1 1 1 1 1 1 1 1 1 1 1 1 1 1 1 1 100 1 1 1 1 1 1 100 1 1
ciInstanceKlass java/util/Iterator 1 1 53 100 1 8 1 10 12 1 1 10 7 12 1 1 1 11 7 12 1 1 1 11 12 1 1 11 7 12 1 1 1 100 1 1 1 1 1 1 1 1 1 1 1 1 1 1 1 1 1 1 1 1 1
instanceKlass org/springframework/http/server/reactive/ChannelSendOperator$State
instanceKlass reactor/core/publisher/Sinks$EmitResult
instanceKlass tools/jackson/core/JsonParser$NumberType
instanceKlass tools/jackson/core/StreamWriteCapability
instanceKlass reactor/core/Scannable$Attr$RunStyle
instanceKlass reactor/core/publisher/FluxConcatMapNoPrefetch$FluxConcatMapNoPrefetchSubscriber$State
instanceKlass org/springframework/http/server/reactive/AbstractServerHttpResponse$State
instanceKlass io/netty/handler/codec/http/HttpStatusClass
instanceKlass jdk/jfr/internal/EventWriterMethod
instanceKlass jdk/jfr/internal/LogLevel
instanceKlass reactor/netty/http/server/HttpServerState
instanceKlass io/netty/handler/codec/http/HttpObjectDecoder$State
instanceKlass com/sun/beans/util/Cache$Kind
instanceKlass io/netty/channel/DefaultChannelPipeline$AddStrategy
instanceKlass com/fasterxml/jackson/core/type/WritableTypeId$Inclusion
instanceKlass com/fasterxml/jackson/core/json/JsonWriteFeature
instanceKlass com/fasterxml/jackson/core/StreamWriteCapability
instanceKlass reactor/core/publisher/FluxConcatMap$ErrorMode
instanceKlass com/netflix/discovery/endpoint/EndpointUtils$DiscoveryUrlType
instanceKlass jakarta/ws/rs/core/Response$Status$Family
instanceKlass jakarta/ws/rs/core/Response$Status
instanceKlass com/netflix/discovery/shared/transport/decorator/EurekaHttpClientDecorator$RequestType
instanceKlass com/fasterxml/jackson/core/StreamReadCapability
instanceKlass com/fasterxml/jackson/databind/jsontype/PolymorphicTypeValidator$Validity
instanceKlass com/fasterxml/jackson/databind/util/NamingStrategyImpls
instanceKlass com/netflix/appinfo/InstanceInfo$ActionType
instanceKlass com/fasterxml/jackson/databind/util/AccessPattern
instanceKlass com/fasterxml/jackson/databind/AnnotationIntrospector$ReferenceProperty$Type
instanceKlass org/apache/hc/core5/io/CloseMode
instanceKlass org/apache/hc/core5/http/message/StatusLine$StatusClass
instanceKlass org/apache/hc/core5/http2/HttpVersionPolicy
instanceKlass org/apache/hc/client5/http/auth/ChallengeType
instanceKlass org/apache/hc/client5/http/auth/AuthExchange$State
instanceKlass org/apache/hc/core5/net/URIBuilder$EncodingPolicy
instanceKlass org/apache/hc/client5/http/RouteInfo$LayerType
instanceKlass org/apache/hc/client5/http/RouteInfo$TunnelType
instanceKlass org/apache/hc/core5/http/Method
instanceKlass org/apache/hc/client5/http/impl/cookie/RFC6265CookieSpecFactory$CompatibilityLevel
instanceKlass org/apache/hc/client5/http/psl/DomainType
instanceKlass org/apache/hc/client5/http/entity/compress/ContentCoding
instanceKlass io/micrometer/core/instrument/binder/jvm/JvmGcMetrics$GcGenerationAge
instanceKlass org/apache/hc/client5/http/impl/ChainElement
instanceKlass org/apache/hc/core5/pool/PoolReusePolicy
instanceKlass org/apache/hc/core5/pool/PoolConcurrencyPolicy
instanceKlass org/apache/hc/client5/http/socket/UnixDomainSocketFactory$Implementation
instanceKlass org/apache/hc/core5/http/URIScheme
instanceKlass org/apache/hc/client5/http/ssl/HostnameVerificationPolicy
instanceKlass org/apache/hc/core5/reactor/ssl/SSLBufferMode
instanceKlass sun/security/ssl/NamedGroup
instanceKlass sun/security/ssl/NamedGroup$NamedGroupSpec
instanceKlass sun/security/ssl/CipherSuite$KeyExchange
instanceKlass sun/security/ssl/CipherSuite$MacAlg
instanceKlass sun/security/ssl/CipherSuite$HashAlg
instanceKlass sun/security/ssl/CipherType
instanceKlass sun/security/ssl/SSLCipher
instanceKlass sun/security/ssl/CipherSuite
instanceKlass java/security/CryptoPrimitive
instanceKlass sun/security/ssl/ProtocolVersion
instanceKlass com/netflix/spectator/api/NoopGauge
instanceKlass com/netflix/spectator/api/NoopTimer
instanceKlass com/netflix/spectator/api/NoopCounter
instanceKlass com/netflix/spectator/api/SystemClock
instanceKlass com/netflix/appinfo/InstanceInfo$PortType
instanceKlass java/lang/management/MemoryType
instanceKlass org/springframework/boot/http/client/HttpCookieHandling
instanceKlass org/springframework/boot/http/client/HttpRedirects
instanceKlass org/springframework/boot/actuate/info/InfoPropertiesInfoContributor$Mode
instanceKlass org/springframework/http/server/reactive/observation/ServerHttpObservationDocumentation$HighCardinalityKeyNames
instanceKlass org/springframework/http/server/reactive/observation/ServerHttpObservationDocumentation
instanceKlass org/springframework/http/server/reactive/observation/ServerHttpObservationDocumentation$LowCardinalityKeyNames
instanceKlass org/springframework/boot/actuate/sbom/SbomEndpointWebExtension$SbomType
instanceKlass org/springframework/boot/actuate/endpoint/annotation/Selector$Match
instanceKlass org/springframework/boot/actuate/endpoint/web/WebEndpointHttpMethod
instanceKlass com/netflix/appinfo/DataCenterInfo$Name
instanceKlass org/springframework/boot/availability/ReadinessState
instanceKlass org/springframework/boot/availability/LivenessState
instanceKlass org/springframework/boot/actuate/endpoint/OperationType
instanceKlass org/springframework/boot/actuate/endpoint/ApiVersion
instanceKlass org/springframework/cloud/gateway/filter/headers/HttpHeadersFilter$Type
instanceKlass org/springframework/cloud/gateway/handler/RoutePredicateHandlerMapping$ManagementPortType
instanceKlass org/springframework/web/bind/annotation/RequestMethod
instanceKlass org/springframework/cloud/gateway/filter/factory/RewriteLocationResponseHeaderGatewayFilterFactory$StripVersion
instanceKlass org/springframework/cloud/gateway/filter/factory/DedupeResponseHeaderGatewayFilterFactory$Strategy
instanceKlass org/springframework/cloud/gateway/support/ShortcutConfigurable$ShortcutType
instanceKlass io/micrometer/core/instrument/config/MeterFilterReply
instanceKlass io/micrometer/core/instrument/Statistic
instanceKlass io/micrometer/core/instrument/Meter$Type
instanceKlass com/fasterxml/classmate/AnnotationInclusion
instanceKlass io/netty/resolver/dns/DnsNameResolverChannelStrategy
instanceKlass org/springframework/core/Nullness
instanceKlass org/hibernate/validator/spi/tracking/ProcessedBeansTrackingVoter$Vote
instanceKlass jakarta/validation/ElementKind
instanceKlass org/hibernate/validator/constraints/CompositionType
instanceKlass jakarta/validation/ConstraintTarget
instanceKlass jakarta/validation/metadata/ValidateUnwrappedValue
instanceKlass org/hibernate/validator/internal/metadata/core/ConstraintOrigin
instanceKlass reactor/netty/transport/ProxyProvider$Proxy
instanceKlass org/springframework/cloud/gateway/config/HttpClientProperties$Pool$LeasingStrategy
instanceKlass org/springframework/cloud/gateway/config/HttpClientProperties$Pool$PoolType
instanceKlass com/netflix/appinfo/EurekaAccept
instanceKlass org/springframework/boot/web/error/ErrorAttributeOptions$Include
instanceKlass org/springframework/boot/autoconfigure/web/ErrorProperties$IncludeAttribute
instanceKlass com/fasterxml/jackson/core/JsonToken
instanceKlass com/fasterxml/jackson/core/JsonEncoding
instanceKlass com/fasterxml/jackson/databind/ObjectMapper$DefaultTyping
instanceKlass com/fasterxml/jackson/core/StreamReadFeature
instanceKlass com/fasterxml/jackson/core/StreamWriteFeature
instanceKlass com/fasterxml/jackson/databind/cfg/ConstructorDetector$SingleArgConstructor
instanceKlass com/fasterxml/jackson/datatype/jsr310/JavaTimeFeature
instanceKlass org/springframework/boot/jackson2/JsonComponent$Scope
instanceKlass com/fasterxml/jackson/annotation/JsonTypeInfo$As
instanceKlass tools/jackson/databind/DefaultTyping
instanceKlass com/netflix/appinfo/InstanceInfo$InstanceStatus
instanceKlass org/springframework/aot/hint/MemberCategory
instanceKlass org/springframework/boot/jackson/JacksonComponent$Scope
instanceKlass reactor/netty/http/server/ProxyProtocolSupportType
instanceKlass reactor/core/publisher/SignalType
instanceKlass jdk/jfr/internal/LogTag
instanceKlass io/netty/util/ResourceLeakDetector$Level
instanceKlass io/netty/handler/logging/ByteBufFormat
instanceKlass io/netty/util/internal/logging/InternalLogLevel
instanceKlass io/netty/handler/logging/LogLevel
instanceKlass reactor/netty/transport/logging/AdvancedByteBufFormat
instanceKlass org/springframework/boot/web/server/servlet/Session$SessionTrackingMode
instanceKlass reactor/netty/http/HttpProtocol
instanceKlass org/springframework/boot/convert/DurationStyle$Unit
instanceKlass org/springframework/boot/convert/DurationStyle
instanceKlass org/springframework/boot/micrometer/metrics/autoconfigure/MeterRegistryPostProcessor$CompositeMeterRegistries
instanceKlass org/springframework/validation/DefaultMessageCodesResolver$Format
instanceKlass org/springframework/boot/reactor/autoconfigure/ReactorProperties$ContextPropagationMode
instanceKlass org/springframework/boot/netty/autoconfigure/NettyProperties$LeakDetection
instanceKlass org/springframework/boot/http/client/autoconfigure/reactive/ReactiveHttpClientsProperties$Connector
instanceKlass org/springframework/boot/autoconfigure/task/TaskExecutionProperties$Mode
instanceKlass org/springframework/boot/actuate/endpoint/Show
instanceKlass org/springframework/expression/spel/standard/TokenKind
instanceKlass io/micrometer/core/instrument/simple/CountingMode
instanceKlass io/micrometer/core/instrument/observation/DefaultMeterObservationHandler$IgnoredMeters
instanceKlass org/springframework/boot/autoconfigure/web/WebProperties$LocaleResolver
instanceKlass org/springframework/boot/web/server/Shutdown
instanceKlass org/springframework/boot/web/server/autoconfigure/ServerProperties$ForwardHeadersStrategy
instanceKlass org/springframework/boot/jackson2/autoconfigure/Jackson2Properties$ConstructorDetectorStrategy
instanceKlass org/springframework/boot/jackson/autoconfigure/JacksonProperties$ConstructorDetectorStrategy
instanceKlass org/springframework/boot/actuate/autoconfigure/web/ManagementContextType
instanceKlass org/springframework/boot/actuate/autoconfigure/web/server/ManagementPortType
instanceKlass org/springframework/boot/autoconfigure/cache/CacheType
instanceKlass org/springframework/boot/actuate/autoconfigure/info/InfoContributorFallback
instanceKlass org/springframework/boot/actuate/endpoint/Access
instanceKlass org/springframework/boot/actuate/autoconfigure/endpoint/expose/EndpointExposure
instanceKlass com/fasterxml/jackson/core/JsonParser$NumberType
instanceKlass com/fasterxml/jackson/databind/DeserializationFeature
instanceKlass com/fasterxml/jackson/databind/cfg/JsonNodeFeature
instanceKlass com/fasterxml/jackson/databind/cfg/EnumFeature
instanceKlass org/springframework/boot/autoconfigure/condition/SearchStrategy
instanceKlass com/fasterxml/jackson/databind/SerializationFeature
instanceKlass com/fasterxml/jackson/core/util/Separators$Spacing
instanceKlass com/fasterxml/jackson/databind/MapperFeature
instanceKlass com/fasterxml/jackson/databind/cfg/CoercionInputShape
instanceKlass com/fasterxml/jackson/databind/cfg/CoercionAction
instanceKlass com/fasterxml/jackson/databind/type/LogicalType
instanceKlass org/springframework/context/annotation/Bean$Bootstrap
instanceKlass com/fasterxml/jackson/core/JsonGenerator$Feature
instanceKlass com/fasterxml/jackson/core/JsonParser$Feature
instanceKlass com/fasterxml/jackson/core/JsonFactory$Feature
instanceKlass com/fasterxml/jackson/core/Base64Variant$PaddingReadBehaviour
instanceKlass com/fasterxml/jackson/databind/util/internal/PrivateMaxEntriesMap$DrainStatus
instanceKlass org/springframework/boot/autoconfigure/condition/ConditionalOnWebApplication$Type
instanceKlass org/springframework/boot/autoconfigure/condition/ConditionMessage$Style
instanceKlass org/springframework/boot/autoconfigure/condition/FilteringSpringBootCondition$ClassNameFilter
instanceKlass org/hibernate/validator/internal/metadata/raw/ConfigurationSource
instanceKlass sun/reflect/annotation/TypeAnnotation$TypeAnnotationTarget
instanceKlass org/hibernate/validator/internal/metadata/descriptor/ConstraintDescriptorImpl$ConstraintType
instanceKlass org/hibernate/validator/internal/metadata/location/ConstraintLocation$ConstraintLocationKind
instanceKlass org/hibernate/validator/internal/metadata/raw/ConstrainedElement$ConstrainedElementKind
instanceKlass java/nio/file/FileTreeWalker$EventType
instanceKlass java/nio/file/FileVisitOption
instanceKlass java/nio/file/AccessMode
instanceKlass java/util/Comparators$NaturalOrderComparator
instanceKlass org/springframework/context/annotation/ConfigurationCondition$ConfigurationPhase
instanceKlass org/springframework/beans/factory/support/DefaultListableBeanFactory$PreInstantiation
instanceKlass org/springframework/expression/spel/SpelCompilerMode
instanceKlass jakarta/validation/constraintvalidation/ValidationTarget
instanceKlass org/hibernate/validator/internal/metadata/core/BuiltinConstraint
instanceKlass org/springframework/context/annotation/FilterType
instanceKlass org/hibernate/validator/messageinterpolation/ExpressionLanguageFeatureLevel
instanceKlass org/springframework/security/crypto/encrypt/RsaAlgorithm
instanceKlass org/springframework/core/ResolvableType$WildcardBounds$Kind
instanceKlass org/hibernate/validator/internal/util/ConcurrentReferenceHashMap$Option
instanceKlass org/hibernate/validator/internal/util/ConcurrentReferenceHashMap$ReferenceType
instanceKlass org/springframework/context/annotation/ScopedProxyMode
instanceKlass jakarta/validation/executable/ExecutableType
instanceKlass org/springframework/core/annotation/MergedAnnotation$Adapt
instanceKlass org/jboss/logging/Logger$Level
instanceKlass org/springframework/boot/Banner$Mode
instanceKlass ch/qos/logback/core/pattern/parser/TokenStream$TokenizerState
instanceKlass ch/qos/logback/core/subst/Node$Type
instanceKlass ch/qos/logback/core/subst/Token$Type
instanceKlass ch/qos/logback/core/subst/Tokenizer$TokenizerState
instanceKlass org/springframework/boot/ansi/AnsiBackground
instanceKlass org/springframework/boot/ansi/AnsiStyle
instanceKlass org/springframework/boot/logging/logback/RollingPolicySystemProperty
instanceKlass org/springframework/boot/logging/LoggingSystemProperty
instanceKlass org/springframework/boot/ansi/AnsiColor
instanceKlass org/springframework/boot/ansi/AnsiOutput$Enabled
instanceKlass org/springframework/boot/thread/Threading
instanceKlass java/lang/Thread$State
instanceKlass org/springframework/boot/context/config/Profiles$Type
instanceKlass tools/jackson/core/JsonToken
instanceKlass tools/jackson/core/StreamReadCapability
instanceKlass com/fasterxml/jackson/annotation/JsonFormat$Feature
instanceKlass tools/jackson/databind/util/AccessPattern
instanceKlass tools/jackson/databind/cfg/ConstructorDetector$SingleArgConstructor
instanceKlass com/fasterxml/jackson/annotation/JsonCreator$Mode
instanceKlass com/fasterxml/jackson/annotation/OptBoolean
instanceKlass com/fasterxml/jackson/annotation/JsonProperty$Access
instanceKlass tools/jackson/databind/AnnotationIntrospector$ReferenceProperty$Type
instanceKlass com/fasterxml/jackson/annotation/PropertyAccessor
instanceKlass org/springframework/http/HttpStatus$Series
instanceKlass org/springframework/http/HttpStatus
instanceKlass io/micrometer/observation/transport/Kind
instanceKlass sun/net/www/protocol/http/HttpURLConnection$TunnelState
instanceKlass org/springframework/util/ConcurrentLruCache$CacheEntryState
instanceKlass org/springframework/util/ConcurrentLruCache$DrainStatus
instanceKlass org/springframework/web/util/DefaultUriBuilderFactory$EncodingMode
instanceKlass tools/jackson/databind/cfg/DateTimeFeature
instanceKlass tools/jackson/databind/cfg/JsonNodeFeature
instanceKlass tools/jackson/databind/cfg/EnumFeature
instanceKlass tools/jackson/databind/cfg/CoercionInputShape
instanceKlass tools/jackson/databind/cfg/CoercionAction
instanceKlass tools/jackson/databind/type/LogicalType
instanceKlass com/fasterxml/jackson/annotation/JsonFormat$Shape
instanceKlass com/fasterxml/jackson/annotation/Nulls
instanceKlass com/fasterxml/jackson/annotation/JsonAutoDetect$Visibility
instanceKlass com/fasterxml/jackson/annotation/JsonInclude$Include
instanceKlass tools/jackson/core/json/JsonWriteFeature
instanceKlass tools/jackson/core/json/JsonReadFeature
instanceKlass tools/jackson/core/StreamWriteFeature
instanceKlass tools/jackson/core/StreamReadFeature
instanceKlass tools/jackson/core/TokenStreamFactory$Feature
instanceKlass com/fasterxml/jackson/annotation/JsonTypeInfo$Id
instanceKlass tools/jackson/core/Base64Variant$PaddingReadBehaviour
instanceKlass java/math/RoundingMode
instanceKlass sun/util/locale/provider/LocaleProviderAdapter$Type
instanceKlass tools/jackson/databind/util/internal/PrivateMaxEntriesMap$DrainStatus
instanceKlass tools/jackson/core/util/Separators$Spacing
instanceKlass tools/jackson/databind/DeserializationFeature
instanceKlass tools/jackson/databind/SerializationFeature
instanceKlass tools/jackson/databind/MapperFeature
instanceKlass tools/jackson/core/JsonEncoding
instanceKlass org/springframework/http/client/observation/ClientHttpObservationDocumentation$HighCardinalityKeyNames
instanceKlass org/springframework/http/client/observation/ClientHttpObservationDocumentation
instanceKlass org/springframework/http/client/observation/ClientHttpObservationDocumentation$LowCardinalityKeyNames
instanceKlass org/springframework/web/util/HierarchicalUriComponents$EncodeState
instanceKlass org/springframework/web/util/UriComponentsBuilder$EncodingHint
instanceKlass org/springframework/web/util/HierarchicalUriComponents$Type
instanceKlass org/springframework/web/util/RfcUriParser$State
instanceKlass org/springframework/web/util/UriComponentsBuilder$ParserType
instanceKlass org/springframework/cloud/config/client/ConfigClientProperties$MultipleUriStrategy
instanceKlass java/lang/invoke/MethodHandleImpl$ArrayAccess
instanceKlass org/yaml/snakeyaml/tokens/Token$ID
instanceKlass org/yaml/snakeyaml/events/Event$ID
instanceKlass org/yaml/snakeyaml/comments/CommentType
instanceKlass org/yaml/snakeyaml/introspector/BeanAccess
instanceKlass org/yaml/snakeyaml/DumperOptions$NonPrintableStyle
instanceKlass org/yaml/snakeyaml/DumperOptions$LineBreak
instanceKlass org/yaml/snakeyaml/DumperOptions$FlowStyle
instanceKlass org/yaml/snakeyaml/DumperOptions$ScalarStyle
instanceKlass org/yaml/snakeyaml/nodes/NodeId
instanceKlass org/springframework/beans/factory/config/YamlProcessor$ResolutionMethod
instanceKlass org/springframework/boot/context/config/LocationResourceLoader$ResourceType
instanceKlass org/springframework/boot/bootstrap/BootstrapRegistry$Scope
instanceKlass org/springframework/boot/context/config/ConfigDataEnvironmentContributor$ImportPhase
instanceKlass org/springframework/boot/context/config/ConfigDataEnvironmentContributor$Kind
instanceKlass org/springframework/boot/context/config/ConfigData$Option
instanceKlass org/springframework/boot/context/properties/source/ConfigurationPropertyState
instanceKlass org/springframework/boot/context/config/ConfigDataNotFoundAction
instanceKlass org/springframework/boot/context/properties/bind/BindMethod
instanceKlass org/springframework/boot/context/config/ConfigDataEnvironmentContributors$BinderOption
instanceKlass org/springframework/boot/cloud/CloudPlatform
instanceKlass java/security/DrbgParameters$Capability
instanceKlass org/springframework/core/NativeDetector$Context
instanceKlass java/util/stream/MatchOps$MatchKind
instanceKlass org/springframework/boot/context/properties/source/ConfigurationPropertyName$Form
instanceKlass java/nio/file/attribute/PosixFilePermission
instanceKlass java/time/Month
instanceKlass org/springframework/format/annotation/DurationFormat$Style
instanceKlass java/time/format/FormatStyle
instanceKlass org/springframework/format/datetime/standard/DateTimeFormatterRegistrar$Type
instanceKlass sun/util/logging/PlatformLogger$Level
instanceKlass jdk/internal/logger/BootstrapLogger$LoggingBackend
instanceKlass java/lang/annotation/ElementType
instanceKlass org/springframework/core/annotation/IntrospectionFailureLogger
instanceKlass org/springframework/boot/devtools/restart/FailureHandler$Outcome
instanceKlass org/springframework/boot/context/properties/bind/Bindable$BindRestriction
instanceKlass org/springframework/boot/context/properties/source/ConfigurationPropertyName$ToStringFormat
instanceKlass org/springframework/boot/context/properties/source/ConfigurationPropertyName$ElementType
instanceKlass org/springframework/boot/logging/LogLevel
instanceKlass java/lang/annotation/RetentionPolicy
instanceKlass org/springframework/core/annotation/MergedAnnotations$SearchStrategy
instanceKlass jdk/internal/icu/util/CodePointTrie$ValueWidth
instanceKlass jdk/internal/icu/util/CodePointTrie$Type
instanceKlass java/text/Normalizer$Form
instanceKlass java/lang/constant/DirectMethodHandleDesc$Kind
instanceKlass java/lang/invoke/VarHandle$VarHandleDesc$Kind
instanceKlass sun/security/util/DisabledAlgorithmConstraints$Constraint$Operator
instanceKlass java/lang/System$Logger$Level
instanceKlass sun/security/rsa/RSAUtil$KeyType
instanceKlass sun/security/util/KnownOIDs
instanceKlass ch/qos/logback/core/spi/FilterReply
instanceKlass org/springframework/util/ConcurrentReferenceHashMap$TaskOption
instanceKlass org/springframework/util/ConcurrentReferenceHashMap$Restructure
instanceKlass org/springframework/util/ConcurrentReferenceHashMap$ReferenceType
instanceKlass org/springframework/boot/WebApplicationType
instanceKlass org/slf4j/helpers/Reporter$Level
instanceKlass org/slf4j/helpers/Reporter$TargetChoice
instanceKlass ch/qos/logback/core/util/ReentryGuardFactory$GuardType
instanceKlass java/time/format/TextStyle
instanceKlass java/time/format/DateTimeFormatterBuilder$SettingsParser
instanceKlass java/time/format/ResolverStyle
instanceKlass java/time/format/SignStyle
instanceKlass java/time/temporal/JulianFields$Field
instanceKlass java/time/temporal/IsoFields$Unit
instanceKlass java/time/temporal/IsoFields$Field
instanceKlass java/time/temporal/ChronoUnit
instanceKlass java/time/temporal/ChronoField
instanceKlass ch/qos/logback/core/joran/spi/ConsoleTarget
instanceKlass ch/qos/logback/classic/spi/Configurator$ExecutionStatus
instanceKlass java/util/Locale$Category
instanceKlass java/lang/StackStreamFactory$WalkerState
instanceKlass java/lang/StackWalker$ExtendedOption
instanceKlass java/lang/StackWalker$Option
instanceKlass java/util/regex/Pattern$Qtype
instanceKlass org/apache/logging/log4j/spi/StandardLevel
instanceKlass java/net/Proxy$Type
instanceKlass java/net/StandardProtocolFamily
instanceKlass java/util/concurrent/TimeUnit
instanceKlass java/nio/file/LinkOption
instanceKlass sun/nio/fs/WindowsPathType
instanceKlass java/nio/file/StandardOpenOption
instanceKlass java/util/stream/Collector$Characteristics
instanceKlass java/util/stream/StreamShape
instanceKlass java/lang/invoke/MethodHandles$Lookup$ClassOption
instanceKlass java/lang/invoke/VarHandle$AccessType
instanceKlass java/lang/invoke/VarHandle$AccessMode
instanceKlass java/lang/invoke/MethodHandleImpl$Intrinsic
instanceKlass java/lang/invoke/LambdaForm$BasicType
instanceKlass java/lang/invoke/LambdaForm$Kind
instanceKlass sun/invoke/util/Wrapper
instanceKlass java/util/stream/StreamOpFlag$Type
instanceKlass java/util/stream/StreamOpFlag
instanceKlass java/io/File$PathStatus
instanceKlass java/lang/module/ModuleDescriptor$Requires$Modifier
instanceKlass java/lang/module/ModuleDescriptor$Modifier
ciInstanceKlass java/lang/Enum 1 1 188 9 7 12 1 1 1 9 12 1 1 10 7 12 1 1 1 10 12 1 1 100 1 10 10 12 1 1 10 12 1 100 1 10 10 7 12 1 1 10 12 1 1 18 12 1 1 10 100 12 1 1 1 10 12 1 1 11 7 12 1 1 1 100 1 8 1 10 12 1 7 1 7 1 10 8 1 10 12 1 1 10 12 1 1 8 1 10 12 1 10 100 1 8 1 10 10 12 1 1 10 100 12 1 1 1 100 1 100 1 100 1 1 1 1 1 1 1 1 1 1 1 1 1 1 1 1 1 1 1 1 1 1 1 1 1 1 1 1 1 1 1 1 1 1 1 1 1 1 1 1 1 100 1 100 1 1 100 1 1 1 1 1 1 1 1 1 1 1 15 10 100 12 1 1 1 16 15 10 12 16 1 1 100 1 100 1 1
ciInstanceKlass java/lang/Comparable 1 0 12 100 1 100 1 1 1 1 1 1 1 1
ciInstanceKlass java/lang/System 1 1 803 10 100 12 1 1 1 9 7 12 1 1 1 10 12 1 10 12 1 1 10 12 1 1 10 12 1 9 12 1 1 10 7 12 1 1 1 11 7 12 1 1 1 10 100 12 1 1 1 10 12 1 1 10 12 1 1 100 1 8 1 10 12 1 10 100 12 1 1 1 10 7 12 1 1 1 18 12 1 1 10 100 12 1 1 1 100 1 10 12 1 1 10 100 12 1 1 1 10 12 1 10 7 12 1 1 1 9 100 12 1 1 1 10 100 12 1 1 1 11 7 12 1 1 1 10 12 1 1 10 7 12 1 1 1 100 1 10 10 12 1 1 8 1 10 12 1 8 1 10 12 1 9 12 1 1 8 1 10 7 12 1 1 1 10 12 1 1 100 1 8 1 10 9 12 1 1 8 1 10 12 1 1 10 100 12 1 1 1 8 1 10 12 1 100 1 10 12 1 8 1 10 12 1 10 12 1 1 100 1 10 12 10 12 1 9 12 1 1 9 12 1 1 10 7 12 1 1 1 10 7 12 1 1 1 10 12 1 1 10 12 1 10 12 1 10 7 12 1 1 1 10 12 1 100 1 100 1 8 1 10 12 1 10 12 1 1 7 1 10 12 1 100 1 8 1 10 10 12 1 100 1 8 1 10 8 1 10 7 12 1 1 8 1 10 12 100 1 8 1 10 10 12 1 1 10 7 12 1 1 1 100 1 18 12 1 100 1 9 100 12 1 1 1 10 12 1 100 1 10 12 1 1 10 12 1 1 10 7 12 1 1 1 10 12 1 1 10 12 1 10 12 1 10 12 1 1 10 12 1 7 1 10 12 1 10 12 1 100 1 10 12 1 10 7 12 1 1 1 100 1 8 1 10 9 12 1 9 12 1 10 12 1 10 100 12 1 1 10 12 1 10 12 1 1 8 1 10 12 1 1 8 1 11 12 1 10 12 11 12 1 1 11 7 12 1 1 1 11 7 12 1 1 11 12 1 1 7 1 11 12 1 10 12 1 8 1 10 12 1 1 8 1 8 1 8 1 8 1 11 12 1 10 12 1 10 12 1 10 12 1 10 7 12 1 1 8 1 7 1 9 7 12 1 1 1 10 12 1 7 1 9 12 10 9 12 7 1 10 12 8 1 10 12 1 1 8 1 10 7 12 1 1 10 12 1 10 7 12 1 1 1 10 12 1 1 10 7 12 1 1 1 10 12 10 7 12 1 1 1 9 12 1 1 100 1 8 1 10 12 1 1 10 7 12 1 1 1 7 1 10 12 1 1 8 1 10 8 1 8 1 8 1 8 1 10 10 7 12 1 1 10 12 1 1 10 12 1 1 10 12 1 1 10 12 1 10 100 12 1 1 1 10 100 1 8 1 10 10 10 12 1 1 10 12 1 1 8 1 10 12 1 8 1 10 12 1 10 12 1 1 7 1 10 10 12 1 10 12 1 9 12 1 1 1 3 1 3 1 1 1 1 1 1 1 1 1 1 1 1 100 1 1 100 1 1 1 1 1 1 1 1 1 1 1 100 1 100 1 1 1 1 1 1 1 1 1 1 1 1 1 1 1 1 1 1 1 1 1 1 1 1 1 1 1 1 1 1 1 1 1 1 1 1 1 1 1 1 1 1 1 1 1 1 1 1 1 1 1 1 1 1 1 1 1 1 100 1 1 1 1 1 1 1 1 1 1 1 1 1 1 1 1 1 1 1 1 1 1 1 1 1 1 1 1 1 1 1 1 1 100 1 1 15 10 100 12 1 1 1 16 15 10 12 1 1 16 15 10 12 16 1 1 1 1 1 1 1 100 1 100 1 1
staticfield java/lang/System in Ljava/io/InputStream; java/io/BufferedInputStream
staticfield java/lang/System out Ljava/io/PrintStream; java/io/PrintStream
staticfield java/lang/System err Ljava/io/PrintStream; java/io/PrintStream
instanceKlass org/springframework/core/DecoratingClassLoader
instanceKlass jdk/internal/reflect/DelegatingClassLoader
instanceKlass java/security/SecureClassLoader
ciInstanceKlass java/lang/ClassLoader 1 1 1098 9 7 12 1 1 1 10 7 12 1 1 1 9 12 1 1 10 7 12 1 1 1 7 1 10 12 1 1 10 12 1 1 9 12 1 1 10 12 1 1 100 1 10 12 1 10 12 1 1 10 7 12 1 1 1 100 1 8 1 10 12 1 10 7 12 1 1 1 10 100 12 1 10 7 1 10 7 1 7 1 7 1 10 12 1 10 12 1 9 12 1 1 10 10 7 12 1 1 1 9 12 1 1 9 12 1 9 12 1 1 9 12 1 9 12 1 1 9 12 1 1 7 1 10 12 1 9 12 1 1 10 12 1 1 10 7 12 1 1 1 9 12 1 9 12 1 1 9 12 1 10 12 1 1 9 12 10 12 1 1 7 1 10 8 1 10 12 1 1 10 12 1 10 7 1 7 1 10 12 1 1 10 7 12 1 1 1 8 1 10 12 1 10 12 1 10 12 1 1 10 12 1 1 10 12 1 1 10 12 1 1 10 12 1 1 10 12 1 7 1 10 12 1 10 100 12 1 1 1 10 12 1 1 10 12 1 10 12 1 10 12 1 10 12 1 10 12 1 1 10 10 12 1 10 12 1 10 100 12 1 1 10 12 1 1 10 12 1 1 10 12 1 100 1 10 12 1 100 1 10 12 1 10 100 12 1 1 1 10 10 12 1 1 10 12 1 1 100 1 8 1 10 8 1 10 12 1 10 12 1 100 1 8 1 10 12 1 1 10 12 1 1 10 10 12 1 1 10 12 1 1 10 12 1 1 10 7 1 10 12 1 1 10 12 1 1 10 12 1 1 10 12 1 1 10 12 1 1 10 12 1 1 10 12 1 10 7 12 1 1 1 10 12 1 10 12 1 10 12 1 1 10 12 1 10 12 1 10 12 1 10 12 1 1 10 12 1 10 12 1 1 8 1 9 12 1 10 12 1 1 8 1 8 1 10 7 12 1 1 100 1 10 10 12 10 12 1 10 12 1 10 12 1 10 12 1 1 10 7 12 1 1 10 12 1 10 7 1 7 1 10 12 1 1 10 12 1 10 7 1 10 12 1 100 1 18 12 1 10 100 12 1 1 1 10 100 12 1 1 1 10 7 12 1 1 10 12 1 1 10 12 1 10 12 1 1 7 1 10 12 1 10 12 1 1 10 7 12 1 1 10 12 1 8 1 100 1 10 10 12 1 9 12 1 10 7 12 1 1 10 12 1 100 1 8 1 10 12 1 10 8 1 8 1 10 12 1 1 10 12 1 1 10 12 1 1 10 100 12 1 1 1 100 1 100 1 10 12 1 1 100 1 100 1 10 100 12 1 1 10 12 1 10 12 1 1 10 12 1 10 12 1 1 10 12 1 1 9 100 12 1 1 1 10 12 1 1 10 12 1 10 12 1 10 12 1 1 10 12 1 8 1 10 12 1 7 1 18 12 1 1 10 12 1 1 10 12 1 10 12 1 10 12 1 8 1 10 12 1 10 12 1 18 12 1 11 100 12 1 1 1 100 1 10 12 1 1 10 12 1 10 11 12 1 1 10 18 10 12 1 1 11 100 12 1 18 12 1 11 12 1 1 10 12 10 12 1 1 10 12 1 1 100 1 8 1 10 10 12 1 8 1 8 1 10 100 12 1 1 10 12 1 100 1 10 10 12 1 8 1 8 1 8 1 10 12 1 10 12 1 1 10 12 1 10 100 12 1 1 1 11 100 12 1 1 100 1 10 11 10 12 1 10 12 1 10 12 1 1 9 100 12 1 1 9 12 1 1 9 12 9 12 1 9 12 1 9 12 1 8 10 12 1 1 10 7 12 1 1 1 10 12 1 1 10 12 1 1 10 12 1 10 10 12 1 11 12 1 1 10 100 12 1 1 1 100 1 10 12 1 10 12 1 10 12 1 1 1 1 1 1 1 1 1 1 1 1 1 1 1 1 1 1 1 1 1 1 1 1 1 1 1 1 100 1 1 1 1 1 1 1 1 1 1 1 1 1 1 1 1 1 1 1 1 1 100 1 1 1 1 1 1 1 1 1 1 7 1 1 1 1 1 1 1 1 1 1 1 1 1 1 1 1 1 1 1 1 1 1 1 1 1 1 1 1 1 1 1 1 1 1 1 1 1 1 1 1 1 100 1 1 1 1 1 1 1 1 1 1 1 1 1 1 1 1 1 1 100 1 1 1 1 1 1 1 1 1 1 1 1 1 1 1 1 1 1 1 1 1 1 1 1 1 1 1 1 1 1 1 1 1 1 1 1 1 1 1 1 1 1 1 1 1 1 1 1 1 1 1 100 1 1 1 1 1 1 1 1 1 1 1 1 1 1 1 1 1 1 1 1 1 1 1 1 1 1 1 1 1 1 1 1 1 1 1 1 1 1 1 1 1 1 1 1 1 1 15 10 7 12 1 1 1 16 1 15 10 12 16 1 16 15 10 12 16 1 16 1 15 10 12 16 15 10 12 16 15 10 12 16 1 1 100 1 100 1 1
staticfield java/lang/ClassLoader nocerts [Ljava/security/cert/Certificate; 0 [Ljava/security/cert/Certificate;
staticfield java/lang/ClassLoader $assertionsDisabled Z 1
ciInstanceKlass jdk/internal/reflect/DelegatingClassLoader 1 1 18 10 7 12 1 1 1 100 1 1 1 1 1 1 1 1 1 1
instanceKlass java/net/URLClassLoader
instanceKlass jdk/internal/loader/BuiltinClassLoader
ciInstanceKlass java/security/SecureClassLoader 1 1 102 10 7 12 1 1 1 7 1 10 12 1 9 7 12 1 1 1 10 12 1 10 12 1 10 12 1 1 10 12 1 1 10 12 1 7 1 10 7 1 10 12 1 7 1 10 12 1 11 7 12 1 1 1 7 1 11 12 1 10 12 1 1 1 1 1 1 1 1 1 1 1 1 1 1 1 1 1 1 1 1 1 1 1 1 1 1 1 1 1 1 1 1 1 1 1 1 100 1 1 1 1
instanceKlass jdk/internal/loader/ClassLoaders$BootClassLoader
instanceKlass jdk/internal/loader/ClassLoaders$PlatformClassLoader
instanceKlass jdk/internal/loader/ClassLoaders$AppClassLoader
ciInstanceKlass jdk/internal/loader/BuiltinClassLoader 1 1 737 9 7 12 1 1 1 10 7 12 1 1 1 10 7 12 1 1 1 9 12 1 1 9 12 1 1 7 1 10 12 1 9 12 1 10 12 1 9 12 1 10 7 12 1 1 1 10 7 12 1 1 1 10 7 12 1 1 1 11 7 12 1 1 1 100 1 100 1 10 10 12 1 1 8 1 10 12 1 10 12 7 1 10 12 1 10 12 1 1 11 7 12 1 1 1 11 7 12 1 1 1 11 12 1 1 7 1 8 1 8 1 10 9 12 1 1 10 7 12 1 1 11 12 1 1 10 12 1 1 10 12 1 1 10 12 1 1 10 7 12 1 1 1 10 12 1 10 100 12 1 1 1 10 12 1 1 11 7 12 1 1 1 10 7 12 1 1 7 1 10 7 12 1 1 1 10 12 1 100 1 8 1 10 12 1 1 10 8 1 10 12 1 1 10 12 1 1 10 12 1 1 11 7 12 1 1 11 12 1 7 1 10 11 12 1 1 11 10 12 1 1 7 1 10 12 1 10 7 12 1 10 12 1 7 1 10 12 1 10 7 12 1 1 1 100 1 10 12 1 1 11 12 1 100 1 100 1 10 12 1 10 12 1 1 100 1 100 1 10 12 1 10 12 1 18 12 1 1 10 12 1 10 12 1 1 18 100 1 10 7 12 1 1 1 7 1 10 10 12 1 1 10 12 1 1 10 12 1 1 10 12 1 9 12 1 1 100 1 10 10 12 1 1 10 12 1 1 10 12 1 10 12 10 12 1 1 10 12 1 1 10 12 1 1 10 12 1 10 12 1 1 18 12 1 7 1 10 12 1 1 10 12 1 10 12 1 1 10 12 1 100 1 10 12 1 7 1 10 12 1 10 7 12 1 1 1 10 12 1 11 12 1 7 1 10 12 1 7 1 100 1 10 12 1 10 12 1 11 12 1 1 10 12 1 1 10 12 1 1 10 12 1 1 10 12 1 1 10 12 1 10 12 1 10 12 1 10 12 1 8 1 10 12 1 1 10 7 12 1 1 10 12 1 100 1 8 1 8 1 10 10 12 1 8 1 8 1 10 7 12 1 1 1 11 7 12 1 1 1 9 7 12 1 1 1 10 7 12 1 1 1 9 12 1 9 12 1 9 12 1 9 12 1 9 12 1 9 12 1 10 7 12 1 1 1 8 1 10 12 1 7 1 10 12 1 1 10 12 1 7 1 10 11 12 1 1 10 12 10 12 1 10 12 1 100 1 10 12 1 10 12 1 10 10 12 1 10 7 12 1 1 8 1 10 7 12 1 1 10 12 1 1 1 1 1 1 1 1 1 1 1 1 1 1 1 1 1 1 1 1 1 1 1 1 1 1 1 1 1 1 1 1 1 1 1 1 1 1 1 1 1 1 1 1 1 1 1 1 1 1 1 1 1 1 1 1 100 1 1 1 1 1 1 1 1 1 1 1 1 1 1 1 1 1 1 100 1 100 1 1 1 1 1 1 1 1 1 1 1 1 1 1 1 1 1 1 1 1 1 1 1 1 1 1 1 1 1 1 1 1 1 1 1 1 1 1 1 1 1 1 1 1 1 1 1 1 1 1 1 100 1 1 15 10 100 12 1 1 1 16 15 10 12 16 15 10 12 16 15 10 12 16 1 1 1 100 1 1 1 1 1 100 1 100 1 1
staticfield jdk/internal/loader/BuiltinClassLoader packageToModule Ljava/util/Map; java/util/concurrent/ConcurrentHashMap
staticfield jdk/internal/loader/BuiltinClassLoader $assertionsDisabled Z 1
ciInstanceKlass java/security/AccessController 1 1 295 10 100 12 1 1 1 10 7 12 1 1 1 10 7 12 1 1 1 10 12 1 1 10 12 1 1 10 7 12 1 1 1 10 12 1 1 10 12 1 10 12 1 1 10 12 1 100 1 8 1 10 12 1 10 12 1 10 12 1 1 10 12 1 100 1 100 1 10 12 1 1 10 12 1 10 12 1 10 12 1 1 10 7 12 1 1 1 10 12 1 1 9 100 12 1 1 1 10 100 12 1 1 1 10 12 1 10 12 1 9 100 12 1 1 1 10 12 1 10 12 1 1 9 12 1 1 10 100 1 10 11 7 12 1 1 1 10 7 12 1 1 11 7 1 100 1 10 12 1 10 12 1 10 12 1 8 1 10 12 1 1 8 1 10 100 12 1 1 1 8 1 100 1 10 10 12 1 1 10 12 1 10 7 12 1 1 1 10 12 1 8 1 10 100 12 1 1 8 1 8 1 10 12 1 8 1 10 12 1 10 12 1 1 10 12 1 1 1 1 1 1 1 1 1 1 1 1 1 1 1 1 1 1 1 1 1 1 1 1 1 1 1 1 100 1 1 1 1 1 1 1 1 1 1 1 1 1 1 1 1 1 1 1 1 1 1 1 1 1 1 1 1 1 1 1 1 1 1 100 1 100 1 1 1 1 1 1 1 1 1 3 1 1 1
staticfield java/security/AccessController $assertionsDisabled Z 1
instanceKlass jdk/internal/reflect/GeneratedConstructorAccessor63
instanceKlass jdk/internal/reflect/GeneratedConstructorAccessor62
instanceKlass jdk/internal/reflect/GeneratedConstructorAccessor61
instanceKlass jdk/internal/reflect/GeneratedConstructorAccessor60
instanceKlass jdk/internal/reflect/GeneratedConstructorAccessor59
instanceKlass jdk/internal/reflect/GeneratedConstructorAccessor58
instanceKlass jdk/internal/reflect/GeneratedConstructorAccessor57
instanceKlass jdk/internal/reflect/GeneratedConstructorAccessor56
instanceKlass jdk/internal/reflect/GeneratedConstructorAccessor55
instanceKlass jdk/internal/reflect/GeneratedConstructorAccessor54
instanceKlass jdk/internal/reflect/GeneratedConstructorAccessor53
instanceKlass jdk/internal/reflect/GeneratedConstructorAccessor52
instanceKlass jdk/internal/reflect/GeneratedConstructorAccessor51
instanceKlass jdk/internal/reflect/GeneratedConstructorAccessor50
instanceKlass jdk/internal/reflect/GeneratedConstructorAccessor49
instanceKlass jdk/internal/reflect/GeneratedConstructorAccessor48
instanceKlass jdk/internal/reflect/GeneratedConstructorAccessor47
instanceKlass jdk/internal/reflect/GeneratedConstructorAccessor46
instanceKlass jdk/internal/reflect/GeneratedConstructorAccessor45
instanceKlass jdk/internal/reflect/GeneratedConstructorAccessor44
instanceKlass jdk/internal/reflect/GeneratedConstructorAccessor43
instanceKlass jdk/internal/reflect/GeneratedConstructorAccessor41
instanceKlass jdk/internal/reflect/GeneratedConstructorAccessor37
instanceKlass jdk/internal/reflect/GeneratedConstructorAccessor36
instanceKlass jdk/internal/reflect/GeneratedConstructorAccessor35
instanceKlass jdk/internal/reflect/GeneratedConstructorAccessor34
instanceKlass jdk/internal/reflect/GeneratedConstructorAccessor33
instanceKlass jdk/internal/reflect/SerializationConstructorAccessorImpl
instanceKlass jdk/internal/reflect/GeneratedConstructorAccessor32
instanceKlass jdk/internal/reflect/GeneratedConstructorAccessor31
instanceKlass jdk/internal/reflect/GeneratedConstructorAccessor30
instanceKlass jdk/internal/reflect/GeneratedConstructorAccessor29
instanceKlass jdk/internal/reflect/GeneratedConstructorAccessor28
instanceKlass jdk/internal/reflect/GeneratedConstructorAccessor27
instanceKlass jdk/internal/reflect/GeneratedConstructorAccessor26
instanceKlass jdk/internal/reflect/GeneratedConstructorAccessor25
instanceKlass jdk/internal/reflect/GeneratedConstructorAccessor24
instanceKlass jdk/internal/reflect/GeneratedConstructorAccessor23
instanceKlass jdk/internal/reflect/GeneratedConstructorAccessor22
instanceKlass jdk/internal/reflect/GeneratedConstructorAccessor21
instanceKlass jdk/internal/reflect/GeneratedConstructorAccessor20
instanceKlass jdk/internal/reflect/GeneratedConstructorAccessor19
instanceKlass jdk/internal/reflect/GeneratedConstructorAccessor18
instanceKlass jdk/internal/reflect/GeneratedConstructorAccessor17
instanceKlass jdk/internal/reflect/GeneratedConstructorAccessor14
instanceKlass jdk/internal/reflect/GeneratedConstructorAccessor13
instanceKlass jdk/internal/reflect/GeneratedConstructorAccessor11
instanceKlass jdk/internal/reflect/GeneratedConstructorAccessor8
instanceKlass jdk/internal/reflect/GeneratedConstructorAccessor4
instanceKlass jdk/internal/reflect/GeneratedConstructorAccessor3
instanceKlass jdk/internal/reflect/GeneratedConstructorAccessor2
instanceKlass jdk/internal/reflect/BootstrapConstructorAccessorImpl
instanceKlass jdk/internal/reflect/GeneratedConstructorAccessor1
instanceKlass jdk/internal/reflect/DelegatingConstructorAccessorImpl
instanceKlass jdk/internal/reflect/NativeConstructorAccessorImpl
ciInstanceKlass jdk/internal/reflect/ConstructorAccessorImpl 1 1 27 10 7 12 1 1 1 100 1 100 1 1 1 1 1 1 1 1 1 100 1 100 1 100 1 1 1
instanceKlass jdk/internal/reflect/FieldAccessorImpl
instanceKlass jdk/internal/reflect/ConstructorAccessorImpl
instanceKlass jdk/internal/reflect/MethodAccessorImpl
ciInstanceKlass jdk/internal/reflect/MagicAccessorImpl 1 1 16 10 7 12 1 1 1 100 1 1 1 1 1 1 1 1
instanceKlass jdk/internal/reflect/GeneratedMethodAccessor14
instanceKlass jdk/internal/reflect/GeneratedMethodAccessor13
instanceKlass jdk/internal/reflect/GeneratedMethodAccessor12
instanceKlass jdk/internal/reflect/GeneratedMethodAccessor11
instanceKlass jdk/internal/reflect/GeneratedMethodAccessor10
instanceKlass jdk/internal/reflect/GeneratedMethodAccessor9
instanceKlass jdk/internal/reflect/GeneratedMethodAccessor6
instanceKlass jdk/internal/reflect/GeneratedMethodAccessor5
instanceKlass jdk/internal/reflect/GeneratedMethodAccessor4
instanceKlass jdk/internal/reflect/GeneratedMethodAccessor3
instanceKlass jdk/internal/reflect/GeneratedMethodAccessor2
instanceKlass jdk/internal/reflect/GeneratedMethodAccessor1
instanceKlass jdk/internal/reflect/DelegatingMethodAccessorImpl
instanceKlass jdk/internal/reflect/NativeMethodAccessorImpl
ciInstanceKlass jdk/internal/reflect/MethodAccessorImpl 1 1 25 10 7 12 1 1 1 100 1 100 1 1 1 1 1 1 1 1 1 100 1 100 1 1 1
ciInstanceKlass java/lang/Module 1 1 959 10 7 12 1 1 1 9 7 12 1 1 1 10 7 12 1 1 1 9 12 1 9 12 1 1 9 12 1 1 10 12 1 1 10 12 1 10 12 1 1 10 7 12 1 1 1 7 1 10 7 12 1 1 1 10 12 1 1 11 7 12 1 1 1 10 12 1 1 10 7 12 1 1 1 10 12 1 1 10 7 12 1 1 1 9 100 12 1 1 1 10 100 12 1 1 1 10 12 1 8 1 10 7 12 1 1 1 10 7 12 1 1 1 9 12 1 1 9 12 1 1 10 12 1 9 12 1 1 11 12 1 9 7 12 1 1 10 7 12 1 1 1 10 100 12 1 1 1 10 12 1 1 100 1 7 1 10 10 12 1 1 8 1 10 12 1 10 12 10 12 1 10 12 1 1 10 12 1 1 10 12 1 1 9 7 12 1 1 1 10 12 1 1 10 12 1 1 9 12 1 10 12 1 10 12 1 9 12 1 1 11 7 12 1 1 10 12 1 1 9 12 1 9 12 1 10 12 1 10 12 1 100 1 8 1 10 10 12 1 1 10 12 1 8 1 10 12 1 1 8 1 8 1 10 12 1 1 10 12 1 10 12 1 1 18 12 1 1 10 12 1 1 11 12 1 9 12 1 11 12 10 100 12 1 1 100 1 8 1 10 7 1 11 12 1 1 10 12 1 10 12 1 10 12 1 1 11 12 1 1 11 7 12 1 1 11 12 1 1 9 12 1 11 12 1 10 12 1 1 10 12 1 1 9 12 1 10 12 10 7 12 1 1 10 7 12 1 1 10 7 1 18 12 1 1 11 100 12 1 1 1 18 12 1 11 12 1 1 10 100 12 1 1 1 11 12 1 1 10 7 12 1 1 4 7 1 11 12 1 7 1 7 1 10 10 7 12 1 1 1 10 11 7 12 1 8 1 10 10 12 1 1 10 7 12 1 1 10 12 1 10 12 1 7 1 10 12 1 10 11 12 1 1 10 12 10 12 1 1 9 12 1 100 1 10 10 12 1 1 11 100 1 10 12 1 1 11 12 1 10 10 12 1 11 10 12 1 1 10 12 1 1 10 12 1 1 10 7 12 1 1 10 12 1 10 12 1 1 10 10 12 1 1 10 12 1 18 12 1 11 12 1 18 12 1 10 12 1 10 12 1 10 12 7 1 10 12 1 10 12 1 10 12 1 9 12 1 7 1 10 10 10 10 12 1 10 12 1 10 12 1 10 12 1 1 10 12 1 1 10 12 1 9 12 1 18 12 1 1 10 100 12 1 1 1 100 1 8 1 10 12 1 1 10 12 1 1 10 100 12 1 1 100 1 10 12 1 1 100 1 8 1 100 1 10 100 1 100 1 3 10 12 1 100 1 10 12 1 10 12 1 1 10 12 1 1 100 1 10 12 1 10 12 1 1 100 1 100 1 10 12 8 1 10 12 1 1 10 12 1 1 10 100 12 1 1 10 12 1 1 10 12 1 10 12 10 12 1 1 100 1 10 10 12 1 1 10 100 12 1 1 1 100 1 8 1 10 12 1 1 10 7 12 1 1 8 1 10 12 1 8 1 10 12 1 10 12 10 12 1 8 1 10 10 100 12 1 1 7 1 10 10 12 1 10 7 12 1 1 9 12 1 9 12 1 9 12 1 9 12 1 10 12 11 12 1 10 12 1 100 1 1 1 1 1 1 1 1 1 1 1 1 1 1 1 1 100 1 1 1 1 1 1 1 1 1 1 1 1 1 1 1 1 1 1 1 1 1 1 1 1 1 1 1 1 1 1 1 1 1 1 1 1 1 1 1 1 1 1 1 1 1 1 1 1 1 1 1 1 1 1 1 1 1 1 1 1 1 1 1 1 1 1 1 1 1 1 1 1 1 1 1 1 1 1 1 1 1 1 1 100 100 1 1 1 1 1 1 1 1 1 1 1 1 1 1 1 1 1 1 1 1 1 1 1 1 1 1 1 1 1 1 1 1 1 1 100 1 100 1 7 1 1 1 1 1 1 1 1 1 1 1 1 1 1 1 1 1 1 1 1 1 1 1 1 1 1 1 1 15 10 7 12 1 1 1 16 15 10 12 16 16 15 10 12 16 16 15 10 16 1 15 10 12 16 1 15 10 12 16 1 16 15 10 12 16 1 1 1 1 1 1 1 100 1 100 1 1
staticfield java/lang/Module ALL_UNNAMED_MODULE Ljava/lang/Module; java/lang/Module
staticfield java/lang/Module ALL_UNNAMED_MODULE_SET Ljava/util/Set; java/util/ImmutableCollections$Set12
staticfield java/lang/Module EVERYONE_MODULE Ljava/lang/Module; java/lang/Module
staticfield java/lang/Module EVERYONE_SET Ljava/util/Set; java/util/ImmutableCollections$Set12
staticfield java/lang/Module $assertionsDisabled Z 1
instanceKlass org/springframework/beans/factory/support/ManagedList
ciInstanceKlass java/util/ArrayList 1 1 492 10 7 12 1 1 1 7 1 9 7 12 1 1 1 9 12 1 100 1 100 1 10 8 1 10 12 1 1 10 12 1 10 12 1 1 10 12 1 9 12 1 11 7 12 1 1 1 9 12 1 1 10 12 1 1 7 10 7 12 1 1 1 9 12 1 10 12 1 10 12 1 1 10 7 12 1 1 1 10 7 12 1 1 1 10 12 1 1 10 12 1 1 10 12 1 1 10 12 1 10 12 1 1 100 1 100 1 10 12 1 10 7 12 1 1 1 10 7 12 1 1 10 12 1 10 12 10 12 1 1 10 12 1 1 10 12 1 1 100 1 10 12 1 1 10 12 1 1 10 12 1 100 1 10 11 12 1 1 11 100 12 1 1 1 11 12 1 10 12 1 10 12 1 10 12 1 1 100 1 10 12 1 1 10 10 12 1 1 10 12 1 8 1 8 1 8 1 8 1 10 12 1 1 10 12 1 1 11 12 1 100 1 10 100 12 1 1 10 12 1 10 12 1 1 10 100 12 1 1 10 12 1 10 100 12 1 1 1 11 100 12 1 1 1 10 12 1 100 1 8 1 10 7 1 10 12 1 7 1 10 12 1 10 12 1 1 7 1 10 12 1 10 12 1 1 11 7 12 1 1 7 1 10 12 1 10 12 1 1 11 7 12 1 1 10 12 1 1 10 12 1 1 10 12 1 1 10 12 1 1 11 100 12 1 1 10 12 1 1 100 1 100 1 100 1 1 1 1 5 0 1 3 1 1 1 1 1 1 1 1 1 1 1 1 1 1 1 1 1 1 1 1 1 1 1 1 1 1 1 1 1 1 1 1 1 1 1 1 1 1 1 1 1 1 1 1 1 1 1 1 1 1 1 1 1 1 1 1 1 1 1 1 1 1 1 1 1 1 1 1 1 1 1 1 1 1 1 1 1 1 1 1 1 1 1 1 1 1 1 1 1 1 1 1 1 1 1 1 7 1 1 1 1 7 1 1 1 1 1 1 1 1 1 1 1 1 1 1 1 1 1 1 1 1 1 1 1 1 1 1 1 1 1 100 1 1 1 1 1 1 1 1 1 1 1 1 1 1 1 1 1 1 100 1 100 1 1 1 1 1 1
staticfield java/util/ArrayList EMPTY_ELEMENTDATA [Ljava/lang/Object; 0 [Ljava/lang/Object;
staticfield java/util/ArrayList DEFAULTCAPACITY_EMPTY_ELEMENTDATA [Ljava/lang/Object; 0 [Ljava/lang/Object;
instanceKlass org/springframework/ui/ConcurrentModel
instanceKlass com/fasterxml/jackson/core/util/InternCache
instanceKlass tools/jackson/core/util/InternCache
ciInstanceKlass java/util/concurrent/ConcurrentHashMap 1 1 1210 7 1 7 1 3 10 12 1 1 3 100 1 10 7 12 1 1 1 100 1 10 100 12 1 1 1 100 1 11 12 1 1 11 12 1 11 12 1 1 9 12 1 1 9 12 1 1 9 12 1 10 7 12 1 1 1 7 1 10 12 1 1 10 12 1 1 10 7 12 1 1 1 4 10 12 1 9 12 1 10 12 1 1 100 1 10 5 0 10 12 1 10 12 1 1 5 0 10 12 1 1 10 12 1 9 12 1 1 10 12 1 1 9 12 1 9 12 1 1 10 12 1 1 9 12 1 10 12 1 1 9 12 1 1 10 12 1 1 100 1 10 7 1 10 12 1 10 12 1 1 10 12 1 1 10 12 1 1 10 12 1 10 12 1 1 10 12 1 1 100 1 10 12 1 1 7 1 100 1 8 1 10 12 1 10 12 1 1 10 12 1 1 11 7 12 1 1 10 12 1 1 11 12 1 1 11 7 12 1 1 1 11 7 12 1 1 1 11 12 1 7 1 11 12 1 11 12 1 10 12 1 1 10 12 1 1 9 12 1 1 10 100 12 1 1 1 9 10 12 1 1 9 12 1 10 12 1 1 5 0 9 12 1 1 7 1 10 12 1 9 12 1 1 7 1 10 12 1 9 12 1 7 1 10 100 1 10 10 12 1 1 8 1 10 12 1 10 12 1 1 11 100 1 10 12 1 10 100 12 1 1 1 8 1 10 100 12 1 1 1 8 1 10 12 1 8 1 10 12 1 10 12 1 1 10 100 12 1 1 10 12 1 10 12 1 10 12 1 9 12 1 9 10 12 1 9 12 1 1 11 7 12 1 1 1 11 7 12 1 1 1 100 1 10 12 11 100 12 1 1 10 11 7 12 1 10 12 1 100 1 10 12 1 100 1 10 10 9 7 12 1 1 1 10 12 3 10 100 12 1 1 9 12 1 10 12 1 1 9 12 1 1 9 12 1 10 12 1 1 10 7 12 1 1 9 12 1 9 7 12 1 1 10 12 1 1 10 12 1 3 9 12 1 9 12 1 10 12 1 1 7 1 9 3 9 12 1 100 1 10 12 1 9 12 1 10 12 1 9 12 1 10 12 1 9 12 1 10 100 12 1 1 1 100 10 12 1 100 1 5 0 10 100 12 1 1 100 1 10 12 1 1 10 12 1 10 12 1 100 1 10 12 1 10 100 1 100 1 10 10 12 1 10 100 1 10 12 1 10 100 1 10 12 1 10 100 1 10 12 1 1 100 1 10 12 1 10 10 12 1 100 1 10 12 1 10 10 12 1 100 1 10 12 1 10 100 1 10 12 1 10 100 1 10 12 1 10 100 1 10 12 1 10 100 1 10 12 1 10 100 1 10 12 1 10 100 1 10 12 1 10 100 1 10 12 1 10 100 1 10 10 100 1 10 10 100 1 10 10 100 1 10 12 1 10 100 1 10 12 1 10 100 1 10 12 1 10 100 1 10 12 1 10 100 1 10 12 1 10 100 1 10 10 100 1 10 10 100 1 10 10 100 1 10 12 1 10 100 1 10 12 1 10 100 1 10 12 1 10 100 1 10 12 1 10 100 1 10 12 1 10 10 12 1 10 7 12 1 1 1 10 12 1 7 1 7 1 10 12 1 9 12 1 1 9 12 1 1 10 12 1 1 8 10 12 1 1 8 8 8 8 7 10 12 1 1 10 12 1 100 1 8 1 10 7 1 100 1 100 1 1 1 5 0 1 1 3 1 3 1 1 1 1 3 1 3 1 3 1 1 1 1 1 3 1 3 1 3 1 1 1 1 1 1 1 1 1 1 1 1 1 1 1 1 1 1 1 1 1 1 1 1 1 100 1 1 1 1 1 1 1 1 1 1 1 1 1 1 1 1 1 1 1 1 1 1 1 1 1 1 1 1 1 1 1 1 1 1 1 1 1 1 1 1 1 1 1 1 1 1 1 1 1 1 1 1 1 1 1 1 1 1 1 1 1 1 1 1 1 1 1 1 1 1 1 1 1 1 1 1 1 1 1 1 1 1 1 1 100 1 1 1 1 1 1 1 1 1 1 1 100 1 1 1 1 1 1 1 1 1 1 1 1 1 1 1 1 1 1 1 1 1 1 1 1 1 1 1 1 1 1 1 1 1 1 1 1 1 1 1 1 1 1 1 1 1 1 1 1 1 1 1 1 1 1 1 1 1 1 1 1 1 1 1 1 1 1 1 1 1 1 1 1 1 1 1 1 1 1 1 1 1 1 1 1 1 1 1 1 1 1 1 1 1 1 1 1 1 1 1 1 1 1 1 1 1 1 1 1 1 1 1 1 1 1 1 1 1 1 1 1 1 1 1 1 1 1 1 1 1 1 1 1 1 1 1 1 1 1 1 1 1 1 1 1 1 1 1 1 1 1 1 1 1 1 1 1 1 1 1 1 1 1 1 1 1 1 1 1 1 1 1 1 1 1 1 1 1 1 1 1 1 1 1 1 1 1 1 1 1 1 1 1 1 1 1 1 1 1 1 1 1 1 1 1 1 1 1 1 1 1 1 1 1 1 1 1 1 1 1 1 1 1 1 100 1 100 1 100 1 100 1 100 1 100 1 100 1 100 1 100 1 1 1 1 1 1 1 1 1 1 1 1 1 1 1 1 1 1 1 1 1 1 1 1 1 1 1 1 1 1 1 1 1 1 1 1 1 1 1 1 1 1 1 1 1 1 1 1 1 1 1 1 1 1 1 1 1 1
staticfield java/util/concurrent/ConcurrentHashMap NCPU I 8
staticfield java/util/concurrent/ConcurrentHashMap serialPersistentFields [Ljava/io/ObjectStreamField; 3 [Ljava/io/ObjectStreamField;
staticfield java/util/concurrent/ConcurrentHashMap U Ljdk/internal/misc/Unsafe; jdk/internal/misc/Unsafe
staticfield java/util/concurrent/ConcurrentHashMap SIZECTL J 20
staticfield java/util/concurrent/ConcurrentHashMap TRANSFERINDEX J 32
staticfield java/util/concurrent/ConcurrentHashMap BASECOUNT J 24
staticfield java/util/concurrent/ConcurrentHashMap CELLSBUSY J 36
staticfield java/util/concurrent/ConcurrentHashMap CELLVALUE J 144
staticfield java/util/concurrent/ConcurrentHashMap ABASE I 16
staticfield java/util/concurrent/ConcurrentHashMap ASHIFT I 2
ciInstanceKlass java/lang/String 1 1 1396 10 7 12 1 1 1 8 1 9 7 12 1 1 1 9 12 1 1 9 12 1 1 10 12 1 10 12 1 1 10 12 1 1 9 12 1 1 10 7 12 1 1 1 10 7 1 10 7 12 1 1 1 10 12 1 1 10 12 1 1 10 12 1 10 12 1 1 10 12 1 10 7 12 1 1 1 9 7 12 1 1 1 10 7 12 1 1 1 10 12 1 1 10 12 1 1 10 12 1 1 10 12 1 1 10 12 1 1 9 7 12 1 1 10 12 9 100 12 1 1 3 10 7 12 1 1 1 7 1 11 12 1 1 11 12 1 11 12 1 1 10 100 12 1 1 1 10 12 1 1 9 100 12 1 1 1 10 12 1 1 10 12 1 11 12 1 1 10 12 1 1 10 12 10 12 1 1 10 100 12 1 1 1 10 7 12 1 1 1 10 12 1 1 7 1 100 1 10 12 1 10 12 1 10 12 1 1 100 1 10 12 1 1 100 1 10 12 1 1 10 12 1 1 10 10 12 1 100 1 100 1 7 1 10 12 1 10 12 1 1 10 12 1 1 10 12 1 10 12 1 1 10 12 1 1 10 100 12 1 1 100 1 11 11 12 1 11 12 1 10 12 1 1 10 12 1 10 12 10 12 1 1 10 10 100 12 1 1 1 10 100 12 1 1 10 12 1 1 10 100 12 1 1 10 12 1 10 12 1 1 10 12 1 1 10 12 1 10 12 1 10 12 1 1 100 1 10 12 1 1 10 12 10 12 1 10 12 1 1 10 100 12 1 1 1 10 12 1 10 12 1 1 10 12 1 10 12 1 3 3 10 12 1 10 12 1 1 10 12 1 1 10 12 1 1 10 12 1 10 12 1 1 10 12 1 1 10 12 1 10 12 1 10 12 1 10 12 1 1 10 12 1 10 12 1 10 12 1 10 12 1 10 12 1 10 12 1 10 100 1 10 8 1 10 12 1 1 10 12 1 8 1 10 12 1 1 10 12 10 12 1 8 1 10 10 12 1 1 10 12 1 1 10 12 1 10 12 1 1 10 12 10 100 1 10 10 12 1 10 12 1 10 12 1 10 10 12 1 10 12 1 1 10 12 1 100 1 10 10 12 1 100 1 10 10 12 1 10 12 1 1 10 12 1 10 12 1 1 10 10 12 1 1 10 100 1 10 10 12 1 10 12 1 1 10 12 1 1 10 100 1 10 12 1 10 12 1 10 12 1 10 12 1 1 10 12 1 11 7 1 11 12 10 12 1 10 12 1 1 10 12 1 1 10 10 12 1 10 12 1 9 12 1 1 11 7 12 1 1 1 10 10 12 1 10 12 1 1 10 10 12 1 10 12 1 10 12 1 1 9 12 1 10 12 1 1 10 10 12 1 1 10 12 10 10 12 1 10 12 10 10 12 10 10 12 1 10 12 1 10 12 10 10 12 10 12 1 10 12 10 12 10 10 12 1 10 12 1 1 10 12 1 10 10 12 1 10 7 12 1 1 1 10 12 1 1 10 10 7 12 1 1 1 11 10 12 1 10 12 1 1 10 12 1 1 10 7 12 1 1 1 10 12 1 10 10 12 1 10 12 1 10 12 1 10 100 12 1 1 10 12 1 100 1 100 1 8 1 10 10 10 12 1 8 1 10 12 1 3 3 7 1 10 10 12 1 10 12 1 10 12 1 1 10 12 1 1 11 7 12 1 1 1 7 1 10 12 1 1 10 12 1 10 12 1 1 10 12 1 1 8 1 10 12 1 1 10 12 1 11 100 12 1 1 1 11 100 12 1 1 11 12 1 1 10 12 1 10 12 1 1 10 10 7 12 1 1 1 10 12 1 10 12 1 10 10 12 10 12 1 1 10 10 12 1 10 10 12 1 10 10 12 1 10 10 12 1 10 12 1 1 10 10 12 1 8 1 10 12 1 1 18 12 1 1 11 100 12 1 1 1 7 1 3 18 12 1 18 12 1 8 1 10 100 12 1 1 1 11 12 1 1 10 12 10 10 12 1 10 11 12 1 1 10 12 1 1 11 12 1 18 3 11 10 12 1 11 11 10 12 1 10 12 1 1 8 1 10 12 1 10 12 1 10 12 1 1 10 10 12 1 11 100 12 1 7 1 100 1 10 12 1 7 1 10 10 7 12 1 1 1 100 1 10 7 1 10 10 12 1 10 10 12 1 8 1 10 10 12 1 8 1 8 1 10 12 1 10 12 1 10 10 12 10 7 12 1 1 10 100 12 1 1 10 100 12 1 1 8 1 10 12 1 10 12 1 1 10 10 12 8 1 8 1 10 8 1 8 1 8 1 8 1 10 12 1 10 12 1 8 1 10 100 12 1 1 1 10 12 10 12 1 1 10 12 10 10 12 10 12 7 1 9 12 1 1 7 1 10 100 1 100 1 100 1 100 1 1 1 1 1 1 5 0 1 1 1 1 1 3 1 3 1 1 1 1 1 1 1 1 1 1 1 1 1 1 1 100 1 1 1 100 1 1 1 1 1 1 1 1 1 1 1 1 1 1 1 1 1 1 1 1 1 1 1 1 1 1 1 100 1 1 1 1 1 1 1 1 1 100 1 1 1 1 1 1 1 1 1 1 1 1 1 1 1 1 1 1 1 1 1 1 1 1 1 1 1 1 1 1 1 1 1 1 1 1 1 1 1 1 1 1 1 1 1 1 1 1 1 1 1 1 1 1 1 1 1 1 1 1 1 1 1 1 1 1 1 1 1 1 1 1 1 1 1 1 1 1 1 1 1 1 1 1 1 1 1 1 1 1 1 1 1 1 1 1 1 1 1 1 1 1 1 1 1 1 1 1 1 1 1 1 1 1 1 1 1 1 1 1 1 1 1 1 1 1 1 1 1 1 1 1 1 1 1 1 1 1 1 1 1 1 1 1 1 1 1 1 1 1 1 1 1 1 1 1 1 1 1 1 1 1 1 1 1 1 1 1 1 100 1 1 1 1 1 1 1 1 1 1 1 1 1 1 1 1 1 1 1 1 1 1 1 1 100 1 1 1 1 1 1 1 1 1 1 1 1 1 7 1 1 1 1 1 1 1 1 1 1 1 1 1 1 1 15 10 100 12 1 1 1 16 15 10 12 16 15 10 12 15 10 12 15 10 12 1 1 1 1 100 1 100 1 1 1
staticfield java/lang/String COMPACT_STRINGS Z 1
staticfield java/lang/String serialPersistentFields [Ljava/io/ObjectStreamField; 0 [Ljava/io/ObjectStreamField;
staticfield java/lang/String CASE_INSENSITIVE_ORDER Ljava/util/Comparator; java/lang/String$CaseInsensitiveComparator
ciInstanceKlass java/security/ProtectionDomain 1 1 324 10 7 12 1 1 1 9 7 12 1 1 1 7 1 10 9 12 1 1 9 12 1 1 9 12 1 1 10 7 12 1 1 7 1 9 12 1 9 12 1 1 7 1 9 12 1 1 9 12 1 10 100 12 1 1 10 100 12 1 1 1 10 12 1 1 10 12 1 9 12 1 9 100 12 1 1 10 12 1 1 10 100 1 10 12 1 1 8 1 100 1 8 1 10 12 1 10 10 100 12 1 1 1 10 12 1 1 8 1 11 8 1 10 12 1 8 1 8 1 10 12 1 1 10 12 1 10 12 1 1 10 12 1 8 1 10 12 1 8 1 8 1 10 100 12 1 1 1 9 100 12 1 1 1 10 12 1 1 9 100 12 1 1 1 10 100 12 1 1 1 100 1 100 1 10 12 1 10 100 12 1 1 1 10 100 1 10 12 1 10 12 1 1 11 100 12 1 1 11 12 1 100 1 11 100 12 1 1 1 10 12 1 10 11 12 1 1 11 12 1 1 10 12 1 10 7 12 1 1 10 100 12 1 1 11 12 1 10 12 8 1 8 1 10 7 12 1 1 1 7 1 10 10 7 12 1 1 1 1 1 1 1 1 1 1 100 1 1 100 1 1 1 1 1 1 1 1 1 1 1 1 1 1 1 1 1 1 1 1 1 1 1 1 1 1 1 1 1 1 1 1 1 1 1 1 1 1 1 1 1 1 100 1 1 1 1 1 100 1 1 1 1 1
staticfield java/security/ProtectionDomain filePermCompatInPD Z 0
ciInstanceKlass java/security/CodeSource 1 1 395 10 7 12 1 1 1 9 7 12 1 1 1 9 12 1 1 9 12 1 1 9 12 1 1 10 7 12 1 1 1 9 12 1 1 10 7 12 1 1 10 7 10 100 12 1 1 1 10 100 12 1 1 1 10 12 1 1 7 1 10 10 7 12 1 1 1 10 7 12 1 1 1 10 12 1 1 10 12 1 100 1 10 12 1 1 10 12 1 1 10 12 1 1 10 12 1 10 10 10 12 1 1 10 100 12 1 1 1 10 12 1 10 12 1 10 12 1 8 1 10 12 1 10 12 1 10 12 1 1 10 12 1 8 1 10 12 1 1 10 100 1 10 10 12 1 1 8 1 10 12 1 10 12 1 10 12 1 8 1 8 1 9 12 1 1 100 1 8 1 10 12 1 10 12 1 1 8 1 10 12 1 8 1 8 1 8 1 10 100 12 1 1 10 12 1 1 10 12 1 10 12 1 1 10 12 1 1 10 12 1 1 100 1 100 1 10 12 1 10 12 10 12 1 1 10 100 12 1 1 10 12 1 100 1 10 12 10 8 1 10 12 1 10 12 1 10 12 1 1 100 1 10 12 1 1 100 1 100 1 8 1 8 1 10 10 12 1 1 10 100 12 1 1 1 100 1 10 12 10 12 1 1 11 100 12 1 1 10 10 12 1 11 10 12 1 8 1 100 1 10 12 1 10 12 1 1 10 12 1 11 12 1 1 11 100 1 1 1 1 5 0 1 1 1 1 1 1 1 1 1 1 1 1 1 1 1 1 1 1 1 1 1 1 1 1 1 1 1 1 1 1 1 1 1 1 1 1 1 1 1 1 1 1 1 1 1 1 1 1 1 1 1 1 1 1 1 1 1 1 1 1 1 1 1 1 1 100 1 1 1 1 1 1 1
ciInstanceKlass java/lang/StringBuilder 1 1 409 10 7 12 1 1 1 10 12 1 10 12 1 10 12 1 1 10 7 12 1 1 1 10 7 12 1 1 1 10 12 1 10 12 1 10 12 1 10 12 1 10 12 1 10 12 1 10 12 1 10 12 1 10 12 1 10 12 1 10 12 1 10 12 1 10 12 1 10 12 1 1 10 12 1 10 12 1 1 10 12 1 1 10 12 1 10 12 1 10 12 1 10 12 1 10 12 1 10 12 1 10 12 1 10 12 10 12 1 10 12 1 10 12 1 10 12 1 1 10 12 1 10 12 1 10 12 10 12 1 1 10 12 1 1 9 12 1 1 9 12 1 1 10 7 12 1 1 1 10 7 1 10 100 12 1 1 1 10 12 1 10 12 1 1 10 12 1 1 10 10 12 1 1 10 100 12 1 1 10 12 1 10 12 1 1 100 1 100 1 8 1 10 10 12 1 1 10 12 1 1 10 12 1 10 12 1 10 12 1 10 12 1 10 12 1 10 12 1 10 12 1 10 12 1 10 12 1 10 12 1 10 12 1 10 12 1 10 12 1 10 12 1 10 12 1 1 10 12 1 1 10 12 1 10 12 1 10 12 1 10 12 10 12 10 12 1 10 12 1 10 12 1 10 12 10 12 1 10 12 1 10 12 1 10 12 1 10 12 1 10 12 1 10 12 1 10 12 1 10 12 1 1 10 12 1 10 12 1 1 10 12 1 10 12 1 1 10 12 1 10 12 1 1 10 12 1 10 12 1 10 12 1 10 10 12 1 10 12 1 100 1 100 1 100 1 1 1 1 5 0 1 1 1 1 1 1 1 1 1 1 1 1 1 1 1 1 1 1 1 1 1 1 1 1 1 1 1 1 1 1 1 1 1 1 1 1 1 1 1 1 1 1 1 100 1 1 1 100 1 1 1 1 1 1 1 1 1 1
ciInstanceKlass jdk/internal/loader/ClassLoaders 1 1 183 10 100 12 1 1 1 10 7 12 1 1 1 10 12 1 1 10 100 12 1 1 1 9 7 12 1 1 1 9 12 1 1 9 12 1 1 7 1 11 100 12 1 1 1 100 1 11 12 1 1 11 12 1 1 10 100 12 1 1 1 10 100 12 1 1 1 100 1 100 1 10 7 12 1 1 1 9 12 1 1 10 12 1 1 7 1 10 12 1 1 10 12 1 7 1 8 1 10 7 12 1 1 1 10 12 1 1 7 1 10 12 1 10 12 1 10 12 1 8 1 10 7 12 1 1 8 1 8 1 10 12 1 7 1 10 12 1 10 12 1 10 12 1 1 1 1 1 1 1 1 1 1 1 1 1 1 1 1 1 1 1 1 100 1 1 1 1 1 1 1 1 1 1 1 1 1 1 1 1 1 1 1
staticfield jdk/internal/loader/ClassLoaders JLA Ljdk/internal/access/JavaLangAccess; java/lang/System$2
staticfield jdk/internal/loader/ClassLoaders BOOT_LOADER Ljdk/internal/loader/ClassLoaders$BootClassLoader; jdk/internal/loader/ClassLoaders$BootClassLoader
staticfield jdk/internal/loader/ClassLoaders PLATFORM_LOADER Ljdk/internal/loader/ClassLoaders$PlatformClassLoader; jdk/internal/loader/ClassLoaders$PlatformClassLoader
staticfield jdk/internal/loader/ClassLoaders APP_LOADER Ljdk/internal/loader/ClassLoaders$AppClassLoader; jdk/internal/loader/ClassLoaders$AppClassLoader
ciInstanceKlass jdk/internal/misc/Unsafe 1 1 1285 10 7 12 1 1 1 9 7 12 1 1 1 9 12 1 1 10 12 1 1 10 7 12 1 1 1 10 12 1 1 10 12 1 1 10 12 1 1 10 12 1 1 10 12 1 1 10 12 1 1 10 12 1 1 10 12 1 1 10 12 1 1 10 12 1 1 10 12 1 1 10 12 1 1 10 12 1 1 10 12 1 10 12 1 100 1 10 10 12 1 1 10 12 1 1 5 0 10 12 1 1 10 12 1 1 10 7 12 1 1 1 10 12 1 1 10 12 1 10 12 1 10 12 1 1 10 12 1 1 10 12 1 10 12 1 100 1 100 1 10 8 1 10 12 1 1 10 12 1 8 1 10 12 1 1 10 12 1 10 12 1 10 12 1 1 10 12 1 10 12 1 1 10 12 1 1 10 12 1 10 12 1 10 12 1 10 12 1 1 10 12 1 10 12 1 10 12 1 1 10 12 1 5 0 5 0 5 0 10 12 1 10 12 1 10 12 1 10 12 1 10 12 1 10 12 1 10 12 1 10 12 1 10 12 1 1 10 12 1 10 12 1 100 1 8 1 10 100 1 10 10 12 1 1 10 12 1 1 10 12 1 10 12 1 1 10 12 1 1 10 12 1 10 12 1 1 10 12 1 9 7 12 1 1 9 12 1 100 1 10 10 12 1 1 8 1 10 8 1 8 1 10 12 1 1 9 7 12 1 1 1 9 100 1 9 7 1 9 7 1 9 9 100 1 9 100 1 9 100 1 10 12 1 1 10 12 1 1 10 12 1 1 10 12 1 1 5 0 5 0 9 12 1 1 10 12 1 10 12 1 10 12 1 1 10 12 1 1 10 12 1 8 1 3 10 12 1 1 10 12 1 1 10 12 1 10 12 1 1 10 12 1 1 10 12 1 10 12 1 10 12 1 10 12 1 10 12 1 10 12 1 1 10 12 1 1 10 12 1 10 12 1 10 12 1 10 12 1 10 12 1 10 12 1 1 10 12 1 1 10 12 1 10 12 1 10 12 1 10 12 1 10 12 1 10 12 1 1 10 12 1 1 10 12 1 1 10 12 1 1 10 12 1 10 12 1 10 12 1 10 12 1 10 12 1 10 12 1 10 12 1 1 10 12 1 1 10 12 1 10 12 1 10 12 1 10 12 1 10 12 1 10 12 1 10 12 1 1 10 12 1 1 10 12 1 10 12 1 10 12 1 10 12 1 10 12 1 10 12 1 10 12 1 10 12 1 1 10 12 1 10 12 1 10 12 1 10 12 1 10 12 1 1 10 12 1 10 12 1 10 12 1 10 12 1 10 12 1 10 12 1 10 12 1 10 12 1 1 10 12 1 10 12 1 10 12 1 10 12 1 10 12 1 10 12 1 1 10 12 1 10 12 1 10 12 1 1 10 12 1 10 12 1 10 12 1 10 12 1 10 12 1 10 12 1 10 12 1 10 12 1 10 12 1 10 12 1 10 12 1 10 12 1 10 12 1 10 12 1 10 12 1 10 12 1 10 12 1 10 12 1 10 12 1 10 12 1 10 12 1 10 12 1 100 1 10 100 1 10 9 12 1 5 0 10 12 1 1 5 0 10 12 1 5 0 10 12 1 10 12 1 10 12 1 1 10 12 1 1 10 12 1 10 12 1 10 12 1 10 12 1 1 10 12 1 10 12 1 10 12 1 10 12 1 10 12 1 1 10 12 1 10 12 1 10 12 1 10 12 1 1 10 12 1 10 12 1 10 12 1 1 10 12 1 10 12 1 10 12 1 10 12 1 1 10 12 1 10 10 12 1 1 10 12 1 10 12 1 1 10 12 1 10 12 5 0 5 0 5 0 10 12 1 1 10 12 1 10 12 1 10 12 10 7 12 1 1 8 1 7 1 11 12 1 1 8 1 11 12 1 1 10 7 12 1 1 10 12 1 10 12 1 10 12 1 10 12 1 10 12 1 1 10 12 1 10 12 1 10 12 1 10 12 1 10 12 1 10 12 1 10 7 1 10 12 1 9 12 1 7 1 9 12 1 7 1 9 12 1 7 1 9 12 1 7 1 9 12 1 7 1 9 12 1 7 1 9 12 1 7 1 9 12 1 7 1 9 12 1 10 12 1 9 12 1 9 12 1 9 12 1 9 12 1 9 12 1 9 12 1 9 12 1 9 12 1 9 12 1 9 12 1 1 1 3 1 1 1 1 1 1 1 1 1 1 1 1 1 1 1 1 1 1 1 1 1 1 1 1 1 1 1 1 1 1 1 1 1 1 1 1 1 1 1 1 1 1 1 1 1 1 1 1 1 1 1 1 1 1 1 1 1 1 1 1 1 1 1 1 1 1 1 1 1 1 1 1 1 1 1 1 1 1 1 1 1 1 1 1 1 1 1 1 1 100 1 1 1 1 1 1 1 1 1 1 1 1 1 1 1 1 1 1 1 1 1 1 1 1 1 1 1 1 1 1 1 1 1 1 1 1 1 1 1 1 1 1 1 1 1 1 1 1 1 1 1 1 1 1 1 1 1 1 1 1 1 1 1 1 1 1 1 1 1 1 1 1 1 1 1 1 1 1 1 1 1 1 1 1 1 1 1 1 1 1 1 1 1 1 1 1 1 1 1 1 1 1 1 1 1 1 1 1 1 1 1 1 1 1 1 1 1 1 1 1 1 1 1 1 1 1 1 1 1 1 1 1 1 1 1 1 1 1 1 1 1 1 1 1 1 1 1 1 1 1 1 1 1 1 1 1 1 1 1 1 1 1 1 1 1 1 1 1 1 1 1 1 1 1 1 1 1 1 1 1 1 1 1 1 1 1 1 1 1 1 1 1 1 1 1 1 1 1 1 1 1 1 1 1 1 1 1 3 1 1 1 1 1 1 1 1 1 1 1 1 1 1 1 1 1 1 1 1 1
staticfield jdk/internal/misc/Unsafe theUnsafe Ljdk/internal/misc/Unsafe; jdk/internal/misc/Unsafe
staticfield jdk/internal/misc/Unsafe ARRAY_BOOLEAN_BASE_OFFSET I 16
staticfield jdk/internal/misc/Unsafe ARRAY_BYTE_BASE_OFFSET I 16
staticfield jdk/internal/misc/Unsafe ARRAY_SHORT_BASE_OFFSET I 16
staticfield jdk/internal/misc/Unsafe ARRAY_CHAR_BASE_OFFSET I 16
staticfield jdk/internal/misc/Unsafe ARRAY_INT_BASE_OFFSET I 16
staticfield jdk/internal/misc/Unsafe ARRAY_LONG_BASE_OFFSET I 16
staticfield jdk/internal/misc/Unsafe ARRAY_FLOAT_BASE_OFFSET I 16
staticfield jdk/internal/misc/Unsafe ARRAY_DOUBLE_BASE_OFFSET I 16
staticfield jdk/internal/misc/Unsafe ARRAY_OBJECT_BASE_OFFSET I 16
staticfield jdk/internal/misc/Unsafe ARRAY_BOOLEAN_INDEX_SCALE I 1
staticfield jdk/internal/misc/Unsafe ARRAY_BYTE_INDEX_SCALE I 1
staticfield jdk/internal/misc/Unsafe ARRAY_SHORT_INDEX_SCALE I 2
staticfield jdk/internal/misc/Unsafe ARRAY_CHAR_INDEX_SCALE I 2
staticfield jdk/internal/misc/Unsafe ARRAY_INT_INDEX_SCALE I 4
staticfield jdk/internal/misc/Unsafe ARRAY_LONG_INDEX_SCALE I 8
staticfield jdk/internal/misc/Unsafe ARRAY_FLOAT_INDEX_SCALE I 4
staticfield jdk/internal/misc/Unsafe ARRAY_DOUBLE_INDEX_SCALE I 8
staticfield jdk/internal/misc/Unsafe ARRAY_OBJECT_INDEX_SCALE I 4
staticfield jdk/internal/misc/Unsafe ADDRESS_SIZE I 8
ciInstanceKlass java/lang/ThreadGroup 1 1 293 10 7 12 1 1 1 9 7 12 1 1 1 8 1 9 12 1 1 7 1 9 12 1 9 12 1 1 10 12 1 1 10 12 1 1 10 12 1 10 12 1 1 10 12 1 9 12 1 1 10 12 1 1 10 12 1 9 12 1 10 100 12 1 1 1 9 12 1 9 12 1 1 10 7 12 1 1 1 7 10 12 1 1 10 7 12 1 1 1 10 100 12 1 9 12 1 10 12 1 1 10 12 1 1 9 12 1 1 10 12 1 1 10 12 1 10 12 1 10 12 1 1 10 12 1 1 10 12 1 10 12 1 10 10 12 1 10 12 1 10 100 1 10 10 12 1 10 12 1 10 12 1 7 10 12 1 9 12 1 1 10 12 1 1 8 1 10 100 12 1 1 1 10 12 1 1 10 12 1 1 10 12 1 1 11 100 1 100 1 9 12 1 100 1 10 8 1 10 12 1 1 10 12 1 1 8 1 10 12 1 10 100 12 1 1 1 10 12 1 1 10 100 1 8 1 10 8 1 10 12 1 8 1 1 1 1 1 1 1 1 1 1 1 1 1 1 1 1 1 3 1 1 1 1 1 1 1 1 1 1 1 1 1 1 1 1 1 1 1 1 1 1 1 1 1 1 1 1 1 1 1 1 1 1 1 1 1 1 1 1 1 1
instanceKlass org/springframework/beans/factory/support/ManagedProperties
instanceKlass org/springframework/core/SortedProperties
instanceKlass java/security/Provider
ciInstanceKlass java/util/Properties 1 1 651 10 7 12 1 1 1 100 1 10 7 12 1 1 7 1 10 12 1 9 12 1 1 9 12 1 1 9 12 1 1 10 7 12 1 1 1 10 12 1 1 8 1 10 7 12 1 1 1 7 1 10 12 1 10 12 1 1 8 1 10 12 1 7 1 10 12 10 12 1 1 9 12 1 1 10 12 1 1 7 1 10 12 1 10 12 1 10 12 1 1 100 1 8 1 10 12 1 10 12 1 10 12 1 1 10 12 1 100 1 3 10 10 100 12 1 1 1 10 12 1 10 12 1 1 8 1 10 12 1 10 12 1 1 8 1 10 100 12 1 1 10 12 1 1 10 12 1 10 12 1 1 100 1 10 12 1 10 12 1 1 100 1 9 100 12 1 1 1 10 12 1 10 12 1 1 100 1 10 10 10 12 1 1 11 7 12 1 1 1 11 7 12 1 1 1 11 12 1 1 7 1 11 12 1 11 12 1 10 12 1 1 8 1 10 12 1 10 12 1 100 1 10 10 12 1 1 10 100 12 1 1 9 100 12 1 1 10 12 1 1 10 100 12 1 1 1 100 1 100 1 100 1 10 8 1 8 1 10 12 1 10 12 1 10 12 1 1 10 10 12 1 1 10 12 1 1 7 1 10 10 12 1 11 7 12 1 1 10 7 12 1 1 1 8 1 10 100 12 1 1 11 8 1 10 100 1 11 10 12 1 10 12 1 10 12 1 10 12 1 1 10 12 1 1 10 12 1 1 10 12 1 10 12 1 10 10 12 1 10 12 1 10 12 1 10 10 12 1 1 10 12 1 1 7 1 10 10 12 1 10 12 1 10 12 1 10 12 1 10 12 1 1 10 12 1 1 10 12 1 10 12 1 10 12 1 1 10 12 10 12 1 1 10 12 1 1 10 12 1 10 12 1 1 10 12 1 1 10 12 100 1 10 11 100 12 1 1 4 11 10 12 1 1 10 100 12 1 1 11 12 1 10 12 1 1 10 100 12 1 1 10 12 1 100 1 8 1 10 12 1 10 10 100 12 1 1 1 100 1 6 0 10 12 1 1 11 100 12 1 1 1 10 12 1 10 12 1 1 1 1 1 5 0 1 1 1 1 1 1 1 1 1 1 1 1 1 1 1 1 1 1 1 1 1 1 1 1 1 1 1 1 1 1 1 1 1 1 1 1 1 1 1 1 100 1 1 1 1 1 1 1 1 1 1 1 1 1 1 1 1 1 1 1 1 100 1 1 1 1 1 1 1 100 1 100 1 1 1 1 100 1 1 1 1 1 1 1 1 1 1 1 1 1 1 1 1 1 1 1 1 1 1 1 1 1 1 1 1 1 1 1 1 1 1 1 1 1 1 1 1 1 1 1 1 1 1 1 1 1 1 1 1 1 1 1 1 1 1 1 1 1 1 1 1 1 1 1 1 1 1 1 1 1 1 1 1 100 1 1 1 1 1 1 1 1 1 100 1 1 1
staticfield java/util/Properties UNSAFE Ljdk/internal/misc/Unsafe; jdk/internal/misc/Unsafe
instanceKlass java/util/Hashtable
ciInstanceKlass java/util/Dictionary 1 1 36 10 7 12 1 1 1 100 1 1 1 1 1 1 1 1 1 1 1 1 1 1 1 1 1 1 1 1 1 1 1 1 1 1 1 1
instanceKlass org/apache/commons/logging/impl/WeakHashtable
instanceKlass java/util/Properties
ciInstanceKlass java/util/Hashtable 1 1 512 100 1 10 7 12 1 1 1 9 7 12 1 1 1 100 1 100 1 10 8 1 10 12 1 1 10 12 1 10 12 1 1 10 12 1 10 7 12 1 1 1 8 1 10 12 1 9 12 1 1 7 1 9 12 1 1 4 10 7 12 1 1 1 9 12 1 4 10 12 1 11 100 12 1 1 1 10 12 1 1 10 12 1 1 9 12 1 10 12 1 1 100 1 10 9 12 1 1 10 7 12 1 1 1 9 12 1 1 10 12 1 10 12 1 3 9 12 1 9 12 1 3 10 12 1 10 12 1 10 12 1 1 11 12 1 1 11 100 12 1 1 1 11 100 12 1 1 1 11 12 1 100 1 11 12 1 11 12 1 10 12 1 1 10 12 1 1 10 12 1 9 12 1 1 9 12 9 12 1 1 10 100 1 100 1 10 12 1 10 8 1 10 10 12 1 8 1 10 8 1 10 100 12 1 1 1 7 1 10 12 1 10 12 1 100 1 10 12 1 10 12 1 1 100 1 10 100 1 10 10 12 1 1 11 12 1 1 11 12 1 100 1 10 10 10 100 12 1 1 11 100 12 1 1 1 100 1 10 11 100 12 1 1 11 100 12 1 10 12 1 10 12 1 1 10 100 12 1 1 10 12 1 1 10 12 1 1 10 12 1 1 10 100 12 1 1 1 8 10 100 12 1 1 100 1 8 1 10 4 10 12 4 10 12 1 8 1 10 12 10 100 12 1 1 1 100 1 11 100 12 1 1 1 10 100 12 1 1 1 10 12 1 10 12 1 1 10 100 1 100 1 1 1 1 1 1 5 0 1 1 1 1 1 3 1 3 1 3 1 1 1 1 1 1 1 1 1 1 1 1 1 1 1 1 1 1 1 1 1 1 1 1 1 100 1 1 1 1 1 1 1 1 1 1 1 1 1 1 1 1 1 1 1 1 1 1 1 1 1 1 1 1 1 100 1 1 1 1 1 1 1 1 1 1 1 1 1 1 1 1 1 1 1 1 1 1 1 1 1 1 1 1 1 1 1 1 1 1 1 1 1 1 1 1 1 1 1 1 1 1 1 1 1 1 1 1 1 1 1 1 1 1 100 1 1 1 100 1 1 1 1 1 100 1 1 1 1 1 1 1 1 1 1 1 1 1 1 1 1 1 1
instanceKlass org/springframework/core/io/buffer/DataBufferInputStream
instanceKlass org/springframework/core/io/buffer/SubscriberInputStream
instanceKlass com/fasterxml/jackson/core/io/MergedStream
instanceKlass org/apache/hc/core5/http/io/EofSensorInputStream
instanceKlass org/apache/hc/core5/http/impl/io/IdentityInputStream
instanceKlass org/apache/hc/core5/http/impl/io/ChunkedInputStream
instanceKlass org/apache/hc/core5/http/io/entity/EmptyInputStream
instanceKlass org/apache/hc/core5/http/impl/io/ContentLengthInputStream
instanceKlass org/springframework/util/UpdateMessageDigestInputStream
instanceKlass java/io/ObjectInputStream
instanceKlass sun/nio/ch/ChannelInputStream
instanceKlass tools/jackson/core/io/MergedStream
instanceKlass java/util/jar/JarVerifier$VerifierStream
instanceKlass sun/nio/ch/NioSocketImpl$1
instanceKlass java/net/Socket$SocketInputStream
instanceKlass java/util/zip/ZipFile$ZipFileInputStream
instanceKlass java/io/FilterInputStream
instanceKlass java/io/FileInputStream
instanceKlass java/io/ByteArrayInputStream
ciInstanceKlass java/io/InputStream 1 1 184 100 1 10 7 12 1 1 1 100 1 10 10 7 12 1 1 1 10 7 12 1 1 1 10 12 1 100 1 3 10 12 1 1 100 1 8 1 10 12 1 10 7 12 1 1 1 3 100 1 8 1 10 10 7 12 1 1 1 7 1 10 11 7 12 1 1 1 10 12 1 1 11 12 1 1 11 7 12 1 1 1 11 12 1 1 7 1 10 7 12 1 1 1 5 0 10 12 1 10 12 1 1 100 1 10 8 1 10 8 1 8 1 10 12 1 1 10 100 12 1 1 1 100 1 1 1 1 3 1 3 1 1 1 1 1 1 1 1 1 1 1 1 1 1 1 1 1 1 1 1 1 1 1 1 1 1 1 1 1 1 1 1 1 1 1 1 1 1 1 1 1 1 1 1 1 1 1 1 1 1 1 1 1
ciInstanceKlass java/io/ByteArrayInputStream 1 1 96 10 7 12 1 1 1 9 7 12 1 1 1 9 12 1 1 9 12 1 9 12 1 10 100 12 1 1 1 10 7 12 1 1 1 10 7 12 1 1 1 10 100 12 1 1 1 10 12 1 1 10 100 12 1 1 1 1 1 1 1 1 1 1 1 1 1 1 1 1 1 1 1 1 1 1 1 1 1 1 1 100 1 1 1 1 1 1 1 1 1 1 1 1 1 1
instanceKlass java/util/concurrent/ForkJoinWorkerThread
instanceKlass org/springframework/boot/reactor/netty/NettyWebServer$1
instanceKlass reactor/core/scheduler/ReactorThreadFactory$NonBlockingThread
instanceKlass io/netty/util/concurrent/FastThreadLocalThread
instanceKlass org/springframework/boot/autoconfigure/ssl/FileWatcher$WatcherThread
instanceKlass org/springframework/context/support/AbstractApplicationContext$1
instanceKlass java/util/logging/LogManager$Cleaner
instanceKlass org/springframework/boot/devtools/restart/RestartLauncher
instanceKlass org/springframework/boot/devtools/restart/Restarter$LeakSafeThread
instanceKlass com/intellij/rt/execution/application/AppMainV2$1
instanceKlass jdk/internal/misc/InnocuousThread
instanceKlass java/lang/ref/Finalizer$FinalizerThread
instanceKlass java/lang/ref/Reference$ReferenceHandler
ciInstanceKlass java/lang/Thread 1 1 612 9 7 12 1 1 1 9 12 1 1 10 12 1 1 9 12 1 1 9 12 1 1 100 1 8 1 10 12 1 1 3 8 1 100 1 5 0 10 12 1 1 10 7 12 1 1 9 12 1 1 9 12 1 9 12 1 1 9 12 1 100 1 8 1 10 9 12 1 1 10 7 12 1 1 1 10 100 12 1 1 1 10 10 7 12 1 1 10 12 1 1 10 12 1 1 9 100 12 1 1 1 10 12 1 1 10 12 1 9 12 1 1 10 12 1 1 10 12 1 1 9 12 1 10 12 1 1 9 12 1 1 10 7 12 1 1 1 9 12 1 1 9 12 1 1 10 12 1 1 10 7 12 1 1 1 9 12 1 10 12 1 1 9 12 1 100 1 10 7 1 10 8 1 10 12 1 1 10 12 1 10 12 1 10 12 1 1 10 12 1 10 12 1 9 12 1 100 1 10 10 12 1 1 10 12 1 10 12 1 100 1 11 7 12 1 1 9 7 12 1 1 1 10 12 1 10 12 1 10 12 9 12 1 1 10 9 12 1 10 12 1 100 1 10 10 12 1 1 9 12 1 10 12 1 11 100 12 1 1 10 12 1 9 12 1 10 12 1 10 12 1 10 10 12 1 10 12 1 10 12 1 10 12 1 10 12 1 1 100 1 10 10 12 1 10 12 1 10 12 1 9 100 12 1 1 1 10 12 1 1 10 12 1 7 1 8 1 10 10 12 1 10 12 8 1 10 12 1 8 1 10 8 1 8 1 10 100 12 1 1 10 100 12 1 1 1 100 1 8 1 10 9 12 1 9 12 1 1 10 12 1 1 10 10 12 1 1 9 12 1 10 12 1 1 100 1 10 12 11 100 12 1 1 1 9 100 12 1 1 1 9 12 1 1 10 12 1 1 100 1 10 12 1 11 100 12 1 1 1 100 1 10 12 1 10 12 1 1 11 12 1 10 12 1 100 1 10 12 1 10 12 1 1 10 7 12 1 1 1 8 1 9 12 1 10 12 1 1 11 7 12 1 1 1 10 100 12 1 1 1 11 12 1 10 12 1 7 1 1 1 1 3 1 3 1 3 1 1 1 1 1 1 1 1 1 1 1 1 1 1 1 1 1 1 1 100 1 1 1 1 1 1 1 1 1 1 1 1 100 1 100 1 1 1 1 1 1 1 1 1 1 1 1 1 1 1 1 1 1 1 1 1 1 1 1 1 1 1 1 1 1 1 1 1 1 1 1 1 1 1 1 1 1 1 100 100 1 1 1 1 1 1 1 1 1 100 1 1 1 1 1 1 1 1 1 1 1 1 1 1 1 1 1 1 1 1 1 1 1 1 1 1 1 1 100 1 1 1 1 1 1 100 1 1 100 1 1 1 1 1 1
staticfield java/lang/Thread EMPTY_STACK_TRACE [Ljava/lang/StackTraceElement; 0 [Ljava/lang/StackTraceElement;
ciInstanceKlass java/lang/Runnable 1 0 11 100 1 100 1 1 1 1 1 1 1
ciMethod java/lang/Thread interrupt ()V 0 0 2 0 -1
ciMethod java/lang/System nanoTime ()J 512 0 256 0 -1
instanceKlass java/lang/Exception
instanceKlass java/lang/Error
ciInstanceKlass java/lang/Throwable 1 1 393 10 7 12 1 1 1 9 7 12 1 1 1 9 12 1 1 9 12 1 9 12 1 1 9 12 1 10 12 1 1 9 12 1 1 10 12 1 1 10 12 1 100 1 7 1 10 8 1 10 12 1 1 8 1 10 7 12 1 1 10 10 12 1 100 1 8 1 10 10 12 1 1 10 7 12 1 1 10 12 1 8 1 9 100 12 1 1 1 10 12 1 1 100 1 10 12 10 12 1 7 1 10 10 7 12 1 1 1 11 7 12 1 1 1 10 7 12 1 1 1 10 12 1 1 10 12 1 1 8 1 10 12 1 10 12 1 1 8 1 8 1 10 12 1 1 10 12 1 8 1 8 1 9 12 1 1 10 100 12 1 1 100 1 10 11 12 1 8 1 8 1 10 7 12 1 1 8 1 10 12 1 8 1 7 1 10 12 1 9 12 1 1 10 12 1 10 7 12 1 9 12 1 1 10 12 1 1 100 1 8 1 10 12 1 10 100 12 1 1 10 12 1 1 7 1 10 100 12 1 1 1 10 12 1 11 7 12 1 1 1 11 100 12 1 1 1 11 12 1 8 1 10 12 1 1 8 1 10 10 9 100 12 1 1 1 8 1 10 12 1 1 10 100 1 8 1 10 11 12 1 1 8 1 9 12 1 10 100 12 1 1 11 9 12 1 1 11 12 1 1 7 10 12 1 10 12 1 1 100 1 1 1 1 5 0 1 1 1 1 1 1 1 1 1 1 1 1 1 100 1 1 1 1 1 1 1 1 1 1 1 1 1 1 1 1 1 1 1 1 1 1 1 1 1 1 1 1 1 1 1 1 1 1 1 1 1 1 1 1 1 1 100 1 100 1 1 1 1 1 1 1 1 1 1 1 1 1 1 1 1 1 1
staticfield java/lang/Throwable UNASSIGNED_STACK [Ljava/lang/StackTraceElement; 0 [Ljava/lang/StackTraceElement;
staticfield java/lang/Throwable SUPPRESSED_SENTINEL Ljava/util/List; java/util/Collections$EmptyList
staticfield java/lang/Throwable EMPTY_THROWABLE_ARRAY [Ljava/lang/Throwable; 0 [Ljava/lang/Throwable;
staticfield java/lang/Throwable $assertionsDisabled Z 1
instanceKlass reactor/netty/channel/MonoSendMany$Completion
instanceKlass org/springframework/validation/BindException
instanceKlass sun/security/pkcs11/wrapper/PKCS11Exception
instanceKlass java/security/PrivilegedActionException
instanceKlass sun/security/ec/ECOperations$IntermediateValueException
instanceKlass org/apache/hc/core5/http/HttpException
instanceKlass javax/management/JMException
instanceKlass org/springframework/cloud/gateway/support/TimeoutException
instanceKlass javax/naming/NamingException
instanceKlass sun/nio/fs/WindowsException
instanceKlass java/beans/IntrospectionException
instanceKlass java/util/concurrent/ExecutionException
instanceKlass org/springframework/expression/AccessException
instanceKlass javax/xml/parsers/ParserConfigurationException
instanceKlass org/xml/sax/SAXException
instanceKlass javax/xml/stream/XMLStreamException
instanceKlass ch/qos/logback/core/spi/ScanException
instanceKlass java/security/GeneralSecurityException
instanceKlass java/text/ParseException
instanceKlass java/net/URISyntaxException
instanceKlass java/util/concurrent/TimeoutException
instanceKlass java/lang/InterruptedException
instanceKlass ch/qos/logback/core/boolex/EvaluationException
instanceKlass ch/qos/logback/core/util/DynamicClassLoadingException
instanceKlass ch/qos/logback/core/util/IncompatibleClassException
instanceKlass ch/qos/logback/core/joran/spi/JoranException
instanceKlass java/lang/CloneNotSupportedException
instanceKlass java/io/IOException
instanceKlass java/lang/ReflectiveOperationException
instanceKlass java/lang/RuntimeException
ciInstanceKlass java/lang/Exception 1 1 40 10 7 12 1 1 1 10 12 1 10 12 1 10 12 1 10 12 1 100 1 1 1 1 5 0 1 1 1 1 1 1 1 1 1 1 1 1 1 1
instanceKlass java/lang/IllegalAccessException
instanceKlass java/lang/InstantiationException
instanceKlass java/lang/reflect/InvocationTargetException
instanceKlass java/lang/NoSuchFieldException
instanceKlass java/lang/NoSuchMethodException
instanceKlass java/lang/ClassNotFoundException
ciInstanceKlass java/lang/ReflectiveOperationException 1 1 34 10 7 12 1 1 1 10 12 1 10 12 1 10 12 1 100 1 1 1 1 5 0 1 1 1 1 1 1 1 1 1 1 1
instanceKlass reactor/core/Exceptions$ReactiveException
instanceKlass reactor/core/publisher/FluxOnAssembly$OnAssemblyException
instanceKlass reactor/netty/channel/AbortedException
instanceKlass reactor/netty/transport/TransportConnector$RetryConnectException
instanceKlass com/fasterxml/jackson/databind/RuntimeJsonMappingException
instanceKlass java/security/ProviderException
instanceKlass com/netflix/discovery/shared/transport/TransportException
instanceKlass org/springframework/cache/Cache$ValueRetrievalException
instanceKlass org/springframework/cloud/configuration/CompatibilityNotMetException
instanceKlass org/springframework/boot/diagnostics/FailureAnalyzedException
instanceKlass org/springframework/boot/cache/actuate/endpoint/NonUniqueCacheException
instanceKlass org/springframework/boot/actuate/endpoint/InvalidEndpointRequestException
instanceKlass org/springframework/boot/context/properties/bind/validation/BindValidationException
instanceKlass org/springframework/objenesis/ObjenesisException
instanceKlass org/springframework/cglib/core/CodeGenerationException
instanceKlass io/netty/channel/ChannelException
instanceKlass reactor/netty/ChannelBindException
instanceKlass reactor/netty/ReactorNetty$InternalNettyException
instanceKlass io/netty/handler/codec/CodecException
instanceKlass org/springframework/boot/autoconfigure/ssl/BundleContentNotWatchableException
instanceKlass org/springframework/boot/ssl/NoSuchSslBundleException
instanceKlass org/springframework/boot/web/server/WebServerException
instanceKlass org/springframework/context/NoSuchMessageException
instanceKlass org/springframework/validation/method/MethodValidationException
instanceKlass org/springframework/expression/spel/InternalParseException
instanceKlass org/springframework/boot/autoconfigure/condition/OnBeanCondition$BeanTypeDeductionException
instanceKlass org/springframework/boot/context/properties/source/MutuallyExclusiveConfigurationPropertiesException
instanceKlass org/springframework/expression/ExpressionException
instanceKlass java/lang/reflect/MalformedParameterizedTypeException
instanceKlass jakarta/el/ELException
instanceKlass java/util/concurrent/CompletionException
instanceKlass jakarta/validation/ValidationException
instanceKlass java/lang/reflect/MalformedParametersException
instanceKlass tools/jackson/core/JacksonException
instanceKlass java/nio/file/FileSystemNotFoundException
instanceKlass org/yaml/snakeyaml/error/YAMLException
instanceKlass org/springframework/boot/context/properties/bind/UnboundConfigurationPropertiesException
instanceKlass org/springframework/boot/context/config/ConfigDataException
instanceKlass org/springframework/boot/context/properties/bind/BindException
instanceKlass org/springframework/cloud/commons/ConfigDataMissingEnvironmentPostProcessor$ImportException
instanceKlass java/time/DateTimeException
instanceKlass org/springframework/boot/context/properties/source/InvalidConfigurationPropertyValueException
instanceKlass java/util/MissingResourceException
instanceKlass org/springframework/cglib/core/ClassNameReader$EarlyExitException
instanceKlass org/springframework/boot/devtools/restart/SilentExitExceptionHandler$SilentExitException
instanceKlass java/lang/reflect/InaccessibleObjectException
instanceKlass java/util/concurrent/RejectedExecutionException
instanceKlass org/springframework/core/NestedRuntimeException
instanceKlass java/lang/TypeNotPresentException
instanceKlass org/springframework/boot/context/properties/source/InvalidConfigurationPropertyNameException
instanceKlass java/lang/reflect/UndeclaredThrowableException
instanceKlass java/io/UncheckedIOException
instanceKlass ch/qos/logback/core/LogbackException
instanceKlass java/lang/IndexOutOfBoundsException
instanceKlass java/lang/UnsupportedOperationException
instanceKlass java/util/ConcurrentModificationException
instanceKlass java/util/NoSuchElementException
instanceKlass org/apache/logging/log4j/util/InternalException
instanceKlass org/apache/logging/log4j/LoggingException
instanceKlass org/apache/commons/logging/LogConfigurationException
instanceKlass java/lang/SecurityException
instanceKlass org/springframework/boot/SpringApplication$AbandonedRunException
instanceKlass java/lang/IllegalStateException
instanceKlass org/springframework/boot/AotInitializerNotFoundException
instanceKlass java/lang/IllegalArgumentException
instanceKlass java/lang/ArithmeticException
instanceKlass java/lang/NullPointerException
instanceKlass java/lang/IllegalMonitorStateException
instanceKlass java/lang/ArrayStoreException
instanceKlass java/lang/ClassCastException
ciInstanceKlass java/lang/RuntimeException 1 1 40 10 7 12 1 1 1 10 12 1 10 12 1 10 12 1 10 12 1 100 1 1 1 1 5 0 1 1 1 1 1 1 1 1 1 1 1 1 1 1
instanceKlass reactor/core/Exceptions$StaticThrowable
instanceKlass io/netty/util/Signal
instanceKlass java/nio/charset/CoderMalfunctionError
instanceKlass java/lang/AssertionError
instanceKlass java/util/ServiceConfigurationError
instanceKlass java/lang/VirtualMachineError
instanceKlass java/lang/LinkageError
instanceKlass java/lang/ThreadDeath
ciInstanceKlass java/lang/Error 1 1 40 10 7 12 1 1 1 10 12 1 10 12 1 10 12 1 10 12 1 100 1 1 1 1 5 0 1 1 1 1 1 1 1 1 1 1 1 1 1 1
instanceKlass java/lang/StackOverflowError
instanceKlass java/lang/OutOfMemoryError
instanceKlass java/lang/InternalError
ciInstanceKlass java/lang/VirtualMachineError 1 1 34 10 7 12 1 1 1 10 12 1 10 12 1 10 12 1 100 1 1 1 1 5 0 1 1 1 1 1 1 1 1 1 1 1
ciInstanceKlass java/lang/StackOverflowError 1 1 26 10 100 12 1 1 1 10 12 1 100 1 1 1 1 5 0 1 1 1 1 1 1 1 1 1
instanceKlass java/lang/ExceptionInInitializerError
instanceKlass java/lang/UnsatisfiedLinkError
instanceKlass java/lang/ClassFormatError
instanceKlass java/lang/IncompatibleClassChangeError
instanceKlass java/lang/BootstrapMethodError
instanceKlass java/lang/NoClassDefFoundError
ciInstanceKlass java/lang/LinkageError 1 1 31 10 7 12 1 1 1 10 12 1 10 12 1 100 1 1 1 1 5 0 1 1 1 1 1 1 1 1 1 1 1
ciInstanceKlass java/lang/ArrayStoreException 1 1 26 10 100 12 1 1 1 10 12 1 100 1 1 1 1 5 0 1 1 1 1 1 1 1 1 1
ciInstanceKlass java/lang/ThreadDeath 0 0 21 10 100 12 1 1 1 100 1 1 1 1 5 0 1 1 1 1 1 1 1
ciInstanceKlass java/lang/StackTraceElement 1 1 224 10 7 12 1 1 1 10 7 12 1 1 9 12 1 1 9 12 1 1 9 12 1 9 12 1 8 1 10 7 12 1 1 1 7 1 9 12 1 8 1 9 12 1 9 12 1 9 12 1 1 8 1 10 12 1 1 10 12 1 7 1 10 10 12 1 1 8 1 10 12 1 1 10 12 1 8 1 8 1 8 1 10 12 1 8 1 8 1 10 12 1 8 1 8 1 10 12 1 1 10 12 1 10 12 1 1 10 12 1 9 12 1 1 10 7 12 1 1 1 10 12 1 1 7 1 10 12 1 1 10 7 12 1 1 10 7 12 1 1 1 10 7 12 1 1 10 7 12 1 1 10 10 12 1 1 10 12 1 10 12 1 1 100 1 1 1 1 1 3 1 3 1 1 5 0 1 1 1 1 1 1 1 1 1 1 1 1 1 1 1 1 1 1 1 1 1 1 1 1 1 1 100 1 100 1 1 1 1 1 1 1 1 1 1 100 1 1 1 1 1 1 1 1
instanceKlass java/util/AbstractMap$2
instanceKlass com/fasterxml/jackson/databind/util/internal/LinkedDeque
instanceKlass java/util/TreeMap$Values
instanceKlass tools/jackson/databind/util/internal/LinkedDeque
instanceKlass java/util/concurrent/ConcurrentLinkedDeque
instanceKlass java/util/LinkedHashMap$LinkedValues
instanceKlass java/util/IdentityHashMap$Values
instanceKlass java/util/AbstractQueue
instanceKlass java/util/HashMap$Values
instanceKlass java/util/ArrayDeque
instanceKlass java/util/AbstractSet
instanceKlass java/util/ImmutableCollections$AbstractImmutableCollection
instanceKlass java/util/AbstractList
ciInstanceKlass java/util/AbstractCollection 1 1 160 10 7 12 1 1 1 10 7 12 1 1 1 10 12 1 1 11 7 12 1 1 1 11 12 1 1 10 12 1 1 10 100 12 1 1 1 10 12 1 1 10 12 1 1 10 7 12 1 1 10 7 12 1 1 1 7 1 10 100 12 1 1 1 10 100 12 1 1 1 100 1 10 11 12 1 11 7 1 10 12 1 10 12 1 10 7 12 1 1 1 11 8 1 7 1 10 10 12 1 1 8 1 10 12 1 10 12 1 1 1 1 1 1 1 1 1 1 1 1 1 1 1 1 1 1 1 1 1 1 1 1 1 1 1 1 1 1 1 1 1 1 1 1 1 1 1 1 1 1 1 1 1 1 1 1 1 1 1 1
ciInstanceKlass java/lang/Boolean 1 1 151 10 7 12 1 1 1 9 7 12 1 1 1 10 12 1 1 10 12 1 8 1 10 7 12 1 1 9 12 1 1 9 12 1 8 1 10 12 1 1 10 12 1 1 10 7 12 1 1 1 100 1 100 1 10 12 1 1 9 100 12 1 1 9 12 10 100 12 1 1 1 10 12 1 1 8 1 10 7 12 1 1 1 9 12 1 1 100 1 100 1 100 1 1 1 1 1 1 5 0 1 1 1 1 1 1 1 1 1 1 3 1 1 1 1 1 1 1 1 1 1 1 1 1 1 1 1 1 1 1 1 100 1 1 1 1 1 1 1 1 1 1 100 1 1 1 1 1 1 1 1
staticfield java/lang/Boolean TRUE Ljava/lang/Boolean; java/lang/Boolean
staticfield java/lang/Boolean FALSE Ljava/lang/Boolean; java/lang/Boolean
staticfield java/lang/Boolean TYPE Ljava/lang/Class; java/lang/Class
instanceKlass java/util/concurrent/locks/AbstractQueuedSynchronizer
ciInstanceKlass java/util/concurrent/locks/AbstractOwnableSynchronizer 1 1 32 10 7 12 1 1 1 9 7 12 1 1 1 100 1 1 1 1 5 0 1 1 1 1 1 1 1 1 1 1 1 1
instanceKlass java/util/concurrent/ThreadPoolExecutor$Worker
instanceKlass java/util/concurrent/CountDownLatch$Sync
instanceKlass java/util/concurrent/locks/ReentrantReadWriteLock$Sync
instanceKlass java/util/concurrent/locks/ReentrantLock$Sync
ciInstanceKlass java/util/concurrent/locks/AbstractQueuedSynchronizer 1 1 349 10 7 12 1 1 1 9 7 12 1 1 1 9 12 1 1 9 12 1 1 10 7 12 1 1 1 9 12 1 10 12 1 1 7 1 10 9 12 1 9 12 1 1 10 7 12 1 1 1 10 12 1 10 12 1 1 9 12 1 9 12 1 9 12 1 1 10 7 12 1 1 1 9 12 1 10 12 1 1 7 1 10 7 12 1 1 1 9 12 1 10 12 1 10 12 1 10 12 1 10 12 1 1 100 1 10 12 1 1 10 12 1 10 12 1 10 10 12 1 1 10 7 12 1 1 1 10 12 1 1 10 12 1 10 12 1 1 10 12 1 10 12 1 10 12 1 3 100 1 10 10 12 1 1 100 1 10 10 12 1 10 12 1 100 1 10 10 12 1 100 1 10 10 12 1 1 100 1 10 10 100 12 1 1 1 10 12 1 1 8 1 10 12 1 1 10 12 1 8 1 10 12 1 8 1 8 1 8 1 10 10 100 12 1 1 1 10 12 1 1 100 1 8 1 10 12 1 10 12 1 10 12 1 10 12 1 1 10 12 1 1 8 10 12 1 1 8 8 100 1 1 1 5 0 1 3 1 1 3 1 1 1 1 1 1 1 1 1 1 1 1 1 1 1 1 1 1 1 1 1 1 1 1 1 1 1 1 1 1 1 1 1 1 1 1 1 1 1 1 1 1 1 1 1 1 1 1 1 1 1 1 1 1 1 1 1 1 1 1 1 1 1 1 1 1 1 1 1 1 100 1 1 1 1 1 1 1 1 1 1 100 1 1 1 1 1 1 1
staticfield java/util/concurrent/locks/AbstractQueuedSynchronizer U Ljdk/internal/misc/Unsafe; jdk/internal/misc/Unsafe
staticfield java/util/concurrent/locks/AbstractQueuedSynchronizer STATE J 16
staticfield java/util/concurrent/locks/AbstractQueuedSynchronizer HEAD J 20
staticfield java/util/concurrent/locks/AbstractQueuedSynchronizer TAIL J 24
instanceKlass java/util/concurrent/locks/ReentrantLock$NonfairSync
ciInstanceKlass java/util/concurrent/locks/ReentrantLock$Sync 1 1 127 10 7 12 1 1 1 10 7 12 1 1 1 10 7 12 1 1 1 10 12 1 1 10 12 1 1 10 12 1 100 1 8 1 10 12 1 10 12 1 1 10 12 1 1 10 12 1 10 12 1 100 1 10 10 12 1 10 12 1 1 100 1 10 7 1 10 12 1 10 12 1 10 100 12 1 1 1 1 1 5 0 1 1 1 1 1 1 1 1 1 1 1 1 1 1 1 1 1 1 1 1 1 1 1 1 1 1 1 1 1 1 1 1 1 100 1 100 1 1 1 1 100 1 1 1 1
ciInstanceKlass java/util/concurrent/locks/ReentrantLock$NonfairSync 1 1 69 10 7 12 1 1 1 10 7 12 1 1 1 10 7 12 1 1 1 10 12 1 1 10 12 1 10 12 1 1 100 1 8 1 10 12 1 10 12 1 1 1 1 1 5 0 1 1 1 1 1 1 1 1 1 1 1 1 1 1 1 1 1 1 100 1 1 1 1
ciMethod java/util/concurrent/locks/ReentrantLock$Sync isHeldExclusively ()Z 512 0 5380 0 128
ciMethod java/util/concurrent/locks/AbstractQueuedSynchronizer tryAcquireShared (I)I 0 0 1 0 -1
ciMethod java/util/concurrent/locks/AbstractQueuedSynchronizer tryAcquire (I)Z 0 0 1 0 -1
ciMethod java/util/concurrent/locks/ReentrantLock$Sync tryRelease (I)Z 204 0 7270 0 224
ciMethod java/util/concurrent/locks/ReentrantLock$Sync initialTryLock ()Z 0 0 1 0 -1
ciMethod java/util/concurrent/locks/AbstractQueuedSynchronizer isHeldExclusively ()Z 0 0 1 0 -1
ciMethod java/util/concurrent/locks/AbstractQueuedSynchronizer tryRelease (I)Z 0 0 1 0 -1
ciMethod java/util/concurrent/locks/AbstractQueuedSynchronizer enqueue (Ljava/util/concurrent/locks/AbstractQueuedSynchronizer$Node;)V 270 4 135 0 -1
ciMethod java/util/concurrent/locks/AbstractQueuedSynchronizer isEnqueued (Ljava/util/concurrent/locks/AbstractQueuedSynchronizer$Node;)Z 20 0 135 0 0
ciMethod java/util/concurrent/locks/AbstractQueuedSynchronizer getState ()I 256 0 128 0 0
ciMethod java/util/concurrent/locks/AbstractQueuedSynchronizer release (I)Z 204 0 23470 0 384
ciMethod java/util/concurrent/locks/AbstractQueuedSynchronizer acquire (Ljava/util/concurrent/locks/AbstractQueuedSynchronizer$Node;IZZZJ)I 112 18 1203 0 -1
ciMethod java/util/concurrent/locks/AbstractQueuedSynchronizer tryInitializeHead ()V 8 0 7 0 -1
ciMethod java/util/concurrent/locks/AbstractQueuedSynchronizer casTail (Ljava/util/concurrent/locks/AbstractQueuedSynchronizer$Node;Ljava/util/concurrent/locks/AbstractQueuedSynchronizer$Node;)Z 68 0 140 0 -1
ciMethod java/util/concurrent/locks/AbstractQueuedSynchronizer cleanQueue ()V 0 0 1 0 -1
ciMethod java/util/concurrent/locks/AbstractQueuedSynchronizer cancelAcquire (Ljava/util/concurrent/locks/AbstractQueuedSynchronizer$Node;ZZ)I 0 0 1 0 -1
ciMethod java/util/concurrent/locks/AbstractQueuedSynchronizer signalNextIfShared (Ljava/util/concurrent/locks/AbstractQueuedSynchronizer$Node;)V 2 0 1 0 -1
ciMethod java/util/concurrent/locks/AbstractQueuedSynchronizer signalNext (Ljava/util/concurrent/locks/AbstractQueuedSynchronizer$Node;)V 4106 0 8722 0 160
ciMethod java/util/concurrent/locks/AbstractQueuedSynchronizer setState (I)V 256 0 128 0 0
ciMethod java/util/concurrent/locks/AbstractQueuedSynchronizer compareAndSetState (II)Z 1024 0 1541 0 96
ciMethod java/util/concurrent/locks/AbstractQueuedSynchronizer acquireInterruptibly (I)V 0 0 1 0 -1
instanceKlass java/lang/LiveStackFrameInfo
ciInstanceKlass java/lang/StackFrameInfo 1 1 132 10 7 12 1 1 1 9 7 12 1 1 1 9 7 1 9 12 1 1 11 7 12 1 1 1 9 12 1 1 11 12 1 1 10 12 1 1 10 100 12 1 1 1 10 12 1 11 12 1 11 12 1 1 11 12 1 10 12 1 1 9 12 1 1 10 12 1 1 10 100 12 1 1 10 12 1 1 11 12 1 1 10 12 1 9 12 1 1 10 12 1 1 100 1 8 1 10 12 1 10 7 12 1 1 1 100 1 1 1 1 1 1 1 1 1 1 1 1 1 1 1 1 1 1 100 1 1 1 1 1 1
staticfield java/lang/StackFrameInfo JLIA Ljdk/internal/access/JavaLangInvokeAccess; java/lang/invoke/MethodHandleImpl$1
ciInstanceKlass java/lang/LiveStackFrameInfo 0 0 97 10 100 12 1 1 1 9 100 12 1 1 1 9 12 1 9 12 1 9 12 1 9 12 1 1 100 1 10 12 1 1 10 12 1 8 1 10 12 1 1 8 1 8 1 8 1 10 100 1 10 12 1 100 1 10 12 1 100 1 100 1 1 1 3 1 3 1 1 1 1 1 1 1 1 1 1 1 1 1 1 1 1 1 1 1 1 1 1 1 1 1 1 1 100 1 1
ciMethod java/util/concurrent/locks/AbstractOwnableSynchronizer setExclusiveOwnerThread (Ljava/lang/Thread;)V 262 0 131 0 0
ciMethod java/util/concurrent/locks/AbstractOwnableSynchronizer getExclusiveOwnerThread ()Ljava/lang/Thread; 256 0 128 0 0
ciInstanceKlass java/lang/Character 1 1 576 7 1 100 1 100 1 9 12 1 1 8 1 9 12 1 1 100 1 9 12 1 1 10 100 12 1 1 1 10 100 12 1 1 1 10 100 12 1 1 1 10 7 12 1 1 1 9 7 12 1 1 1 10 12 1 10 12 1 1 10 12 1 1 10 100 12 1 1 10 12 1 1 3 3 3 3 3 10 12 1 1 10 12 1 3 11 7 12 1 1 1 11 12 1 1 10 12 1 1 10 12 1 1 100 1 10 10 12 1 3 10 12 1 1 10 12 1 10 12 1 1 100 1 8 1 10 12 1 1 10 12 1 10 12 1 10 12 1 10 12 1 10 12 1 1 10 12 1 10 7 12 1 1 10 10 12 1 10 10 12 1 10 12 1 1 10 12 1 10 10 12 1 10 12 1 10 12 1 10 12 1 10 12 1 10 12 1 10 12 1 10 12 10 10 12 10 10 12 1 10 10 12 1 10 10 12 1 10 10 12 1 10 10 12 1 10 10 12 1 10 10 12 1 1 10 10 12 1 10 5 0 10 12 1 10 12 1 10 10 12 1 10 10 12 1 1 10 10 12 1 10 10 12 1 9 12 1 1 100 1 10 10 12 1 10 12 1 1 3 10 100 12 1 1 1 10 12 1 10 100 12 1 1 100 1 10 10 12 1 1 10 12 1 1 10 12 1 1 8 1 10 12 1 9 100 12 1 1 1 10 12 1 10 10 12 1 10 12 1 1 10 12 1 10 10 12 1 1 10 10 12 1 1 100 1 8 1 10 12 1 1 10 7 12 1 1 1 8 1 10 12 1 1 9 12 1 1 100 1 100 1 100 1 1 1 1 3 1 3 1 3 1 3 1 1 1 1 1 3 1 1 3 1 3 1 3 1 3 1 3 1 3 1 3 1 3 1 3 1 3 1 3 1 3 1 3 1 3 1 3 1 3 1 3 1 3 1 3 1 3 1 3 1 3 1 3 1 3 1 3 1 3 1 3 1 3 1 1 1 1 1 1 1 1 1 1 1 1 1 1 1 1 1 1 1 3 1 1 1 1 1 1 1 3 1 1 3 1 1 1 1 1 3 1 1 5 0 1 1 1 1 1 1 1 1 1 1 1 1 1 1 1 1 1 1 1 1 1 1 1 1 1 1 1 1 1 1 1 1 1 1 1 1 1 1 1 1 1 1 1 1 1 1 1 1 1 1 1 1 1 1 1 1 1 1 1 1 1 1 1 1 1 1 1 1 1 1 1 1 1 1 1 1 1 1 1 1 1 1 1 1 1 1 1 1 1 100 1 100 1 1 1 1 1 1
staticfield java/lang/Character TYPE Ljava/lang/Class; java/lang/Class
staticfield java/lang/Character $assertionsDisabled Z 1
ciInstanceKlass java/lang/Float 1 1 223 7 1 100 1 10 100 12 1 1 1 10 100 12 1 1 1 4 100 1 10 12 1 1 10 12 1 1 8 1 8 1 10 100 12 1 1 1 10 12 1 1 10 12 1 1 10 4 4 4 10 7 12 1 1 9 12 1 1 10 12 1 1 10 12 1 10 12 1 10 12 1 1 10 12 1 10 12 1 3 10 12 1 1 10 12 1 1 10 12 1 10 100 12 1 1 1 10 12 1 1 10 12 1 1 8 1 10 7 12 1 1 1 9 12 1 1 100 1 100 1 100 1 1 1 1 1 4 1 1 1 4 1 1 3 1 3 1 3 1 3 1 1 1 1 5 0 1 1 1 1 1 1 1 1 1 1 100 1 1 1 1 1 1 1 1 1 1 1 1 1 3 1 1 1 1 1 1 1 1 1 1 1 1 1 1 1 1 1 1 1 1 1 1 1 1 1 1 1 1 1 1 1 1 1 1 1 1 1 1 100 1 1 1 1 1 1 1 100 1 100 1 1
staticfield java/lang/Float TYPE Ljava/lang/Class; java/lang/Class
instanceKlass java/math/BigDecimal
instanceKlass java/math/BigInteger
instanceKlass java/util/concurrent/atomic/Striped64
instanceKlass java/util/concurrent/atomic/AtomicLong
instanceKlass java/util/concurrent/atomic/AtomicInteger
instanceKlass java/lang/Long
instanceKlass java/lang/Integer
instanceKlass java/lang/Short
instanceKlass java/lang/Byte
instanceKlass java/lang/Double
instanceKlass java/lang/Float
ciInstanceKlass java/lang/Number 1 1 37 10 7 12 1 1 1 10 100 12 1 1 1 100 1 1 1 1 5 0 1 1 1 1 1 1 1 1 1 1 1 1 1 1 1 1 1
ciInstanceKlass java/lang/Double 1 1 285 7 1 100 1 10 7 12 1 1 1 10 12 1 1 10 12 1 100 1 10 12 1 1 10 100 12 1 1 1 6 0 8 1 10 12 1 1 8 1 10 12 1 1 8 1 6 0 10 12 1 1 100 1 5 0 5 0 8 1 8 1 10 100 12 1 1 1 10 100 12 1 1 1 8 1 10 12 1 1 8 1 8 1 8 1 10 12 1 1 10 12 1 10 12 1 1 10 12 1 10 12 1 10 12 1 1 10 12 1 10 6 0 6 0 6 0 10 7 12 1 1 9 12 1 1 10 12 1 10 12 1 10 12 1 10 12 1 5 0 10 12 1 1 10 12 1 10 12 1 10 100 12 1 1 1 10 12 1 1 10 12 1 1 8 1 10 7 12 1 1 1 9 12 1 1 100 1 100 1 100 1 1 1 1 1 6 0 1 1 1 6 0 1 1 3 1 3 1 3 1 3 1 1 1 1 5 0 1 1 1 1 1 1 1 1 1 1 1 1 1 1 1 1 100 1 1 1 1 1 1 1 1 1 1 1 1 3 1 1 1 1 1 1 1 1 1 1 1 1 1 1 1 1 1 1 1 1 1 1 1 1 1 1 1 1 1 1 1 1 1 1 100 1 1 1 1 1 1 1 100 1 100 1 1
staticfield java/lang/Double TYPE Ljava/lang/Class; java/lang/Class
ciInstanceKlass java/lang/Byte 1 1 215 7 1 100 1 10 100 12 1 1 1 9 12 1 1 8 1 9 12 1 1 100 1 10 12 1 1 10 12 1 1 10 100 12 1 1 1 10 100 12 1 1 1 9 7 12 1 1 1 10 12 1 1 100 1 100 1 10 12 1 1 8 1 10 12 1 1 8 1 10 12 1 10 12 1 10 12 1 10 12 1 1 10 12 1 10 12 1 10 12 1 1 10 8 1 8 1 10 7 1 9 12 1 1 10 12 1 10 12 1 1 10 12 1 1 10 12 1 1 10 12 1 5 0 10 12 1 1 8 1 10 7 12 1 1 1 9 12 1 1 100 1 100 1 1 1 3 1 3 1 1 1 1 3 1 3 1 1 5 0 1 1 1 1 1 1 1 1 1 1 1 1 1 1 1 1 1 1 1 1 1 1 1 1 1 1 1 1 1 1 1 1 1 1 1 1 1 1 1 1 1 1 1 1 1 1 1 1 1 1 1 1 1 1 1
staticfield java/lang/Byte TYPE Ljava/lang/Class; java/lang/Class
ciInstanceKlass java/lang/Short 1 1 224 7 1 100 1 100 1 10 100 12 1 1 1 10 12 1 1 100 1 100 1 10 12 1 1 8 1 10 12 1 1 8 1 10 12 1 10 12 1 10 12 1 10 12 1 1 10 12 1 1 10 12 1 9 12 1 1 8 1 9 12 1 1 100 1 10 12 1 1 10 12 1 10 100 12 1 1 1 10 100 12 1 1 1 9 7 12 1 1 1 10 12 1 10 12 1 1 10 8 1 8 1 10 7 1 9 12 1 1 10 12 1 10 12 1 1 10 12 1 1 10 12 1 1 10 12 1 3 3 5 0 10 12 1 1 8 1 10 7 12 1 1 1 9 12 1 1 100 1 100 1 1 1 3 1 3 1 1 1 1 3 1 3 1 1 5 0 1 1 1 1 1 1 1 1 1 1 1 1 1 1 1 1 1 1 1 1 1 1 1 1 1 1 1 3 1 1 1 1 1 1 1 1 1 1 1 1 1 1 1 1 1 1 1 1 1 1 1 1 1 1 1 1 1
staticfield java/lang/Short TYPE Ljava/lang/Class; java/lang/Class
ciInstanceKlass java/lang/Integer 1 1 445 7 1 100 1 7 1 7 1 10 12 1 1 9 12 1 1 9 12 1 1 10 7 12 1 1 1 10 12 1 1 10 100 12 1 1 1 10 10 12 1 1 10 100 12 1 1 1 10 12 1 10 12 1 1 10 7 12 1 1 1 10 12 1 1 10 12 1 1 10 12 1 10 12 1 10 12 1 1 10 10 12 1 9 12 1 1 9 12 1 7 1 8 1 10 12 1 100 1 10 12 1 8 1 10 12 1 1 10 12 1 8 1 10 12 1 8 1 10 12 1 1 3 10 12 1 1 3 10 12 1 1 10 12 1 1 10 7 12 1 1 1 11 7 1 100 1 10 11 10 12 1 1 8 1 10 12 1 1 8 1 100 1 10 12 1 1 10 12 1 1 5 0 8 1 10 12 1 10 12 1 10 12 1 10 12 1 1 7 1 9 12 1 1 9 12 1 1 10 12 1 10 7 1 9 12 1 10 12 1 10 12 1 10 12 1 1 10 7 12 1 1 1 100 1 100 1 10 12 1 1 10 12 1 1 8 1 8 1 10 12 1 1 8 1 8 1 8 1 8 1 8 1 8 1 10 12 1 10 12 1 10 12 1 5 0 3 3 3 3 10 12 1 3 10 12 1 10 100 12 1 1 1 10 12 1 1 10 12 1 1 8 1 10 7 12 1 1 1 9 12 1 1 3 3 3 3 3 3 9 12 1 1 100 1 100 1 100 1 1 1 1 1 1 1 3 1 3 1 1 5 0 1 1 1 1 1 1 1 1 1 100 1 1 1 1 1 1 1 1 1 1 1 1 1 1 1 1 1 1 1 1 1 1 1 1 1 1 1 1 1 1 1 1 1 1 1 1 1 1 1 3 1 1 1 1 1 1 1 1 1 1 1 1 1 1 1 1 100 1 1 1 1 1 1 1 1 1 1 1 1 1 1 1 1 1 1 1 1 1 1 1 1 1 1 1 1 1 1 1 7 1 1 1 1 1 1 1 1 1 100 1 100 1 1
staticfield java/lang/Integer TYPE Ljava/lang/Class; java/lang/Class
staticfield java/lang/Integer digits [C 36
staticfield java/lang/Integer DigitTens [B 100
staticfield java/lang/Integer DigitOnes [B 100
staticfield java/lang/Integer sizeTable [I 10
ciInstanceKlass java/lang/Long 1 1 506 7 1 100 1 7 1 7 1 10 12 1 1 9 12 1 1 9 7 12 1 1 1 10 7 12 1 1 1 10 12 1 1 10 100 12 1 1 1 10 10 12 10 12 1 10 12 1 10 12 1 5 0 5 0 100 1 10 12 1 1 10 12 1 1 10 12 1 10 12 1 10 12 1 10 12 1 1 10 100 12 1 1 10 12 1 10 12 1 1 10 12 1 1 10 12 1 1 10 12 1 1 10 100 12 1 1 1 10 12 1 1 10 12 1 10 12 1 10 12 1 10 12 1 1 10 10 12 1 5 0 5 0 9 12 1 1 9 12 1 5 0 100 1 8 1 10 12 1 8 1 10 12 1 8 1 8 1 10 12 1 1 5 0 10 12 1 1 5 0 10 12 1 1 10 12 1 1 10 100 12 1 1 1 11 100 1 100 1 10 11 10 12 1 1 8 1 10 12 1 1 8 1 100 1 10 12 1 1 10 12 1 8 1 8 1 11 12 1 1 10 12 1 10 12 1 10 12 1 5 0 5 0 9 7 12 1 1 1 10 12 1 10 12 1 1 8 1 8 1 10 12 1 1 8 1 8 1 8 1 8 1 8 1 8 1 10 12 1 10 12 1 10 12 1 1 10 7 1 9 12 1 1 10 12 1 10 12 1 1 10 100 12 1 1 1 100 1 100 1 10 12 1 1 10 12 1 1 5 0 10 12 1 10 12 1 5 0 5 0 5 0 10 12 1 1 5 0 5 0 10 12 1 10 12 1 10 100 12 1 1 1 10 12 1 1 10 12 1 1 8 1 10 7 12 1 1 1 9 12 1 1 100 1 100 1 100 1 1 1 1 5 0 1 1 1 1 3 1 3 1 5 0 1 1 1 1 1 1 1 1 1 100 1 1 1 1 1 1 1 1 1 1 1 1 1 1 1 1 1 1 1 1 1 1 1 1 1 1 1 1 1 1 1 1 1 1 1 1 1 1 1 1 1 1 1 1 1 1 1 1 1 1 1 1 1 1 3 1 1 1 1 1 1 1 1 1 1 1 1 1 1 1 100 1 1 1 1 1 1 1 1 1 1 1 1 1 1 1 1 1 1 1 1 1 1 1 1 1 1 1 100 1 1 1 1 1 1 1 1 1 100 1 100 1 1
staticfield java/lang/Long TYPE Ljava/lang/Class; java/lang/Class
instanceKlass java/lang/ref/PhantomReference
instanceKlass java/lang/ref/FinalReference
instanceKlass java/lang/ref/WeakReference
instanceKlass java/lang/ref/SoftReference
ciInstanceKlass java/lang/ref/Reference 1 1 195 9 7 12 1 1 1 9 7 12 1 1 10 12 1 1 10 12 1 1 9 12 1 1 10 12 1 1 9 12 1 1 9 12 1 1 7 1 10 12 1 10 7 12 1 1 10 12 1 10 12 1 1 10 12 1 9 12 1 10 12 1 1 10 12 1 10 12 1 9 12 1 100 1 100 1 10 12 1 9 12 1 9 12 1 100 1 10 10 12 1 10 10 7 12 1 1 10 7 12 1 1 1 10 12 1 1 10 7 12 1 1 7 1 8 1 10 12 1 10 12 1 1 10 12 1 1 10 12 1 7 1 10 10 7 12 1 1 1 1 1 1 1 1 1 1 1 1 1 1 1 1 1 1 1 100 1 1 1 100 1 1 1 1 1 1 1 1 1 1 1 1 1 1 1 1 1 1 1 1 1 1 1 1 1 1 1 1 1 1 1 1 1 1 1
staticfield java/lang/ref/Reference processPendingLock Ljava/lang/Object; java/lang/Object
staticfield java/lang/ref/Reference $assertionsDisabled Z 1
instanceKlass org/hibernate/validator/internal/util/ConcurrentReferenceHashMap$SoftValueReference
instanceKlass org/hibernate/validator/internal/util/ConcurrentReferenceHashMap$SoftKeyReference
instanceKlass sun/util/locale/provider/LocaleResources$ResourceReference
instanceKlass sun/util/resources/Bundles$BundleReference
instanceKlass sun/security/util/MemoryCache$SoftCacheEntry
instanceKlass org/springframework/util/ConcurrentReferenceHashMap$SoftEntryReference
instanceKlass sun/util/locale/LocaleObjectCache$CacheEntry
instanceKlass java/lang/invoke/LambdaFormEditor$Transform
ciInstanceKlass java/lang/ref/SoftReference 1 1 47 10 7 12 1 1 1 9 7 12 1 1 1 9 12 1 10 12 1 10 12 1 1 1 1 1 1 1 1 1 1 1 1 1 1 1 1 1 1 1 1 100 1 1 1 1 1
instanceKlass java/beans/WeakIdentityMap$Entry
instanceKlass org/springframework/cglib/core/WeakCacheKey
instanceKlass java/util/logging/LogManager$LoggerWeakRef
instanceKlass java/util/logging/Level$KnownLevel
instanceKlass java/lang/WeakPairMap$WeakRefPeer
instanceKlass org/apache/commons/logging/impl/WeakHashtable$WeakKey
instanceKlass java/lang/ClassValue$Entry
instanceKlass java/lang/ThreadLocal$ThreadLocalMap$Entry
instanceKlass java/lang/invoke/MethodType$ConcurrentWeakInternSet$WeakEntry
instanceKlass java/util/WeakHashMap$Entry
ciInstanceKlass java/lang/ref/WeakReference 1 1 31 10 7 12 1 1 1 10 12 1 100 1 1 1 1 1 1 1 1 1 1 1 1 1 1 1 1 1 1 1 1
instanceKlass java/lang/ref/Finalizer
ciInstanceKlass java/lang/ref/FinalReference 1 1 47 10 7 12 1 1 1 10 7 12 1 1 1 10 12 1 1 100 1 8 1 10 12 1 1 1 1 1 1 1 1 1 1 1 1 1 1 1 1 1 1 1 1 1 1 1 1
ciInstanceKlass java/lang/ref/Finalizer 1 1 152 9 7 12 1 1 1 10 7 12 1 1 1 9 12 1 1 9 12 1 1 9 12 1 9 12 1 10 12 1 10 12 1 1 9 12 1 1 100 1 10 12 1 7 1 11 7 12 1 1 100 1 10 12 1 100 1 10 12 1 10 100 12 1 1 1 10 100 12 1 1 1 100 1 10 10 12 1 10 7 12 1 1 1 7 1 10 7 1 10 10 7 12 1 1 1 10 12 1 1 10 7 12 1 1 7 1 10 12 1 10 12 1 1 10 12 1 1 10 12 1 1 1 1 1 1 1 1 1 1 1 1 1 1 1 1 1 1 1 1 1 1 1 1 1 1 1 1 1 1 1 1
staticfield java/lang/ref/Finalizer lock Ljava/lang/Object; java/lang/Object
staticfield java/lang/ref/Finalizer $assertionsDisabled Z 1
instanceKlass jdk/internal/ref/PhantomCleanable
instanceKlass jdk/internal/ref/Cleaner
ciInstanceKlass java/lang/ref/PhantomReference 1 1 39 10 100 12 1 1 1 10 7 12 1 1 1 1 1 1 1 1 1 1 1 1 1 1 1 1 1 1 1 1 1 1 1 1 1 1 1 1 1
instanceKlass java/lang/reflect/Executable
instanceKlass java/lang/reflect/Field
ciInstanceKlass java/lang/reflect/AccessibleObject 1 1 398 10 7 12 1 1 1 9 100 12 1 1 1 10 100 12 1 1 1 10 7 12 1 1 10 7 12 1 1 1 10 7 12 1 1 1 10 12 1 1 10 12 1 1 9 12 1 1 100 1 10 7 12 1 1 1 11 12 1 100 1 10 12 1 7 1 100 1 10 12 1 10 12 1 1 7 1 10 7 12 1 1 1 10 12 1 1 7 1 10 12 1 1 100 1 10 10 10 7 12 1 1 1 10 12 1 1 10 12 1 10 12 1 10 12 1 1 10 12 1 8 1 100 1 10 10 12 1 1 8 1 10 12 1 10 12 1 8 1 8 1 8 1 8 1 8 1 8 1 100 1 10 12 1 10 12 1 9 12 1 1 10 12 1 1 10 12 1 10 11 100 1 100 1 8 1 10 10 12 1 10 12 1 1 8 1 10 12 1 8 1 10 12 1 1 10 100 1 8 1 10 11 7 12 1 1 10 12 1 1 10 12 1 1 10 12 1 1 9 12 1 1 100 1 10 12 1 7 1 10 12 1 10 12 1 1 10 100 1 10 12 1 10 12 10 12 1 10 12 1 1 10 12 1 10 12 1 1 10 12 1 9 12 1 10 100 12 1 1 8 1 10 100 12 1 1 1 8 1 10 100 12 1 1 1 9 12 1 100 1 10 7 1 10 10 7 12 1 1 1 7 1 10 10 7 12 1 1 1 7 1 9 12 1 1 1 1 1 1 1 1 1 1 1 1 1 1 1 1 1 1 1 1 1 1 1 1 1 1 1 1 1 1 1 1 1 1 1 1 1 1 1 1 1 1 1 1 1 1 1 1 1 1 1 1 1 1 1 1 1 1 1 1 1 1 1 1 1 1 1 1 1 1 1 1 1 1 1 1 1 1 1 1 1 1 1 1 1
staticfield java/lang/reflect/AccessibleObject reflectionFactory Ljdk/internal/reflect/ReflectionFactory; jdk/internal/reflect/ReflectionFactory
instanceKlass java/lang/reflect/Constructor
instanceKlass java/lang/reflect/Method
ciInstanceKlass java/lang/reflect/Executable 1 1 548 10 7 12 1 1 1 10 7 12 1 1 1 10 7 12 1 1 1 11 7 12 1 1 1 10 7 12 1 1 1 10 12 1 1 10 7 12 1 1 1 10 7 12 1 1 1 10 12 1 8 1 10 10 12 1 1 10 12 1 1 10 100 12 1 1 1 18 12 1 1 11 100 12 1 1 1 8 1 8 1 8 1 10 100 12 1 1 1 11 12 1 1 7 1 8 1 8 1 10 12 1 100 1 8 1 10 12 1 8 1 11 100 12 1 1 1 100 1 10 12 1 1 11 12 1 8 1 18 8 1 10 12 1 10 12 1 1 18 8 1 10 12 1 100 1 10 12 1 10 12 1 11 7 12 1 1 10 12 1 1 8 1 8 1 10 12 1 1 10 12 1 1 10 10 12 1 100 1 10 10 12 1 10 12 1 1 10 7 12 1 1 10 12 1 10 12 1 10 12 1 1 10 7 12 1 1 10 12 1 10 12 1 10 7 12 1 1 1 10 12 1 8 1 10 12 1 10 12 1 3 100 1 8 1 10 12 1 10 12 1 10 10 12 1 10 12 1 1 8 1 8 1 8 1 9 12 1 10 12 1 100 1 8 1 9 12 1 10 12 1 10 12 1 1 10 12 1 1 10 12 1 10 12 10 12 1 7 1 10 12 1 10 12 1 1 100 1 10 100 12 1 1 1 7 1 10 7 12 1 1 1 10 12 1 1 11 7 12 1 1 10 7 12 1 1 10 100 12 1 1 1 10 12 1 1 9 12 1 10 12 1 1 10 12 1 10 12 1 1 9 7 12 1 1 1 10 7 12 1 1 1 10 12 1 10 12 1 1 9 12 1 10 10 10 10 100 12 1 1 1 10 12 1 9 12 1 10 12 1 1 9 12 1 100 1 100 1 1 1 1 1 1 1 1 1 1 1 1 1 1 1 1 1 1 1 1 1 1 1 1 1 1 1 1 1 1 1 1 1 1 100 1 1 1 1 1 1 1 1 100 1 1 1 1 1 1 1 1 1 1 1 1 100 1 1 1 1 1 1 1 1 1 1 1 1 1 1 1 1 1 1 1 1 1 1 1 1 1 1 1 1 1 1 1 1 1 1 1 1 1 1 1 1 1 100 1 1 1 1 1 1 1 1 1 1 1 1 1 1 1 1 1 1 1 1 1 100 1 100 1 1 15 10 100 12 1 1 1 16 15 16 1 16 1 15 10 12 16 1 100 1 1 100 1 100 1 1
ciInstanceKlass java/lang/reflect/Constructor 1 1 429 10 7 12 1 1 1 10 7 12 1 1 9 7 12 1 1 1 10 12 1 1 10 12 1 1 10 7 12 1 1 9 12 1 1 10 7 12 1 1 1 9 12 1 1 9 12 1 1 9 12 1 9 12 1 1 9 12 1 9 12 1 1 9 12 1 1 9 12 1 100 1 8 1 10 12 1 10 12 1 9 12 1 1 10 7 12 1 1 10 7 12 1 1 1 10 12 1 1 10 12 1 1 10 12 1 7 1 100 1 8 1 10 10 12 1 10 12 1 10 12 1 1 10 12 1 1 100 1 10 7 12 1 1 10 12 1 1 10 12 1 10 12 1 1 10 7 12 1 1 1 10 100 12 1 1 10 12 1 1 10 12 1 10 100 12 1 1 1 8 1 10 10 12 1 100 1 8 1 10 12 1 10 12 1 1 10 12 1 1 10 12 1 10 12 1 10 12 1 1 10 12 1 1 9 12 1 1 10 12 1 1 10 12 1 1 10 12 1 8 1 10 12 1 1 11 7 12 1 1 1 10 12 1 1 10 12 1 10 12 1 9 12 1 1 10 7 12 1 1 1 10 12 1 1 10 12 1 1 10 12 1 1 10 12 1 1 10 12 1 9 100 12 1 1 10 12 1 10 12 1 10 12 1 100 1 8 1 10 10 12 1 1 10 12 1 10 10 12 1 1 10 12 1 1 10 100 12 1 1 1 11 100 12 1 1 1 10 12 1 1 9 100 12 1 1 1 10 100 12 1 1 1 10 12 1 1 1 1 1 1 1 1 1 1 1 1 1 1 1 1 1 1 1 1 1 1 1 1 1 1 1 1 1 1 1 1 1 1 1 1 1 1 1 1 1 1 1 1 1 1 1 1 1 1 1 100 1 100 1 100 1 100 1 1 1 1 1 1 1 1 1 1 1 1 1 1 1 1 1 1 1 1 1 1 1 1 1 1 1 1 1 1 1 1 1 100 1 1
ciInstanceKlass java/lang/reflect/Method 1 1 446 9 7 12 1 1 1 10 7 12 1 1 1 10 7 12 1 1 9 12 1 1 10 12 1 1 10 12 1 1 10 7 12 1 1 10 7 12 1 1 1 9 12 1 1 9 12 1 9 12 1 1 9 12 1 9 12 1 9 12 1 1 9 12 1 9 12 1 1 9 12 1 9 12 1 9 12 1 1 100 1 8 1 10 12 1 10 12 1 9 12 1 1 8 1 10 7 12 1 1 10 7 12 1 1 1 10 12 1 1 10 12 1 1 10 12 1 10 12 1 1 10 12 1 1 7 1 10 12 1 1 10 12 10 7 12 1 1 10 12 1 1 10 12 1 10 12 1 10 12 1 10 7 12 1 1 1 10 12 1 1 10 7 1 10 7 12 1 1 1 10 7 12 1 1 10 12 1 1 10 12 1 1 10 12 1 10 7 12 1 1 1 10 12 1 10 8 1 10 12 1 10 12 1 7 1 8 1 8 1 8 1 10 12 1 10 12 1 1 10 12 1 1 10 10 12 1 1 10 12 1 11 100 1 9 12 1 1 10 12 1 1 10 12 1 10 12 1 1 10 12 1 1 11 7 12 1 1 1 10 12 1 10 12 1 10 12 1 10 12 1 10 12 1 9 12 1 1 10 7 12 1 1 1 10 12 1 1 10 7 12 1 1 1 10 7 12 1 1 1 10 7 12 1 1 1 11 7 12 1 1 1 10 7 12 1 1 1 7 1 100 1 100 1 10 12 1 10 12 1 1 10 12 1 100 1 8 1 10 12 1 10 10 12 1 1 10 12 1 1 10 12 1 1 10 12 1 1 8 1 10 12 1 1 1 1 1 1 1 1 1 1 1 1 1 1 1 1 1 1 1 1 1 1 1 1 1 1 1 1 1 1 1 1 1 1 1 1 1 1 1 1 1 1 1 1 1 1 1 1 1 1 1 1 1 100 1 100 1 100 1 1 1 1 1 1 1 1 1 1 1 1 1 1 1 1 1 1 1 1 1 1 1 1 1 1
ciInstanceKlass java/lang/reflect/Field 1 1 437 9 7 12 1 1 1 10 12 1 1 10 7 12 1 1 1 10 7 12 1 1 9 12 1 1 10 12 1 1 10 12 1 1 10 7 12 1 1 10 7 12 1 1 1 9 12 1 1 9 12 1 9 12 1 9 12 1 1 9 12 1 1 9 12 1 9 12 1 1 9 12 1 1 100 1 8 1 10 12 1 10 12 1 9 12 1 1 9 12 1 10 12 1 10 7 12 1 1 10 12 1 1 10 12 1 1 10 12 1 10 12 1 1 7 1 10 12 1 1 10 12 1 1 10 12 1 1 10 12 1 10 12 1 10 7 1 10 7 12 1 1 100 1 10 8 1 10 12 1 1 10 12 1 1 8 1 10 12 10 12 1 8 1 8 1 10 11 100 1 9 12 1 10 12 1 1 10 12 1 1 11 7 12 1 1 1 11 12 1 1 11 12 1 1 11 12 1 1 11 12 1 1 11 12 1 1 11 12 1 1 11 12 1 1 11 12 1 1 11 12 1 1 11 12 1 1 11 12 1 1 11 12 1 1 11 12 1 1 11 12 1 1 11 12 1 1 11 12 1 1 11 12 1 1 10 12 1 10 100 12 1 1 10 12 1 10 12 1 1 10 12 9 12 1 1 10 7 12 1 1 1 10 12 1 1 10 7 12 1 1 10 12 1 1 11 7 1 10 12 1 100 1 10 100 12 1 1 1 10 7 12 1 1 1 9 12 1 10 7 12 1 1 1 11 7 12 1 1 1 10 12 1 1 10 12 1 1 9 7 12 1 1 1 10 7 12 1 1 1 10 12 1 1 100 1 1 1 1 1 1 1 1 1 1 1 1 1 1 1 1 1 1 1 1 1 1 1 1 1 1 1 1 1 1 1 1 1 1 1 100 1 1 1 1 1 1 1 1 1 1 1 1 1 1 1 1 1 1 1 1 1 1 1 1 1 1 1 1 1 1 1 1 1 1 100 1 1 1 1 1 1 1 1 100 1 1
ciInstanceKlass java/lang/reflect/Parameter 1 1 226 10 7 12 1 1 1 9 7 12 1 1 1 9 12 1 1 9 12 1 1 9 12 1 10 12 1 1 10 12 1 1 10 7 12 1 1 1 100 1 10 10 12 1 1 11 100 12 1 1 1 10 12 1 10 7 12 1 1 1 10 12 1 1 10 12 1 10 12 1 8 1 8 1 10 7 12 1 1 1 10 12 1 10 12 10 12 1 8 1 10 12 1 9 12 1 1 10 12 1 1 9 12 1 1 10 12 1 1 10 12 1 1 10 12 1 1 10 12 1 10 10 12 1 10 7 12 1 1 1 10 12 1 1 11 7 12 1 1 10 7 12 1 1 7 1 10 100 12 1 1 1 10 12 1 1 10 12 1 1 10 12 1 1 10 12 1 1 9 12 1 7 1 10 11 12 1 1 11 12 1 1 100 1 1 1 1 1 1 1 1 1 1 1 1 1 1 1 1 1 1 1 1 1 1 1 1 1 1 1 1 1 1 1 1 1 1 1 1 1 1 100 1 1 1 1
ciInstanceKlass java/lang/StringBuffer 1 1 470 10 7 12 1 1 1 10 12 1 10 12 1 10 12 1 1 9 7 12 1 1 1 10 12 1 1 10 12 1 10 12 1 1 9 12 1 1 10 12 1 10 12 1 1 10 12 1 1 10 12 1 10 12 1 1 10 12 1 10 12 1 1 10 12 1 1 10 100 12 1 1 1 10 12 1 1 10 12 1 10 12 1 10 12 1 10 12 1 10 12 1 10 12 1 10 12 1 10 12 1 10 12 1 10 12 1 10 12 1 10 12 1 10 12 1 10 12 1 1 10 12 1 10 12 1 1 10 12 1 1 10 10 12 1 1 10 12 1 10 12 1 10 12 1 10 12 1 10 12 1 10 12 1 10 12 10 12 1 10 12 1 10 12 1 10 12 1 1 10 12 1 10 12 1 10 10 12 1 1 10 12 1 1 9 12 1 1 10 7 12 1 1 1 10 7 1 10 10 100 12 1 1 1 10 10 12 1 10 8 10 100 12 1 1 1 8 10 12 1 8 1 10 12 1 10 12 1 10 100 12 1 1 1 10 100 12 1 1 1 7 1 10 12 100 1 8 1 10 10 12 1 1 10 12 1 1 10 12 1 1 10 12 1 10 12 1 10 12 1 10 12 1 10 12 1 10 12 1 10 12 1 10 12 1 10 12 1 10 12 1 10 12 1 10 12 1 10 12 1 10 12 1 10 12 1 10 12 1 10 12 10 12 10 12 1 10 12 1 10 12 1 10 12 10 12 1 10 12 1 10 12 1 10 12 1 10 12 1 10 12 1 10 12 1 10 12 1 10 12 1 10 12 1 10 12 1 7 1 10 12 1 9 7 12 1 1 1 9 7 1 9 12 1 1 100 1 100 1 100 1 1 1 1 5 0 1 1 1 1 1 1 1 1 1 1 1 1 1 1 1 1 1 1 1 1 1 1 1 1 1 1 1 1 1 1 1 1 1 1 1 1 1 1 1 1 1 1 1 1 1 1 1 1 1 1 1 1 1 1 1 1 1 1 1 1 100 1 1 1 1 1 100 1 1 1 1 1 1 1 1 1 1 1 1 1 1 1 1 1
staticfield java/lang/StringBuffer serialPersistentFields [Ljava/io/ObjectStreamField; 3 [Ljava/io/ObjectStreamField;
instanceKlass java/lang/StringBuilder
instanceKlass java/lang/StringBuffer
ciInstanceKlass java/lang/AbstractStringBuilder 1 1 547 7 1 7 1 10 7 12 1 1 1 9 7 12 1 1 1 9 12 1 9 12 1 1 9 12 1 1 10 7 12 1 1 1 10 12 1 1 3 3 10 12 1 10 12 1 1 11 7 1 100 1 100 1 10 8 1 10 12 1 10 12 1 10 12 1 1 10 12 1 10 12 1 10 12 1 9 12 1 1 10 12 1 1 10 7 12 1 1 1 10 10 12 1 10 12 1 10 12 1 1 10 12 1 1 10 7 12 1 1 1 10 7 12 1 1 1 100 1 8 1 10 10 12 1 1 100 1 10 12 10 12 1 1 10 10 12 1 1 10 12 1 1 10 12 1 1 10 12 1 1 100 1 10 10 12 1 10 7 12 1 1 1 10 12 1 1 10 12 1 10 12 1 1 10 10 12 1 1 10 12 10 12 1 10 12 1 1 10 12 1 1 10 12 1 1 10 12 1 10 10 12 1 1 10 12 1 10 12 1 1 8 1 10 12 1 1 10 12 1 10 12 1 10 12 1 10 12 1 10 12 1 10 12 1 10 7 12 1 1 10 12 1 10 12 1 10 7 12 1 1 1 10 12 1 10 12 1 10 12 1 10 12 1 10 12 1 1 10 12 1 10 12 1 1 10 12 1 1 10 10 7 12 1 1 1 10 12 1 10 12 1 10 12 1 1 10 12 1 10 12 1 10 12 1 10 12 1 10 12 1 10 12 1 10 12 1 10 12 1 10 12 1 1 10 12 1 10 12 1 10 12 10 12 1 1 18 12 1 1 100 1 10 100 12 1 1 1 18 10 12 1 1 10 12 1 10 12 1 1 11 12 1 10 12 1 10 12 1 10 10 12 1 10 8 1 8 1 8 1 10 10 100 1 10 12 1 100 1 10 100 1 10 100 1 1 1 3 1 1 1 1 1 1 1 1 1 1 100 1 1 1 1 1 1 1 1 1 1 1 1 1 1 1 1 1 1 1 1 1 1 1 1 1 1 1 1 1 1 1 1 1 1 1 1 1 1 1 1 1 1 1 1 1 1 1 1 1 1 1 1 1 1 1 1 1 1 1 1 1 1 1 1 1 1 1 1 1 1 1 1 1 1 1 1 1 1 1 1 1 1 1 1 1 1 1 1 1 1 1 1 1 1 1 1 1 100 1 1 100 1 1 1 1 1 100 1 1 1 1 1 1 15 10 100 12 1 1 1 16 1 15 10 12 16 15 10 12 1 1 1 1 100 1 100 1 1
staticfield java/lang/AbstractStringBuilder EMPTYVALUE [B 0
instanceKlass javax/crypto/JceSecurityManager
ciInstanceKlass java/lang/SecurityManager 1 1 576 10 7 12 1 1 1 9 7 12 1 1 1 10 7 12 1 1 1 100 1 8 1 10 12 1 10 12 1 1 10 100 12 1 1 1 10 100 1 10 100 1 10 9 100 12 1 1 1 10 7 12 1 1 1 10 12 1 1 10 7 12 1 1 100 1 8 1 10 9 12 1 1 9 12 1 8 1 9 12 1 100 1 10 8 1 10 12 1 1 10 12 1 10 12 1 1 100 1 10 10 12 1 1 100 1 8 1 10 12 1 8 1 8 1 8 1 8 1 8 1 8 1 10 12 1 8 1 8 1 8 1 8 1 8 1 10 100 12 1 1 1 10 12 1 1 8 1 100 1 8 1 10 8 1 8 1 8 1 8 1 8 1 10 100 12 1 1 8 1 100 1 8 1 8 1 10 8 1 10 12 1 100 1 8 1 10 10 12 1 1 10 12 1 10 12 1 10 12 1 10 7 12 1 1 1 10 12 1 10 7 12 1 1 11 7 12 1 1 1 18 12 1 1 11 7 12 1 1 1 18 12 1 1 11 12 1 1 18 18 11 12 1 18 12 1 11 12 1 1 9 12 1 1 9 12 1 9 12 1 9 12 1 7 1 10 7 12 1 1 10 12 1 10 12 1 18 12 1 18 10 7 12 1 1 1 18 12 1 10 12 1 18 18 8 1 10 12 1 9 12 1 1 11 7 12 1 1 1 8 1 100 1 10 12 1 10 12 1 1 10 12 1 1 9 12 1 1 10 12 1 10 12 1 1 8 1 100 1 10 9 12 1 8 1 10 12 1 8 1 100 1 10 10 7 12 1 1 10 7 1 9 7 12 1 1 1 11 12 1 1 10 12 1 11 12 1 10 12 1 7 1 10 10 12 1 1 10 12 1 1 1 1 1 1 1 1 1 1 1 100 1 1 1 1 1 1 1 1 1 1 1 1 1 1 1 1 1 1 1 1 1 1 1 1 1 1 1 1 1 1 1 1 1 1 1 1 1 1 1 1 1 1 1 1 1 1 1 1 1 1 1 1 1 1 1 1 3 1 1 1 1 1 1 1 1 1 1 100 1 1 1 1 1 1 1 1 1 1 1 1 1 1 1 1 1 1 1 1 1 1 1 1 1 1 1 1 1 1 1 1 1 1 1 1 1 1 15 10 7 12 1 1 1 16 15 10 7 12 1 1 1 16 1 16 15 10 12 16 1 15 10 12 16 15 11 7 1 16 1 16 1 15 10 12 16 15 10 12 16 15 10 12 1 16 1 15 11 12 1 15 10 12 16 15 10 16 1 1 1 1 100 1 100 1 1
staticfield java/lang/SecurityManager packageAccessLock Ljava/lang/Object; java/lang/Object
staticfield java/lang/SecurityManager packageDefinitionLock Ljava/lang/Object; java/lang/Object
staticfield java/lang/SecurityManager nonExportedPkgs Ljava/util/Map; java/util/concurrent/ConcurrentHashMap
ciInstanceKlass java/security/AccessControlContext 1 1 373 9 7 12 1 1 1 9 12 1 1 10 100 12 1 1 1 8 1 10 100 12 1 1 1 10 7 12 1 1 1 9 12 1 9 12 1 1 9 12 1 1 10 7 12 1 1 100 1 10 12 1 11 100 12 1 1 1 11 12 1 11 12 1 11 12 1 1 7 1 11 12 1 1 10 12 1 10 7 12 1 1 1 9 100 12 1 1 1 10 100 12 1 1 1 11 100 12 1 1 1 10 7 1 100 1 8 1 10 12 1 10 12 1 1 7 1 10 7 12 1 1 1 9 12 1 9 12 1 9 12 1 9 12 1 1 9 12 1 1 9 12 1 9 12 1 10 7 12 1 1 1 9 12 1 10 12 1 1 10 12 1 1 8 1 10 12 1 1 10 12 1 1 10 100 12 1 1 1 100 1 10 10 12 1 1 10 100 12 1 1 1 10 8 1 10 100 12 1 1 8 1 10 100 12 1 1 8 1 8 1 10 12 1 8 1 10 12 1 8 1 10 12 1 10 12 1 10 12 1 1 8 1 8 1 100 1 10 12 1 10 12 1 1 100 1 10 12 1 8 1 10 12 1 10 12 1 10 8 1 10 12 1 1 10 12 1 1 10 12 1 1 10 12 1 1 10 12 1 10 12 1 10 12 1 10 12 1 1 10 10 10 12 1 1 1 1 1 1 1 1 1 1 1 1 1 1 1 1 1 1 1 1 1 1 1 1 100 1 1 1 1 1 1 1 1 1 1 1 1 1 1 1 1 1 1 1 1 1 1 1 1 1 1 1 1 1 1 1 1 1 1 1 1 1 1 1 1 1 1 1 1 1 1 1 1 1 1 1 1 3 1 1
ciInstanceKlass java/net/URL 1 1 743 10 7 12 1 1 1 10 12 1 10 7 12 1 1 9 12 1 1 9 12 1 10 7 12 1 1 1 10 12 1 1 10 12 1 1 9 12 1 1 10 7 12 1 1 1 8 1 10 12 1 1 7 1 10 10 12 1 1 8 1 10 12 1 1 9 12 1 7 1 8 1 10 12 1 10 12 1 8 1 9 12 1 10 12 1 1 9 12 1 10 12 1 10 12 1 9 12 1 9 12 1 8 1 9 12 1 10 12 1 1 8 1 9 12 1 1 10 12 1 1 10 7 12 1 1 1 8 1 10 12 1 7 1 10 12 1 10 12 1 10 12 1 10 12 1 1 10 12 1 1 8 1 10 12 1 1 10 12 1 8 1 9 12 1 8 1 10 12 1 10 7 12 1 1 1 100 1 10 12 1 10 12 1 1 10 7 12 1 1 1 7 1 8 1 10 10 12 1 8 1 10 12 1 1 10 12 1 10 12 1 10 12 1 10 12 1 10 12 1 8 1 10 12 1 10 10 7 12 1 1 1 10 12 1 9 100 12 1 1 1 10 100 12 1 1 1 9 12 1 1 10 12 1 10 100 12 1 1 1 100 1 100 1 10 12 1 10 12 1 10 12 1 10 12 1 10 12 1 10 12 10 10 10 12 1 100 1 10 12 1 10 12 1 1 8 1 9 100 12 1 1 1 10 100 12 1 1 1 10 12 1 1 9 100 12 1 1 1 10 12 1 1 100 1 10 12 1 10 12 1 10 10 12 1 1 10 12 1 1 10 12 1 10 12 1 10 12 1 10 7 12 1 1 1 10 12 1 1 10 12 1 9 12 1 1 9 12 1 1 100 1 8 1 10 10 12 1 9 12 1 1 10 7 12 1 1 8 1 10 7 12 1 1 8 1 10 12 1 1 10 12 1 8 1 8 1 10 7 12 1 1 1 100 1 10 100 12 1 1 1 10 12 1 10 12 1 7 1 10 9 12 1 1 10 7 12 1 1 8 1 10 12 1 1 7 1 10 10 7 12 1 1 1 8 9 100 12 1 1 1 10 12 1 10 12 1 10 12 1 10 12 1 10 100 12 1 1 11 7 12 1 1 10 12 1 10 12 1 9 12 1 10 12 1 1 10 100 12 1 1 10 100 12 1 1 1 8 10 100 12 1 1 100 1 10 8 8 10 12 1 8 8 8 100 1 10 12 1 9 12 1 1 10 12 1 10 12 1 1 10 12 1 10 12 10 12 1 1 10 12 1 1 10 10 10 12 1 10 12 1 10 12 1 10 12 1 10 12 1 10 10 12 1 100 1 8 1 10 10 10 12 1 1 10 12 1 10 12 1 1 8 1 7 1 10 10 10 7 1 10 12 1 9 7 12 1 1 1 9 12 1 1 7 1 10 10 7 12 1 1 1 100 1 1 1 1 1 5 0 1 1 1 1 1 1 1 1 1 1 1 1 1 1 1 1 1 1 1 1 1 1 1 1 1 1 1 1 1 1 1 1 1 1 1 1 1 1 1 100 1 1 1 1 1 1 1 1 1 1 1 1 1 1 1 1 1 1 1 1 1 1 1 1 1 1 1 1 1 1 1 1 1 1 1 1 1 100 1 1 1 1 1 1 1 1 1 1 1 1 1 1 1 1 100 1 1 1 1 1 1 1 1 1 1 1 1 1 1 1 1 1 1
staticfield java/net/URL defaultFactory Ljava/net/URLStreamHandlerFactory; java/net/URL$DefaultFactory
staticfield java/net/URL streamHandlerLock Ljava/lang/Object; java/lang/Object
staticfield java/net/URL serialPersistentFields [Ljava/io/ObjectStreamField; 7 [Ljava/io/ObjectStreamField;
ciInstanceKlass java/util/jar/Manifest 1 1 336 10 7 12 1 1 1 7 1 10 9 7 12 1 1 1 7 1 10 9 12 1 1 9 12 1 1 10 12 1 10 12 1 1 10 12 1 1 10 12 1 1 10 12 1 1 11 7 1 11 12 1 1 10 12 1 1 10 100 12 1 1 1 100 1 100 1 10 8 1 10 12 1 1 10 12 1 1 10 12 1 10 12 1 11 100 1 10 12 1 10 12 1 1 11 12 1 1 10 12 1 11 12 1 1 11 100 12 1 1 1 11 100 12 1 1 11 12 1 1 100 1 10 12 1 8 1 11 12 1 7 1 10 12 1 1 11 12 1 10 12 1 10 12 1 10 100 12 1 1 1 8 1 10 12 1 1 10 9 7 12 1 1 1 10 12 1 1 10 100 12 1 10 12 1 10 12 1 9 100 12 1 1 1 8 1 10 12 1 8 1 8 1 7 1 10 12 1 10 12 1 10 12 1 1 100 1 8 1 10 12 1 1 8 1 10 10 12 1 1 8 1 10 12 1 1 10 7 12 1 1 1 10 12 1 10 11 12 1 1 10 12 1 10 7 12 1 1 1 10 12 1 1 10 12 1 1 11 10 12 1 11 10 12 1 100 1 1 1 1 1 1 1 1 1 1 1 1 1 1 1 1 1 1 1 1 1 1 1 1 1 1 1 1 1 1 1 1 1 1 1 1 1 1 1 1 1 1 1 100 1 1 1 1 1 1 1 1 1 1 1 1 1 1 100 1 1 1 1 1 1 1 1 1 1 1
instanceKlass com/stoyanr/evictor/map/ConcurrentMapWithTimedEvictionDecorator
instanceKlass com/fasterxml/jackson/databind/util/internal/PrivateMaxEntriesMap
instanceKlass org/hibernate/validator/internal/util/ConcurrentReferenceHashMap
instanceKlass tools/jackson/databind/util/internal/PrivateMaxEntriesMap
instanceKlass java/util/TreeMap$NavigableSubMap
instanceKlass org/springframework/util/ConcurrentReferenceHashMap
instanceKlass java/util/Collections$SingletonMap
instanceKlass java/util/concurrent/ConcurrentSkipListMap
instanceKlass java/util/TreeMap
instanceKlass java/util/IdentityHashMap
instanceKlass sun/util/PreHashedMap
instanceKlass java/util/EnumMap
instanceKlass java/util/WeakHashMap
instanceKlass java/util/Collections$EmptyMap
instanceKlass java/util/HashMap
instanceKlass java/util/ImmutableCollections$AbstractImmutableMap
instanceKlass java/util/concurrent/ConcurrentHashMap
ciInstanceKlass java/util/AbstractMap 1 1 192 10 7 12 1 1 1 10 7 12 1 1 1 11 7 12 1 1 1 10 11 12 1 1 11 7 12 1 1 1 11 12 1 1 7 1 11 12 1 10 12 1 1 11 12 1 100 1 10 11 12 1 11 7 1 10 12 1 1 11 12 1 9 12 1 1 7 1 10 12 1 9 12 1 1 7 1 10 11 11 12 1 1 11 12 1 100 1 100 1 11 12 1 8 1 100 1 10 10 12 1 1 8 1 10 12 1 10 12 1 1 10 12 1 1 1 1 1 1 1 1 1 1 1 1 1 1 1 1 1 1 1 1 1 1 1 1 1 1 1 1 1 1 1 1 1 1 1 1 1 1 1 1 100 1 1 1 1 1 1 1 1 1 1 1 1 1 1 1 1 100 1 1 1 1 1 1 1 1 1 100 1 100 1 100 1 100 1 1 1 1 1
instanceKlass io/netty/handler/codec/HeadersUtils$1
instanceKlass io/netty/handler/codec/CodecOutputList
instanceKlass java/util/AbstractList$SubList
instanceKlass java/util/Collections$CopiesList
instanceKlass java/util/Collections$SingletonList
instanceKlass java/util/ArrayList$SubList
instanceKlass sun/security/jca/ProviderList$ServiceList
instanceKlass sun/security/jca/ProviderList$3
instanceKlass java/util/AbstractSequentialList
instanceKlass java/util/Vector
instanceKlass java/util/Arrays$ArrayList
instanceKlass java/util/Collections$EmptyList
instanceKlass java/util/ArrayList
ciInstanceKlass java/util/AbstractList 1 1 218 10 7 12 1 1 1 9 7 12 1 1 1 10 12 1 1 10 12 1 1 100 1 10 10 12 1 1 11 7 12 1 1 1 11 12 1 1 11 12 1 10 7 12 1 1 1 10 12 1 11 12 1 11 12 1 11 12 1 10 12 1 1 10 12 1 1 11 100 12 1 1 1 11 7 1 11 7 1 10 12 1 7 1 10 12 1 10 12 1 1 7 1 7 1 10 12 1 100 1 10 100 1 100 1 10 8 1 10 12 1 1 10 12 1 10 12 1 1 10 12 1 8 1 100 1 8 1 8 1 8 1 10 7 1 11 10 10 12 1 11 12 1 10 12 1 1 8 1 8 1 1 1 1 1 1 1 1 1 1 1 1 1 1 1 1 1 1 1 1 1 1 1 1 1 1 1 1 1 1 1 1 1 1 1 1 1 1 1 1 1 1 1 1 1 1 1 1 1 1 1 1 1 1 1 1 1 1 100 1 100 1 1 1 1 1 1 1
ciInstanceKlass java/lang/AssertionStatusDirectives 0 0 24 10 100 12 1 1 1 100 1 1 1 1 1 1 1 1 1 1 1 1 1 1 1 1
ciInstanceKlass java/lang/invoke/MethodHandleNatives$CallSiteContext 1 1 49 10 7 12 1 1 1 7 1 10 10 7 12 1 1 1 10 7 12 1 1 1 10 7 12 1 1 1 100 1 1 1 1 1 1 1 1 1 1 1 1 1 1 1 1 1 100 1 1
ciInstanceKlass jdk/internal/invoke/NativeEntryPoint 0 0 92 10 100 12 1 1 1 9 100 12 1 1 1 10 100 12 1 1 1 100 1 9 12 1 9 12 1 9 12 1 1 9 12 1 1 9 12 1 1 100 1 8 1 10 12 1 11 100 12 1 1 1 10 12 1 1 10 12 1 11 100 12 1 1 11 12 1 10 12 1 1 10 12 1 1 1 1 1 1 1 1 1 1 1 1 1 1 1 1 1 1 1
instanceKlass java/lang/invoke/VolatileCallSite
instanceKlass java/lang/invoke/MutableCallSite
instanceKlass java/lang/invoke/ConstantCallSite
ciInstanceKlass java/lang/invoke/CallSite 1 1 302 10 7 12 1 1 1 10 7 12 1 1 1 9 7 12 1 1 1 10 12 1 1 9 12 1 1 10 7 12 1 1 1 10 12 1 100 1 10 12 1 1 10 12 1 1 9 100 12 1 1 1 10 100 12 1 1 10 12 1 1 100 1 100 1 10 10 100 12 1 1 1 10 12 1 1 8 1 10 12 1 10 12 1 1 10 12 1 10 12 1 1 10 12 1 1 10 10 100 12 1 1 10 12 1 1 9 12 1 9 100 12 1 1 1 8 1 10 7 12 1 1 1 10 12 1 1 100 1 10 12 1 1 9 12 1 8 1 100 1 10 12 1 10 12 1 100 1 8 1 10 10 12 1 10 12 1 1 100 1 10 12 1 1 10 12 1 10 12 1 10 12 1 1 10 12 1 1 9 12 1 1 8 10 12 1 1 9 12 1 1 100 1 10 10 12 1 10 100 12 1 1 1 10 12 1 1 10 12 1 1 10 12 1 10 7 12 1 1 1 100 1 8 1 10 10 12 10 12 1 1 100 1 100 1 100 1 8 1 10 12 1 10 7 12 1 1 1 1 1 1 1 1 1 1 1 1 1 1 1 1 1 1 1 1 1 1 1 1 1 1 1 1 1 1 1 1 1 1 1 1 1 1 1 1 1 1 1 1 1 1 1 1 1 1 1 1 1 1 1 1 1
staticfield java/lang/invoke/CallSite $assertionsDisabled Z 1
ciInstanceKlass java/lang/invoke/VolatileCallSite 0 0 37 10 100 12 1 1 1 10 12 1 10 100 12 1 1 1 10 12 1 10 12 1 1 1 1 1 1 1 1 1 1 1 1 1 1 1 1
ciInstanceKlass java/lang/invoke/MethodType 1 1 771 7 1 10 7 12 1 1 1 9 12 1 1 9 12 1 1 9 12 1 1 10 7 12 1 1 1 9 7 12 1 1 8 1 10 100 12 1 1 1 9 7 1 9 7 1 10 12 1 1 7 1 10 8 1 10 12 1 1 10 12 1 10 12 1 1 100 1 8 1 10 12 1 100 1 10 10 12 1 10 12 1 1 10 12 1 1 11 7 12 1 1 1 9 12 1 11 12 1 1 7 7 1 10 7 12 1 1 1 10 12 1 9 12 1 1 10 7 12 1 1 10 12 1 1 10 7 12 1 1 1 10 7 12 1 1 1 10 12 1 9 12 1 1 10 12 1 1 7 1 10 12 1 1 10 12 1 1 10 12 1 1 10 12 1 1 10 12 1 1 10 12 1 10 12 1 10 12 1 1 10 12 1 8 1 8 1 10 12 1 1 9 12 1 1 100 1 10 10 12 1 1 10 12 1 10 12 1 1 10 12 1 1 10 12 1 10 12 1 1 10 12 1 8 1 10 12 1 1 10 7 12 1 1 1 10 12 1 10 12 1 1 10 12 1 10 12 1 10 12 1 1 10 12 1 10 12 1 9 12 1 10 12 1 10 10 12 1 1 10 12 1 9 12 1 1 10 12 1 1 10 12 1 1 10 12 1 1 10 12 1 1 7 1 10 12 10 12 1 10 12 1 7 1 8 1 8 1 8 1 10 12 1 10 12 1 10 12 1 10 11 12 1 1 11 12 1 10 100 12 1 1 1 9 12 1 10 12 1 10 12 1 1 10 12 1 1 10 12 1 10 12 1 10 100 12 1 1 1 10 12 1 1 10 12 1 10 12 1 10 12 1 10 9 12 1 1 7 1 10 12 1 10 12 1 1 9 100 12 1 1 1 10 100 12 1 1 1 10 100 12 1 1 1 10 12 1 1 10 7 12 1 1 1 10 12 1 1 8 1 10 7 12 1 1 1 11 12 1 1 9 12 1 1 10 12 1 1 10 12 1 10 12 1 1 10 12 1 1 10 100 12 1 1 100 1 10 12 1 1 11 100 12 1 1 1 18 12 1 1 11 12 1 1 18 12 1 11 12 1 100 1 11 100 12 1 1 10 12 1 100 1 10 12 1 10 100 12 1 1 10 12 1 1 9 12 1 1 9 100 12 1 1 1 10 100 12 1 1 1 9 12 1 10 100 12 1 1 10 12 1 100 10 12 1 1 10 12 1 10 7 1 7 1 9 12 1 1 100 1 100 1 100 1 1 1 5 0 1 1 1 1 1 1 1 3 1 3 1 3 1 1 1 1 1 1 1 1 1 1 1 1 1 1 1 1 1 1 1 1 1 1 1 1 1 1 1 1 1 1 1 1 1 1 1 1 1 1 1 1 1 1 1 1 1 1 1 1 1 1 1 1 1 1 1 1 1 1 1 1 1 1 1 1 1 1 1 1 1 1 1 1 1 1 1 1 1 1 1 1 1 1 1 1 1 1 1 1 1 1 1 1 1 1 1 1 1 1 1 1 1 1 1 1 1 1 1 1 1 1 1 1 1 1 1 1 1 1 1 1 1 1 1 1 1 1 1 100 1 100 1 1 1 1 1 1 1 1 1 1 1 1 1 100 1 1 1 100 1 1 1 1 1 1 1 1 1 1 1 1 1 1 1 1 1 1 1 1 1 15 10 100 12 1 1 1 16 15 10 12 16 16 15 10 12 16 1 1 1 1 100 1 1 100 1 1 100 1 100 1 1
staticfield java/lang/invoke/MethodType internTable Ljava/lang/invoke/MethodType$ConcurrentWeakInternSet; java/lang/invoke/MethodType$ConcurrentWeakInternSet
staticfield java/lang/invoke/MethodType NO_PTYPES [Ljava/lang/Class; 0 [Ljava/lang/Class;
staticfield java/lang/invoke/MethodType objectOnlyTypes [Ljava/lang/invoke/MethodType; 20 [Ljava/lang/invoke/MethodType;
staticfield java/lang/invoke/MethodType METHOD_HANDLE_ARRAY [Ljava/lang/Class; 1 [Ljava/lang/Class;
staticfield java/lang/invoke/MethodType serialPersistentFields [Ljava/io/ObjectStreamField; 0 [Ljava/io/ObjectStreamField;
staticfield java/lang/invoke/MethodType $assertionsDisabled Z 1
ciInstanceKlass java/lang/BootstrapMethodError 0 0 45 10 100 12 1 1 1 10 12 1 10 12 1 10 100 12 1 1 1 10 100 12 1 1 1 1 1 1 5 0 1 1 1 1 1 1 1 1 1 1 1 100 1 1 1
instanceKlass org/springframework/aop/framework/InterceptorAndDynamicMethodMatcher
instanceKlass org/springframework/context/support/DefaultLifecycleProcessor$LifecycleGroupMember
instanceKlass org/springframework/boot/health/actuate/endpoint/Contributor$Reactive
instanceKlass org/springframework/boot/health/actuate/endpoint/HealthEndpointSupport$Result
instanceKlass org/springframework/boot/health/actuate/endpoint/Contributor$Blocking
instanceKlass org/springframework/boot/health/contributor/ReactiveHealthContributors$Entry
instanceKlass org/springframework/boot/health/contributor/HealthContributors$Entry
instanceKlass org/springframework/boot/actuate/sbom/SbomEndpoint$Sboms
instanceKlass org/springframework/boot/actuate/sbom/SbomEndpoint$AutodetectedSbom
instanceKlass org/springframework/beans/factory/support/MethodDescriptor
instanceKlass org/springframework/cglib/core/MethodWrapper$MethodWrapperKey
instanceKlass org/springframework/cglib/proxy/Enhancer$EnhancerKey
instanceKlass org/springframework/boot/autoconfigure/ssl/SslPropertiesBundleRegistrar$Bundle
instanceKlass org/springframework/boot/autoconfigure/ssl/BundleContentProperty
instanceKlass org/springframework/boot/web/server/Ssl$ServerNameSslBundle
instanceKlass org/springframework/aop/framework/autoproxy/AbstractAutoProxyCreator$ComposedCacheKey
instanceKlass org/springframework/boot/http/client/HttpClientSettings
instanceKlass org/springframework/util/PlaceholderParser$ParsedValue
instanceKlass org/springframework/util/PlaceholderParser$ParsedSection
instanceKlass org/springframework/boot/autoconfigure/condition/OnBeanCondition$BeanType
instanceKlass org/springframework/boot/autoconfigure/preinitialize/BackgroundPreinitializingApplicationListener$Runner
instanceKlass org/springframework/boot/SpringApplicationShutdownHook$Handler
instanceKlass org/springframework/cloud/bootstrap/encrypt/AbstractEnvironmentDecrypt$SingleValue
instanceKlass org/springframework/util/ConcurrentLruCache$CacheEntry
instanceKlass org/springframework/web/util/RfcUriParser$UriRecord
instanceKlass org/springframework/boot/context/properties/bind/JavaBeanBinder$Bean$CacheKey
instanceKlass org/springframework/boot/context/config/ConfigDataLocationBindHandler$OriginMapper
instanceKlass org/springframework/boot/context/properties/bind/ValueObjectBinder$ValueObject$CacheKey
instanceKlass org/springframework/boot/context/properties/source/SoftReferenceConfigurationPropertyCache$ActiveCacheOverride
instanceKlass org/springframework/boot/support/SpringFactoriesEnvironmentPostProcessorsFactory$Adapter
instanceKlass org/springframework/boot/context/properties/source/SpringIterableConfigurationPropertySource$Cache$Data
instanceKlass sun/security/pkcs/SignerInfo$AlgorithmInfo
instanceKlass org/springframework/core/io/support/SpringFactoriesLoader$Factories
instanceKlass jdk/net/UnixDomainPrincipal
ciInstanceKlass java/lang/Record 1 1 22 10 7 12 1 1 1 100 1 1 1 1 1 1 1 1 1 1 1 1 1 1
ciInstanceKlass java/lang/ClassNotFoundException 1 1 96 7 1 10 7 12 1 1 1 10 12 1 10 12 1 1 10 100 12 1 1 1 8 1 10 100 12 1 1 1 10 7 12 1 1 10 100 12 1 1 1 10 100 12 1 1 1 10 12 1 1 7 1 10 12 1 9 12 1 1 1 1 1 5 0 1 1 1 1 1 1 1 1 1 1 1 1 1 1 1 1 1 1 100 1 1 1 1 1 1 1 1 1 1 1 1
staticfield java/lang/ClassNotFoundException serialPersistentFields [Ljava/io/ObjectStreamField; 1 [Ljava/io/ObjectStreamField;
ciInstanceKlass jdk/internal/loader/ClassLoaders$AppClassLoader 1 1 119 8 1 10 7 12 1 1 1 10 7 12 1 1 1 10 100 12 1 1 1 10 12 1 1 10 100 12 1 1 1 10 12 1 1 10 12 1 1 7 1 8 1 10 12 10 7 12 1 1 1 10 7 12 1 1 10 12 1 1 10 12 1 1 10 7 12 1 1 1 100 1 10 12 1 1 1 1 1 1 1 1 1 1 1 1 1 1 1 1 1 1 1 1 1 7 1 1 1 1 1 1 1 1 1 1 1 1 1 1 1 1 1 1 1 100 1 1 1
ciInstanceKlass jdk/internal/loader/ClassLoaders$PlatformClassLoader 1 1 42 8 1 10 7 12 1 1 1 10 7 12 1 1 1 100 1 10 12 1 100 1 1 1 1 1 1 1 1 1 1 1 1 1 1 100 1 1 1 100 1 1
ciInstanceKlass java/lang/ArithmeticException 1 1 26 10 100 12 1 1 1 10 12 1 100 1 1 1 1 5 0 1 1 1 1 1 1 1 1 1
ciInstanceKlass java/lang/NullPointerException 1 1 52 10 100 12 1 1 1 10 12 1 9 100 12 1 1 1 10 12 1 1 9 12 1 1 10 12 1 1 10 12 1 1 1 1 5 0 1 1 1 1 1 1 1 1 100 1 100 1 100 1 1 1
ciInstanceKlass java/lang/IllegalMonitorStateException 1 1 26 10 100 12 1 1 1 10 12 1 100 1 1 1 1 5 0 1 1 1 1 1 1 1 1 1
ciMethod java/lang/IllegalMonitorStateException <init> ()V 0 0 1 0 -1
instanceKlass io/netty/util/internal/OutOfDirectMemoryError
ciInstanceKlass java/lang/OutOfMemoryError 1 1 26 10 100 12 1 1 1 10 12 1 100 1 1 1 1 5 0 1 1 1 1 1 1 1 1 1
ciInstanceKlass java/lang/InternalError 1 1 34 10 7 12 1 1 1 10 12 1 10 12 1 10 12 1 100 1 1 1 1 5 0 1 1 1 1 1 1 1 1 1 1 1
ciInstanceKlass java/lang/ClassCastException 1 1 26 10 7 12 1 1 1 10 12 1 100 1 1 1 1 5 0 1 1 1 1 1 1 1 1 1
ciInstanceKlass java/lang/NoClassDefFoundError 0 0 26 10 100 12 1 1 1 10 12 1 100 1 1 1 1 5 0 1 1 1 1 1 1 1 1 1
instanceKlass java/nio/IntBuffer
instanceKlass java/nio/CharBuffer
instanceKlass java/nio/LongBuffer
instanceKlass java/nio/ByteBuffer
ciInstanceKlass java/nio/Buffer 1 1 224 100 1 10 7 12 1 1 1 9 7 12 1 1 1 9 12 1 9 12 1 1 9 12 1 9 12 1 1 10 12 1 1 10 12 1 1 10 12 100 1 100 1 10 8 1 10 12 1 1 10 12 1 8 1 8 1 10 12 1 1 10 12 1 8 1 9 12 1 1 100 1 8 1 10 12 1 8 1 8 1 9 12 10 12 1 8 1 8 1 8 1 10 12 1 8 1 8 1 8 1 100 1 10 100 1 10 100 1 10 100 1 10 10 100 12 1 1 1 10 11 100 12 1 1 10 7 12 1 1 1 10 7 12 1 1 1 9 12 1 1 10 7 12 1 1 1 9 12 1 1 7 1 10 10 7 12 1 1 1 1 1 3 1 1 1 1 1 1 1 1 1 1 1 1 1 1 1 1 1 1 100 1 1 1 1 1 1 1 1 1 1 1 1 1 1 1 1 1 1 1 1 1 1 1 1 1 1 1 1 1 1 1 1 1 1 1 1 1 1 1 1 1 1
staticfield java/nio/Buffer UNSAFE Ljdk/internal/misc/Unsafe; jdk/internal/misc/Unsafe
staticfield java/nio/Buffer SCOPED_MEMORY_ACCESS Ljdk/internal/misc/ScopedMemoryAccess; jdk/internal/misc/ScopedMemoryAccess
staticfield java/nio/Buffer $assertionsDisabled Z 1
instanceKlass reactor/core/scheduler/BoundedElasticScheduler$BoundedServices
ciInstanceKlass java/util/concurrent/atomic/AtomicInteger 1 1 181 10 7 12 1 1 1 9 7 12 1 1 1 9 12 1 1 9 12 1 1 10 7 12 1 1 1 10 12 1 1 10 12 1 1 10 12 1 10 12 1 10 12 1 1 11 100 12 1 1 1 10 12 1 1 11 100 12 1 1 10 100 12 1 1 1 10 12 1 1 10 12 1 10 12 1 10 12 1 10 12 1 10 12 1 1 10 12 1 10 12 1 10 12 1 10 12 1 10 12 1 10 12 1 1 8 10 12 1 1 100 1 1 1 5 0 1 1 1 1 1 1 1 1 1 1 1 1 1 1 1 1 1 1 1 1 1 1 1 1 1 1 1 1 1 1 1 1 1 1 1 1 1 1 1 1 1 1 1 1 1 1 1 1 1 1 1 1 1 1 1 1 1 1 1 1 1 1 1 1 1
staticfield java/util/concurrent/atomic/AtomicInteger U Ljdk/internal/misc/Unsafe; jdk/internal/misc/Unsafe
staticfield java/util/concurrent/atomic/AtomicInteger VALUE J 12
ciInstanceKlass jdk/internal/misc/UnsafeConstants 1 1 34 10 100 12 1 1 1 9 7 12 1 1 1 9 12 1 9 12 1 1 9 12 1 9 12 1 1 1 1 1 1 1 1 1
staticfield jdk/internal/misc/UnsafeConstants ADDRESS_SIZE0 I 8
staticfield jdk/internal/misc/UnsafeConstants PAGE_SIZE I 4096
staticfield jdk/internal/misc/UnsafeConstants BIG_ENDIAN Z 0
staticfield jdk/internal/misc/UnsafeConstants UNALIGNED_ACCESS Z 1
staticfield jdk/internal/misc/UnsafeConstants DATA_CACHE_LINE_FLUSH_SIZE I 0
instanceKlass java/lang/invoke/DelegatingMethodHandle
instanceKlass java/lang/invoke/BoundMethodHandle
instanceKlass java/lang/invoke/DirectMethodHandle
ciInstanceKlass java/lang/invoke/MethodHandle 1 1 644 100 1 9 7 12 1 1 1 10 7 12 1 1 1 10 7 12 1 1 1 7 1 7 1 10 12 1 1 9 12 1 1 10 12 1 10 12 1 1 10 12 1 1 10 7 12 1 1 1 10 12 1 1 10 12 1 1 11 100 12 1 1 1 10 12 1 1 10 12 1 10 12 1 9 12 1 1 10 12 1 1 100 1 100 1 10 8 1 10 12 1 1 10 12 1 8 1 10 12 1 1 10 12 1 10 7 12 1 1 1 10 12 1 10 12 1 1 10 12 1 1 10 12 1 1 10 12 1 1 10 7 12 1 1 1 10 7 12 1 1 1 7 1 10 12 1 1 10 12 1 1 10 12 1 1 8 1 10 7 12 1 1 1 8 1 10 12 1 1 10 12 1 1 10 12 1 1 10 12 1 8 1 10 12 1 1 8 1 10 12 1 8 1 10 100 12 1 1 1 9 12 1 1 100 1 10 9 100 12 1 1 1 9 100 1 8 1 10 12 1 1 10 12 1 10 12 1 1 10 12 1 10 12 1 1 10 12 1 10 12 1 1 10 12 1 10 12 1 1 10 12 1 1 8 1 10 12 1 1 8 1 10 12 1 10 12 1 1 10 12 1 10 12 1 10 12 1 1 9 100 12 1 1 1 10 12 1 1 11 12 1 10 12 1 10 12 1 1 10 100 12 1 1 1 100 1 11 12 1 10 100 1 11 12 1 100 1 10 12 1 11 12 1 9 100 12 1 1 1 11 12 1 1 11 100 12 1 1 1 10 12 1 1 9 12 1 11 12 1 9 12 1 9 12 1 9 12 1 11 12 1 1 9 12 1 9 12 1 9 12 1 9 12 1 9 12 1 9 12 1 9 12 1 8 1 10 12 1 10 12 1 8 1 10 12 1 10 12 1 10 10 7 12 1 1 10 12 1 1 100 1 8 1 10 12 1 1 10 12 1 1 10 12 1 10 12 1 100 1 10 100 12 1 1 1 10 12 1 9 7 12 1 1 1 10 12 1 1 10 12 1 1 8 1 9 12 1 9 12 1 1 9 12 1 1 10 12 1 7 1 10 12 1 10 12 1 1 9 12 1 1 9 12 1 1 10 7 12 1 1 1 11 7 12 1 1 9 12 1 10 12 1 1 10 12 1 9 12 1 10 12 1 8 10 12 1 1 8 1 1 1 1 1 1 100 1 1 1 1 1 1 1 1 1 1 1 1 1 1 1 1 1 1 1 1 1 1 1 1 1 1 1 1 1 1 1 1 1 1 1 1 1 1 1 1 1 1 1 1 1 1 1 1 1 1 1 1 1 1 1 1 1 1 1 1 1 1 1 1 1 1 1 1 1 100 1 1 1 1 1 1 1 1 1 100 1 1 1 1 1 1 1 1 1 1 1 1 1 1 1 1 1 1 1 1 1 1 1 1 1 1 1 100 1 1 100 1 1 100 1 1 1 1
staticfield java/lang/invoke/MethodHandle FORM_OFFSET J 20
staticfield java/lang/invoke/MethodHandle UPDATE_OFFSET J 13
staticfield java/lang/invoke/MethodHandle $assertionsDisabled Z 1
ciInstanceKlass jdk/internal/reflect/CallerSensitive 0 0 17 100 1 100 1 100 1 1 1 1 1 1 1 1 1 1 1
ciInstanceKlass jdk/internal/reflect/NativeConstructorAccessorImpl 1 1 126 10 7 12 1 1 1 9 7 12 1 1 1 9 12 1 1 10 7 12 1 1 1 10 100 12 1 1 1 10 7 12 1 1 1 9 12 1 9 12 1 1 9 12 1 1 10 7 12 1 1 1 7 1 10 10 12 1 1 10 12 1 10 12 1 10 12 1 1 9 12 1 1 10 100 12 1 1 1 100 1 10 12 1 1 10 12 1 1 8 10 12 1 1 1 1 1 1 1 1 1 1 1 1 1 1 1 1 1 1 1 1 1 1 100 1 100 1 100 1 1 1 1 1 1 1
staticfield jdk/internal/reflect/NativeConstructorAccessorImpl U Ljdk/internal/misc/Unsafe; jdk/internal/misc/Unsafe
staticfield jdk/internal/reflect/NativeConstructorAccessorImpl GENERATED_OFFSET J 16
instanceKlass java/lang/invoke/DirectMethodHandle$StaticAccessor
instanceKlass java/lang/invoke/DirectMethodHandle$Special
instanceKlass java/lang/invoke/DirectMethodHandle$Interface
instanceKlass java/lang/invoke/DirectMethodHandle$Constructor
instanceKlass java/lang/invoke/DirectMethodHandle$Accessor
ciInstanceKlass java/lang/invoke/DirectMethodHandle 1 1 940 7 1 7 1 100 1 7 1 7 1 10 7 12 1 1 1 10 7 12 1 1 1 100 1 10 12 1 10 12 1 1 10 7 12 1 1 10 12 1 1 10 12 1 10 12 1 7 1 10 12 1 1 10 12 1 1 10 12 1 10 12 1 1 10 7 12 1 1 1 10 12 1 9 12 1 1 100 1 10 9 12 1 1 9 12 1 10 12 1 10 12 1 10 12 1 1 10 12 1 10 12 1 10 12 1 10 7 12 1 1 1 10 12 1 10 12 1 1 8 1 10 12 1 1 7 1 10 12 1 7 1 10 10 12 1 10 12 1 10 12 1 10 7 12 1 1 1 10 12 1 1 7 1 10 12 1 10 12 1 7 1 10 12 1 10 12 1 1 10 12 1 1 10 12 1 8 10 100 12 1 1 1 10 12 1 10 12 1 10 12 1 1 10 12 1 9 7 12 1 1 1 7 1 10 12 1 10 7 12 1 1 1 10 12 1 10 12 1 1 9 12 1 1 100 1 10 8 1 10 12 1 1 10 12 1 10 12 1 10 10 12 1 10 12 1 10 12 1 10 12 1 10 12 1 1 10 12 1 10 12 1 1 10 12 1 10 12 1 1 10 10 7 12 1 1 1 10 12 1 10 12 1 1 10 12 1 10 12 1 1 8 1 9 7 12 1 1 1 8 1 9 12 1 9 12 1 8 1 9 12 1 9 12 1 8 1 9 12 1 9 12 1 8 1 10 12 1 10 12 1 1 9 12 1 1 7 1 10 12 1 1 100 1 10 7 12 1 1 1 10 12 1 1 10 12 1 10 12 1 1 7 1 10 12 1 1 10 12 1 10 12 1 1 7 1 10 12 1 1 10 7 12 1 1 1 10 12 1 10 12 1 10 12 1 9 12 1 1 10 7 1 9 12 9 12 1 10 7 12 1 1 1 10 12 1 7 1 7 1 7 1 9 12 1 1 10 7 12 1 10 12 1 1 10 12 1 7 1 10 12 1 10 12 1 1 9 7 12 1 1 1 10 12 1 1 100 1 10 100 12 1 1 1 10 12 1 10 12 1 8 1 9 12 1 9 12 1 10 12 1 9 12 1 1 10 7 12 1 1 1 9 12 1 1 9 12 1 1 10 12 1 10 12 1 10 12 1 10 12 1 10 12 1 1 10 12 1 10 7 12 1 1 9 12 1 10 12 1 10 12 1 10 12 1 10 12 1 1 10 12 1 1 9 12 1 1 10 12 1 1 9 7 12 1 1 1 9 12 1 9 12 1 9 12 1 9 12 1 9 12 1 9 12 1 9 12 1 9 12 1 9 12 1 9 12 1 9 12 1 9 12 1 9 12 1 9 12 1 9 12 1 9 12 1 9 12 1 9 12 1 9 12 1 9 12 1 9 12 1 9 12 1 9 12 1 9 12 1 9 12 1 9 12 1 9 12 1 9 12 1 9 12 1 9 12 1 9 12 1 9 12 1 9 12 1 9 12 1 9 12 1 9 12 1 8 1 9 12 1 1 9 12 1 1 10 12 1 10 12 1 1 9 7 1 10 12 1 9 12 1 1 10 12 10 12 1 10 12 1 10 12 1 10 8 1 8 1 8 1 8 1 10 12 1 1 9 12 1 1 10 12 1 10 100 12 1 1 1 8 9 12 1 1 10 12 1 1 8 1 8 8 9 12 1 8 1 8 8 8 8 8 1 8 10 12 1 10 12 1 8 1 8 1 10 12 1 10 12 1 10 12 1 10 12 1 1 7 1 1 1 1 3 1 3 1 3 1 3 1 3 1 3 1 3 1 3 1 3 1 3 1 1 1 1 1 1 1 1 1 1 3 1 3 1 1 1 1 3 1 1 1 1 1 1 1 1 1 1 1 1 1 1 1 1 1 1 1 1 1 1 1 1 1 1 1 1 1 1 1 1 1 1 1 1 1 1 1 1 1 1 1 1 1 1 1 1 1 1 1 1 1 1 1 1 100 1 1 1 1 1 1 1 1 1 1 1 1 100 1 1 1 1 1 1 1 1 1 1 1 1 1 1 1 1 1 1 1 1 1 1 1 1 1 1 1 1 1 1 1 1 1 1 1 1 1 1 1 1 1 1 1 1 1 1 1 1 1 1 1
staticfield java/lang/invoke/DirectMethodHandle IMPL_NAMES Ljava/lang/invoke/MemberName$Factory; java/lang/invoke/MemberName$Factory
staticfield java/lang/invoke/DirectMethodHandle FT_UNCHECKED_REF I 8
staticfield java/lang/invoke/DirectMethodHandle ACCESSOR_FORMS [Ljava/lang/invoke/LambdaForm; 132 [Ljava/lang/invoke/LambdaForm;
staticfield java/lang/invoke/DirectMethodHandle ALL_WRAPPERS [Lsun/invoke/util/Wrapper; 10 [Lsun/invoke/util/Wrapper;
staticfield java/lang/invoke/DirectMethodHandle NFS [Ljava/lang/invoke/LambdaForm$NamedFunction; 12 [Ljava/lang/invoke/LambdaForm$NamedFunction;
staticfield java/lang/invoke/DirectMethodHandle OBJ_OBJ_TYPE Ljava/lang/invoke/MethodType; java/lang/invoke/MethodType
staticfield java/lang/invoke/DirectMethodHandle LONG_OBJ_TYPE Ljava/lang/invoke/MethodType; java/lang/invoke/MethodType
staticfield java/lang/invoke/DirectMethodHandle $assertionsDisabled Z 1
ciInstanceKlass java/lang/invoke/LambdaForm 1 1 1052 100 1 9 7 12 1 1 1 10 7 12 1 1 1 10 7 12 1 1 9 12 1 1 9 12 1 1 10 12 1 1 100 1 10 9 12 1 10 12 1 1 9 12 1 10 7 12 1 1 1 9 12 1 9 12 1 9 12 1 1 9 12 1 10 12 1 1 7 1 10 12 1 10 100 12 1 1 1 10 100 12 1 1 1 10 12 1 10 12 1 1 9 100 12 1 1 1 10 12 1 1 9 12 1 10 12 1 1 10 12 1 10 12 1 1 10 12 1 1 10 100 12 1 1 1 7 1 10 10 12 1 1 8 1 10 12 1 10 12 1 10 12 1 1 7 1 10 7 12 1 1 1 10 12 1 1 10 12 1 10 12 1 1 9 12 1 1 9 12 1 9 12 1 1 10 12 1 9 12 1 10 100 12 1 1 1 10 12 1 1 10 12 1 9 12 1 1 10 100 12 1 1 1 10 12 1 10 12 1 10 12 1 10 12 1 10 12 1 10 12 1 1 10 12 1 10 12 1 1 8 1 10 12 1 10 12 1 8 1 8 1 9 12 1 9 12 1 9 12 1 1 10 12 1 1 10 12 1 9 12 1 10 12 1 1 10 7 12 1 1 1 10 12 1 1 10 12 1 10 12 1 10 12 1 1 9 12 1 10 12 1 8 1 8 1 8 1 8 1 8 1 8 1 8 1 8 1 10 12 1 9 12 1 7 1 10 12 1 1 9 12 1 10 12 1 10 12 1 1 10 12 10 12 1 10 12 1 1 10 12 1 1 10 10 12 1 1 10 12 1 1 7 1 8 1 10 12 1 1 10 12 1 10 12 1 1 10 8 1 10 12 1 1 8 1 8 1 8 1 10 12 1 9 12 1 1 10 12 1 1 10 12 1 1 100 1 10 12 1 1 10 12 1 10 7 12 1 1 1 10 12 1 1 9 12 1 1 8 1 10 100 12 1 1 1 10 7 12 1 1 10 12 10 10 12 1 1 9 12 1 8 10 12 1 1 100 1 10 12 1 1 10 12 1 9 7 12 1 1 9 12 1 1 8 1 10 100 12 1 1 10 12 1 1 100 1 100 1 10 10 12 1 1 10 12 1 1 8 1 8 1 100 1 8 1 10 12 10 12 1 10 12 1 10 12 1 1 8 1 8 1 9 100 12 1 1 1 10 12 1 10 12 1 1 8 1 8 1 8 1 100 1 8 1 100 1 8 1 100 1 8 1 10 12 1 8 1 9 10 7 12 1 1 1 10 12 1 9 12 1 1 10 12 1 10 10 12 1 10 12 1 10 12 1 10 12 1 1 10 12 1 10 12 1 1 10 12 1 1 10 12 1 1 8 1 100 10 12 1 10 12 1 9 12 1 1 10 7 12 1 1 8 1 8 1 100 1 8 1 8 1 8 1 8 1 8 1 8 1 8 1 8 1 10 12 1 1 10 12 1 1 10 12 1 10 12 1 8 1 8 1 8 1 10 12 1 8 1 10 12 1 8 1 8 1 8 1 8 1 8 1 10 12 1 10 12 1 10 12 1 1 10 7 12 1 1 1 10 12 1 10 12 1 10 12 1 10 12 1 10 12 1 10 12 1 10 12 1 9 12 1 1 8 1 10 12 1 1 9 12 1 1 10 12 1 1 9 12 1 9 12 1 1 9 12 1 9 12 1 1 7 1 10 7 12 1 1 1 9 12 1 10 12 1 10 12 1 8 1 10 12 1 9 12 1 1 7 1 10 7 12 1 1 1 8 1 100 1 10 12 1 9 12 1 9 12 1 10 12 1 10 12 1 10 7 12 1 1 1 10 12 1 9 7 12 1 1 10 12 1 1 10 12 1 10 12 1 9 12 10 12 1 10 10 12 1 9 9 12 1 7 9 12 1 1 10 12 1 1 9 12 1 10 12 1 10 7 1 9 1 1 1 1 3 1 3 1 3 1 1 1 1 1 1 1 1 1 1 1 1 1 1 1 1 1 1 1 1 1 1 1 1 1 1 1 1 1 1 1 1 1 1 1 1 1 1 1 1 1 1 1 1 1 1 1 1 1 1 1 1 1 1 1 1 100 1 1 1 1 1 1 1 1 1 1 1 1 1 1 1 1 1 1 1 1 1 1 1 1 1 1 1 1 1 1 1 1 1 1 1 1 1 1 1 1 1 1 1 1 1 1 1 1 1 1 1 1 1 1 1 1 1 1 1 100 1 1 1 1 1 1 1 1 1 1 1 1 1 1 1 1 1 1 1 1 1 1 1 1 1 1 1 1 1 1 1 1 1 1 100 1 1 1 1 1 1 1 1 1 1 1 1 1 1 1 1 1 1 1 1 1 1 100 1 1 1 100 1 1 100 1 1 1 1 1 1 1 1 1 1 1
staticfield java/lang/invoke/LambdaForm COMPILE_THRESHOLD I 0
staticfield java/lang/invoke/LambdaForm INTERNED_ARGUMENTS [[Ljava/lang/invoke/LambdaForm$Name; 5 [[Ljava/lang/invoke/LambdaForm$Name;
staticfield java/lang/invoke/LambdaForm IMPL_NAMES Ljava/lang/invoke/MemberName$Factory; java/lang/invoke/MemberName$Factory
staticfield java/lang/invoke/LambdaForm LF_identity [Ljava/lang/invoke/LambdaForm; 6 [Ljava/lang/invoke/LambdaForm;
staticfield java/lang/invoke/LambdaForm LF_zero [Ljava/lang/invoke/LambdaForm; 6 [Ljava/lang/invoke/LambdaForm;
staticfield java/lang/invoke/LambdaForm NF_identity [Ljava/lang/invoke/LambdaForm$NamedFunction; 6 [Ljava/lang/invoke/LambdaForm$NamedFunction;
staticfield java/lang/invoke/LambdaForm NF_zero [Ljava/lang/invoke/LambdaForm$NamedFunction; 6 [Ljava/lang/invoke/LambdaForm$NamedFunction;
staticfield java/lang/invoke/LambdaForm createFormsLock Ljava/lang/Object; java/lang/Object
staticfield java/lang/invoke/LambdaForm DEBUG_NAME_COUNTERS Ljava/util/HashMap; null
staticfield java/lang/invoke/LambdaForm DEBUG_NAMES Ljava/util/HashMap; null
staticfield java/lang/invoke/LambdaForm TRACE_INTERPRETER Z 0
staticfield java/lang/invoke/LambdaForm $assertionsDisabled Z 1
ciInstanceKlass java/lang/invoke/MethodHandleNatives 1 1 684 100 1 10 7 12 1 1 1 9 7 12 1 1 1 10 12 1 1 100 1 10 10 12 1 1 10 12 1 10 12 1 8 1 8 1 8 1 8 1 8 1 8 1 8 1 8 1 8 1 8 1 10 12 1 1 7 1 10 7 12 1 1 1 10 100 12 1 1 1 7 1 10 10 12 1 1 8 1 10 12 1 8 1 10 12 1 1 8 1 10 12 1 1 9 100 12 1 1 1 8 1 10 100 12 1 1 1 100 1 10 12 100 1 100 1 8 1 7 1 10 10 12 1 7 1 9 7 12 1 1 10 12 1 1 10 12 1 10 7 12 1 1 1 7 1 10 12 1 1 10 7 12 1 1 1 10 12 1 10 12 1 1 10 12 1 1 9 12 1 8 1 10 12 1 8 1 10 12 1 8 1 8 1 8 1 100 1 10 12 1 8 1 10 12 1 1 10 12 1 10 100 12 1 1 1 100 1 8 1 10 100 12 1 1 1 7 1 8 1 10 12 1 8 1 8 1 8 1 8 1 8 1 10 12 1 1 10 12 1 1 10 12 1 10 12 1 1 10 12 1 1 7 1 10 12 1 100 1 100 1 10 12 1 10 12 1 8 1 8 1 10 10 12 1 1 10 12 1 1 8 1 10 100 12 1 1 1 8 1 8 1 10 12 1 1 10 7 12 1 1 1 100 1 10 12 1 1 7 1 9 12 1 1 10 7 12 1 1 1 10 10 12 1 9 12 1 10 12 1 1 9 12 1 9 12 1 10 12 1 1 10 12 1 10 12 1 1 7 1 7 1 10 12 1 1 10 12 1 10 12 1 1 10 7 12 1 1 1 10 12 1 8 1 10 12 1 10 12 1 10 12 1 1 10 12 1 10 7 12 1 1 1 10 12 1 1 100 1 8 1 10 9 7 12 1 1 1 10 12 1 1 10 12 1 1 100 1 10 12 1 1 10 12 1 1 100 1 100 1 10 10 100 1 100 1 10 100 1 10 10 12 1 1 10 100 1 10 12 1 10 12 1 10 12 1 1 10 12 1 1 10 12 1 1 10 12 1 10 12 1 1 10 8 1 100 1 10 12 1 10 12 1 10 12 1 10 12 1 10 12 1 1 10 12 1 9 12 1 1 10 7 12 1 1 1 9 12 1 1 11 7 12 1 1 1 10 12 1 10 12 1 10 10 12 1 10 7 12 1 1 1 1 1 1 1 1 1 1 1 1 1 1 1 100 1 1 1 1 1 1 1 1 1 1 1 1 1 1 1 1 1 1 1 1 1 1 1 1 1 1 1 1 1 1 1 1 1 1 1 1 1 1 1 1 1 1 1 1 1 1 1 1 1 1 1 1 1 1 1 1 1 1 1 1 1 1 1 1 1 1 1 1 1 1 1 1 1 1 1 1 1 1 1 1 1 1 1 1 1 1 1 1 1 1 1 1 1 1 1 1 1 1 100 1 1 1 1 1 1 1 1 1 1 1 1 1 1 1 1 1 1 1 1 1 1 1 1 1 1 1 1 100 1 1 1 1 1 1 1 100 1 1 1
staticfield java/lang/invoke/MethodHandleNatives JLA Ljdk/internal/access/JavaLangAccess; java/lang/System$2
staticfield java/lang/invoke/MethodHandleNatives $assertionsDisabled Z 1
ciInstanceKlass jdk/internal/reflect/ConstantPool 1 1 142 10 100 12 1 1 1 9 7 12 1 1 1 10 12 1 1 10 12 1 1 10 12 1 10 12 1 1 10 12 1 1 10 12 1 10 12 1 1 10 12 1 10 12 1 1 10 12 1 10 12 1 10 12 1 10 12 1 1 10 12 1 1 10 12 1 1 10 12 1 1 10 12 1 10 12 1 1 10 100 12 1 1 1 8 11 7 12 1 1 1 10 7 12 1 1 1 1 1 1 1 1 1 1 1 1 1 1 1 1 1 1 1 1 1 1 1 1 1 1 1 1 1 1 1 1 1 1 1 1 1 1 1 1 1 1 1 1 1 1 1 1
instanceKlass jdk/internal/reflect/UnsafeStaticObjectFieldAccessorImpl
instanceKlass jdk/internal/reflect/UnsafeQualifiedStaticFieldAccessorImpl
ciInstanceKlass jdk/internal/reflect/UnsafeStaticFieldAccessorImpl 1 1 47 10 7 12 1 1 1 9 7 12 1 1 1 10 7 12 1 1 1 9 12 1 1 8 11 7 12 1 1 1 10 7 12 1 1 1 1 1 1 1 1 1 1 1 1 1 1
instanceKlass jdk/internal/reflect/UnsafeFieldAccessorImpl
ciInstanceKlass jdk/internal/reflect/FieldAccessorImpl 1 1 59 10 7 12 1 1 1 100 1 100 1 1 1 1 1 1 1 1 1 100 1 1 1 1 1 1 1 1 1 1 1 1 1 1 1 1 1 1 1 100 1 1 1 1 1 1 1 1 1 1 1 1 1 1 1 1 1 1 1
instanceKlass jdk/internal/reflect/UnsafeQualifiedFieldAccessorImpl
instanceKlass jdk/internal/reflect/UnsafeIntegerFieldAccessorImpl
instanceKlass jdk/internal/reflect/UnsafeObjectFieldAccessorImpl
instanceKlass jdk/internal/reflect/UnsafeStaticFieldAccessorImpl
ciInstanceKlass jdk/internal/reflect/UnsafeFieldAccessorImpl 1 1 254 10 7 12 1 1 1 9 7 12 1 1 1 10 7 12 1 1 1 10 7 12 1 1 1 9 12 1 1 10 7 12 1 1 1 9 12 1 1 10 12 1 10 12 1 9 12 1 10 12 1 1 10 7 12 1 1 10 7 12 1 1 1 10 12 1 1 100 1 10 10 12 1 1 10 12 1 1 8 1 10 10 12 1 100 1 8 1 10 12 1 8 1 10 12 1 8 1 10 12 1 100 1 10 12 1 1 10 8 1 10 12 1 1 8 1 10 100 12 1 1 8 1 10 100 12 1 1 8 1 10 100 12 1 1 8 1 10 100 12 1 1 8 1 10 100 12 1 1 8 1 10 100 12 1 1 8 1 10 100 12 1 1 8 1 10 100 12 1 1 10 12 1 1 8 1 8 1 8 1 8 1 8 1 8 1 10 100 12 1 1 1 8 1 8 1 8 1 10 12 10 12 1 1 1 1 1 1 1 1 1 1 1 1 1 1 1 1 1 1 1 1 1 1 1 1 1 1 1 1 1 1 1 1 1 1 1 1 1 1 1 1 1 1 1 1 1 1 1 1 1 1 1 1
staticfield jdk/internal/reflect/UnsafeFieldAccessorImpl unsafe Ljdk/internal/misc/Unsafe; jdk/internal/misc/Unsafe
ciInstanceKlass java/lang/invoke/ConstantCallSite 1 1 65 10 7 12 1 1 1 9 7 12 1 1 1 9 12 1 1 10 7 12 1 1 1 10 12 1 100 1 10 12 9 12 1 1 100 1 10 10 12 1 1 10 12 1 1 1 1 1 1 1 1 1 1 1 1 1 100 1 1 1 1 1 1 1 1
staticfield java/lang/invoke/ConstantCallSite UNSAFE Ljdk/internal/misc/Unsafe; jdk/internal/misc/Unsafe
ciInstanceKlass java/lang/invoke/MutableCallSite 0 0 63 10 100 12 1 1 1 10 12 1 9 100 12 1 1 1 10 12 1 10 12 1 1 9 12 1 1 10 100 12 1 1 1 10 100 12 1 1 1 10 12 1 1 1 1 1 1 1 1 1 1 1 1 1 1 1 1 1 1 100 1 1 1
instanceKlass java/lang/invoke/VarHandleInts$Array
instanceKlass java/lang/invoke/VarHandleBooleans$FieldInstanceReadOnly
instanceKlass java/lang/invoke/VarHandleInts$FieldStaticReadOnly
instanceKlass java/lang/invoke/VarHandleLongs$FieldInstanceReadOnly
instanceKlass java/lang/invoke/VarHandleReferences$Array
instanceKlass java/lang/invoke/VarHandleLongs$Array
instanceKlass java/lang/invoke/VarHandleByteArrayAsLongs$ByteArrayViewVarHandle
instanceKlass java/lang/invoke/VarHandleByteArrayAsInts$ByteArrayViewVarHandle
instanceKlass java/lang/invoke/VarHandleReferences$FieldStaticReadOnly
instanceKlass java/lang/invoke/VarHandleInts$FieldInstanceReadOnly
instanceKlass java/lang/invoke/VarHandleReferences$FieldInstanceReadOnly
ciInstanceKlass java/lang/invoke/VarHandle 1 1 390 10 7 12 1 1 1 10 7 12 1 1 9 12 1 1 9 12 1 1 100 1 10 8 1 10 12 1 1 10 7 12 1 1 1 10 12 1 1 10 100 12 1 1 1 9 100 12 1 1 1 10 12 1 1 10 100 12 1 1 1 10 12 1 1 9 12 1 10 12 1 9 12 1 1 10 7 12 1 1 10 12 1 9 7 12 1 1 1 9 12 1 1 10 12 1 1 100 1 100 1 10 8 1 10 12 1 1 10 12 1 8 1 10 12 1 10 12 1 10 12 1 1 9 7 12 1 1 1 10 12 1 10 12 1 1 10 12 1 10 10 100 12 1 1 1 10 12 1 1 10 12 1 1 10 100 12 1 1 1 10 100 12 1 1 1 10 100 12 1 1 1 9 12 1 1 10 9 12 1 1 10 12 1 10 12 1 10 12 1 1 10 12 1 10 100 12 1 1 1 9 12 1 1 10 12 1 1 9 12 1 10 12 1 10 12 1 10 100 12 1 1 100 1 10 9 7 12 1 1 1 9 12 1 1 10 7 12 1 1 1 10 12 1 10 12 1 10 12 1 10 12 1 10 12 1 10 12 1 1 7 1 10 10 7 12 1 1 1 9 12 1 1 8 10 12 1 1 7 1 10 12 1 1 100 1 1 1 1 1 1 1 1 1 1 1 1 1 1 1 1 1 1 1 1 1 1 1 1 1 1 1 1 1 1 1 1 1 1 1 1 1 1 1 1 1 1 1 1 1 1 1 1 1 1 1 1 1 1 1 1 1 1 1 1 1 1 1 1 1 1 1 1 1 1 1 1 1 1 1 1 1 1 1 1 1 1 1 1 1 1 1 1 1 100 1 100 1 100 1 1 1 1 1 1 1 100 1 1 1
staticfield java/lang/invoke/VarHandle AIOOBE_SUPPLIER Ljava/util/function/BiFunction; jdk/internal/util/Preconditions$1
staticfield java/lang/invoke/VarHandle VFORM_OFFSET J 16
staticfield java/lang/invoke/VarHandle $assertionsDisabled Z 1
ciInstanceKlass java/util/concurrent/ForkJoinPool 1 1 1128 7 1 10 7 12 1 1 1 9 12 1 1 10 100 12 1 1 1 7 1 10 12 1 1 10 12 1 7 1 7 1 10 12 1 10 12 1 9 12 1 1 10 100 12 1 1 1 10 12 1 1 10 12 1 1 9 12 1 10 12 1 1 9 12 1 10 12 9 12 1 10 12 1 9 12 1 1 11 100 12 1 1 1 10 7 12 1 1 100 1 10 12 1 1 9 12 1 1 10 12 1 8 1 10 7 12 1 1 1 10 100 12 1 1 1 9 12 1 1 10 100 12 1 1 10 12 1 1 9 12 1 1 3 9 7 12 1 1 100 1 9 12 1 1 9 12 1 3 10 12 1 10 7 12 1 1 9 12 1 1 9 12 1 10 12 1 10 12 1 9 12 1 1 9 12 1 5 0 9 12 1 1 9 12 1 3 5 0 5 0 5 0 5 0 10 12 1 1 10 12 1 1 10 12 1 1 10 12 1 1 3 10 12 1 10 12 1 1 3 5 0 10 12 1 1 3 5 0 9 12 1 1 10 7 12 1 1 1 10 12 1 1 10 12 1 1 9 12 1 10 12 1 1 10 12 1 1 9 12 1 10 12 1 1 3 10 7 12 1 1 10 12 1 1 3 10 12 1 1 9 12 1 9 12 1 10 12 1 1 10 12 1 10 12 1 5 0 10 12 1 1 9 12 1 5 0 5 0 9 12 1 1 11 100 12 1 1 1 100 1 8 1 10 12 1 10 12 1 1 9 12 1 10 12 1 1 10 12 1 10 12 1 1 100 1 9 12 1 1 10 12 1 1 10 12 1 9 12 1 3 10 12 1 10 12 1 1 5 0 10 12 1 10 12 1 1 5 0 10 12 1 1 10 12 1 10 12 10 12 1 10 12 1 10 12 1 1 10 10 12 1 1 100 1 10 10 12 1 1 9 12 1 1 10 12 1 1 10 12 1 1 9 12 1 10 12 1 10 12 1 1 10 12 1 10 12 1 10 12 1 3 9 12 1 1 11 100 12 1 1 10 7 12 1 1 1 10 12 1 10 7 12 1 1 1 9 12 1 5 0 9 100 12 1 1 1 10 12 1 10 7 1 10 12 100 1 10 9 12 1 1 10 12 1 10 12 1 10 12 1 10 12 10 10 12 1 100 1 10 8 1 10 12 1 1 8 1 10 12 1 10 12 1 10 100 12 1 1 1 10 12 1 1 100 1 10 12 1 1 100 1 10 100 12 1 1 1 8 1 10 12 1 1 8 1 100 1 8 1 10 12 1 1 100 1 9 12 1 7 1 10 10 12 1 1 10 12 1 1 100 1 10 12 1 100 1 10 12 1 100 1 10 12 1 100 1 10 100 1 11 100 12 1 1 10 11 12 1 1 11 100 12 1 1 11 12 1 1 100 1 100 1 10 10 12 10 10 12 1 1 10 12 1 1 10 100 1 10 12 1 11 12 1 10 12 1 100 1 10 12 1 100 1 10 12 1 10 10 12 1 10 12 1 9 12 1 10 12 1 10 12 1 10 12 1 11 8 1 8 1 8 1 8 1 10 8 1 8 1 10 12 1 8 1 8 1 8 1 8 1 10 12 1 8 1 8 1 8 1 10 100 12 1 1 1 3 10 12 1 1 10 12 1 1 7 1 10 10 12 1 1 11 12 1 10 12 1 10 12 1 11 7 12 1 1 11 12 1 10 12 1 1 10 12 1 10 12 1 10 7 12 1 1 1 8 9 7 12 1 1 1 10 7 12 1 1 1 8 9 8 1 8 1 10 12 1 100 1 100 1 10 12 8 1 7 1 10 7 1 8 1 10 7 1 10 10 7 12 1 1 1 1 1 3 1 1 3 1 1 1 1 1 1 1 1 1 1 1 3 1 1 1 1 1 1 3 1 1 1 3 1 1 1 1 1 1 1 1 1 1 1 1 1 1 1 1 1 1 1 1 1 1 1 100 1 1 1 1 1 1 1 1 1 1 1 1 1 1 1 1 1 1 1 1 1 1 1 1 1 1 1 100 1 1 1 1 1 1 1 1 1 1 1 1 1 1 1 1 1 1 1 1 1 1 100 1 1 1 1 1 1 1 1 1 1 1 1 1 1 1 1 1 1 1 1 1 1 1 1 1 1 1 1 1 1 1 1 1 1 1 1 1 1 1 1 1 1 1 1 1 1 1 1 1 1 1 1 1 1 1 1 1 1 1 1 1 1 1 1 1 1 1 1 1 1 1 1 1 1 1 1 1 1 1 1 1 1 1 1 1 1 1 100 1 1 1 1 1 1 1 1 1 1 1 1 1 1 1 1 1 1 1 1 1 1 1 1 1 1 1 1 1 1 1 1 1 7 1 1 1 7 1 1 1 1 1 1 1 1 1 1 1 1 1 1 1 1 1 1 1 1 1 1 1 1 1 1 1 1 1 1 1 1 1 1 1 1 1 1 1 1 1 1 1 1 1 1 1 1 1 1 1 1 1 1 1 1 1 1 1 1 1 1 1 1 1 1 1 100 1 100 1 1 1 1 1 1 1 1 1 1 1 1 1 1 1 1
staticfield java/util/concurrent/ForkJoinPool defaultForkJoinWorkerThreadFactory Ljava/util/concurrent/ForkJoinPool$ForkJoinWorkerThreadFactory; java/util/concurrent/ForkJoinPool$DefaultForkJoinWorkerThreadFactory
staticfield java/util/concurrent/ForkJoinPool modifyThreadPermission Ljava/lang/RuntimePermission; java/lang/RuntimePermission
staticfield java/util/concurrent/ForkJoinPool common Ljava/util/concurrent/ForkJoinPool; java/util/concurrent/ForkJoinPool
staticfield java/util/concurrent/ForkJoinPool COMMON_PARALLELISM I 7
staticfield java/util/concurrent/ForkJoinPool COMMON_MAX_SPARES I 256
staticfield java/util/concurrent/ForkJoinPool CTL Ljava/lang/invoke/VarHandle; java/lang/invoke/VarHandleLongs$FieldInstanceReadWrite
staticfield java/util/concurrent/ForkJoinPool MODE Ljava/lang/invoke/VarHandle; java/lang/invoke/VarHandleInts$FieldInstanceReadWrite
staticfield java/util/concurrent/ForkJoinPool THREADIDS Ljava/lang/invoke/VarHandle; java/lang/invoke/VarHandleInts$FieldInstanceReadWrite
staticfield java/util/concurrent/ForkJoinPool POOLIDS Ljava/lang/invoke/VarHandle; java/lang/invoke/VarHandleInts$FieldStaticReadWrite
ciInstanceKlass java/lang/invoke/MemberName 1 1 757 7 1 7 1 100 1 9 12 1 1 10 7 12 1 1 1 9 12 1 1 10 12 1 1 10 12 1 1 10 12 1 1 10 12 1 10 12 1 1 10 7 12 1 1 1 10 12 1 9 7 12 1 1 10 12 1 100 1 7 1 10 12 1 8 1 10 12 1 1 10 12 1 10 12 1 1 10 12 1 9 12 1 1 8 1 10 100 12 1 1 1 7 1 10 10 12 1 1 100 1 100 1 10 12 1 1 9 12 1 1 100 1 8 1 10 12 1 10 12 1 10 12 1 10 12 1 10 12 1 1 10 12 1 10 12 1 10 12 1 1 10 12 1 1 10 12 1 8 1 8 1 8 1 10 100 12 1 1 1 10 12 1 9 12 1 1 3 10 12 1 10 12 1 10 12 1 10 10 7 12 1 1 1 10 12 1 10 12 1 10 12 1 10 12 1 7 1 8 10 12 1 1 10 12 1 1 8 1 9 100 1 8 9 100 1 10 12 1 1 10 12 1 10 12 1 8 1 10 12 1 1 10 12 1 10 12 1 10 12 1 10 12 1 1 100 1 10 12 1 1 10 12 1 8 1 10 12 1 10 12 1 8 1 10 12 1 1 10 12 1 1 7 1 10 12 1 1 10 12 8 1 8 1 100 1 10 12 1 10 100 12 1 1 1 100 1 10 12 10 12 1 10 12 1 10 12 1 10 12 1 10 10 12 1 10 12 1 10 12 1 3 10 12 1 3 10 12 1 3 3 3 3 3 3 3 7 1 10 12 1 10 7 12 1 1 1 10 12 1 3 9 12 1 10 12 1 1 3 10 12 1 10 10 7 12 1 1 1 10 12 1 1 10 7 1 10 10 12 1 10 12 1 10 12 1 10 10 12 1 1 10 12 1 10 12 1 10 12 1 100 1 10 10 10 12 100 1 10 10 10 12 1 1 10 12 1 1 10 10 12 1 8 10 7 1 10 12 1 10 7 1 10 12 1 10 12 1 10 12 1 10 10 12 1 10 12 1 1 10 12 1 1 10 12 1 10 12 1 10 12 1 100 1 10 12 1 1 100 1 8 1 10 7 1 10 12 1 10 12 10 12 1 1 10 12 1 10 12 1 8 1 8 1 8 1 8 1 10 12 1 10 12 1 10 12 1 1 8 1 8 1 10 12 1 8 1 10 10 12 1 10 12 1 8 1 8 1 10 10 12 1 8 1 10 7 12 1 1 1 8 1 10 12 1 10 12 1 1 10 12 1 8 1 8 1 8 1 8 1 7 1 10 8 1 8 1 8 1 8 1 10 12 1 7 1 100 1 7 1 10 100 1 10 7 1 10 7 12 1 1 1 9 7 12 1 1 1 100 1 100 1 1 1 1 1 1 1 3 1 3 1 3 1 3 1 3 1 3 1 1 1 1 1 1 1 1 3 1 3 1 1 1 1 3 1 1 1 1 1 1 1 1 1 1 1 1 1 1 1 1 1 1 1 1 1 1 1 1 1 1 1 1 1 1 1 1 1 1 1 1 1 1 1 1 1 1 1 1 1 1 1 1 1 1 1 1 1 1 1 1 1 1 1 1 1 1 1 1 1 1 1 1 1 1 1 1 1 1 1 1 1 1 1 1 1 1 1 1 1 1 1 1 1 1 1 1 1 1 1 1 1 1 1 1 1 1 1 1 1 1 100 1 1 1 1 1 1 1 1 1 1 1 1 1 1 1
staticfield java/lang/invoke/MemberName $assertionsDisabled Z 1
ciInstanceKlass java/lang/invoke/ResolvedMethodName 1 1 16 10 100 12 1 1 1 100 1 1 1 1 1 1 1 1
ciInstanceKlass java/lang/StackWalker 1 1 235 9 7 12 1 1 1 10 7 12 1 1 1 7 1 10 7 12 1 1 1 10 12 1 1 11 7 12 1 1 1 10 12 1 1 10 12 1 1 10 12 1 1 100 1 8 1 10 12 1 10 12 1 10 12 1 10 7 12 1 1 9 12 1 1 9 12 1 1 9 12 1 1 9 12 1 1 10 12 1 1 9 12 1 1 10 7 12 1 1 1 11 12 1 1 100 1 8 1 10 10 100 12 1 1 9 12 1 1 10 12 1 1 10 7 12 1 1 1 10 7 12 1 1 1 18 12 1 1 100 1 8 1 10 10 12 1 1 10 100 12 1 1 1 9 7 12 1 1 11 100 12 1 1 1 10 12 1 1 1 1 1 1 1 1 1 1 1 1 1 1 1 1 1 1 1 1 1 1 1 1 1 1 1 1 1 1 1 1 1 1 1 1 1 1 1 1 1 1 1 1 1 1 1 1 1 1 1 100 1 1 15 10 100 12 1 1 1 16 15 10 12 16 1 1 1 1 1 1 1 100 1 100 1 1
staticfield java/lang/StackWalker DEFAULT_EMPTY_OPTION Ljava/util/EnumSet; java/util/RegularEnumSet
staticfield java/lang/StackWalker DEFAULT_WALKER Ljava/lang/StackWalker; java/lang/StackWalker
instanceKlass java/lang/StackStreamFactory$StackFrameTraverser
ciInstanceKlass java/lang/StackStreamFactory$AbstractStackWalker 1 1 306 7 1 100 1 3 10 7 12 1 1 1 10 7 12 1 1 10 7 12 1 1 1 9 12 1 1 10 12 1 1 9 12 1 1 9 12 1 1 9 12 1 1 9 12 1 9 7 12 1 1 1 10 7 12 1 1 1 10 12 1 1 9 12 1 1 10 7 12 1 1 1 10 12 1 1 9 12 1 1 9 100 12 1 1 1 100 1 10 8 1 10 12 1 1 10 12 1 8 1 10 12 1 1 10 100 12 1 1 1 100 1 8 1 10 12 1 8 1 10 12 9 7 12 1 1 1 10 7 12 1 1 9 12 1 8 1 5 0 8 1 8 1 9 12 1 1 10 12 1 1 10 12 1 1 10 12 1 9 12 1 10 12 1 10 12 1 10 12 1 10 12 1 1 10 12 1 10 12 1 1 8 1 10 12 1 10 12 1 10 12 1 10 12 1 1 8 1 10 12 1 1 10 12 1 1 10 12 1 1 10 12 1 10 12 1 10 100 12 1 1 1 9 12 1 8 1 10 12 1 10 12 1 10 12 1 10 12 1 10 12 1 10 12 1 10 12 1 1 10 12 1 1 10 12 1 1 10 12 1 8 1 1 1 1 1 1 1 1 1 1 1 1 1 1 1 1 1 1 100 1 1 1 1 100 1 1 1 1 1 1 1 1 1 1 1 1 1 1 1 1 1 1 1 1 1
ciInstanceKlass jdk/internal/module/Modules 1 1 504 10 100 12 1 1 1 9 7 12 1 1 1 11 7 12 1 1 1 11 12 1 1 11 12 1 1 11 12 1 1 11 12 1 11 12 1 11 12 1 11 12 1 11 12 1 1 10 100 12 1 1 1 10 100 12 1 1 1 18 12 1 1 10 100 12 1 1 1 100 1 10 100 12 1 1 1 10 100 12 1 1 1 10 100 12 1 1 10 12 1 1 11 12 1 9 12 1 1 11 7 12 1 1 1 10 12 1 1 10 10 12 1 10 9 12 1 1 10 7 12 1 1 10 12 1 1 10 100 12 1 1 100 1 11 100 12 1 1 1 10 100 12 1 1 1 11 100 12 1 1 10 12 1 1 10 100 12 1 1 10 100 12 1 1 1 10 12 1 1 10 12 1 1 11 12 1 1 18 12 1 1 11 100 12 1 1 10 100 12 1 1 1 11 100 12 1 1 1 100 1 11 12 1 1 11 100 12 1 1 1 11 12 1 1 10 12 1 1 10 100 12 1 1 18 12 1 1 11 12 1 1 18 12 1 1 11 12 1 1 10 12 1 18 18 10 12 1 1 9 12 1 1 11 100 12 1 1 1 100 1 10 11 12 1 11 12 1 1 11 12 1 1 10 100 1 10 12 1 1 10 100 12 1 1 10 12 1 1 11 12 10 12 1 1 100 1 10 18 12 1 10 12 1 1 100 1 8 1 10 12 1 10 100 12 1 1 18 12 1 11 11 12 10 12 1 10 10 100 1 18 12 1 10 10 10 7 12 1 1 10 7 12 1 1 1 10 12 1 1 1 1 1 1 1 1 1 1 1 1 1 1 1 1 1 1 1 1 1 1 1 1 1 1 1 1 1 1 1 1 1 100 1 1 1 1 1 1 1 1 1 1 1 1 1 1 1 1 1 1 1 1 1 1 1 1 1 1 1 1 1 1 1 1 1 1 1 100 1 1 1 1 1 1 1 1 1 1 1 1 1 1 1 1 1 1 1 1 1 1 1 15 10 100 12 1 1 1 16 15 10 12 1 16 16 15 10 12 1 16 1 16 1 15 10 12 1 16 1 16 1 15 10 12 16 1 15 10 16 1 15 10 12 16 1 15 10 12 16 15 10 12 16 15 10 12 1 1 1 100 1 100 1 1
staticfield jdk/internal/module/Modules JLA Ljdk/internal/access/JavaLangAccess; java/lang/System$2
staticfield jdk/internal/module/Modules JLMA Ljdk/internal/access/JavaLangModuleAccess; java/lang/module/ModuleDescriptor$1
staticfield jdk/internal/module/Modules $assertionsDisabled Z 1
ciInstanceKlass java/util/concurrent/TimeUnit 1 1 285 7 1 9 12 1 1 9 12 1 9 12 1 9 12 1 9 12 1 9 12 1 9 12 1 9 12 1 1 10 7 12 1 1 10 7 12 1 1 1 10 12 1 1 9 12 1 1 100 1 5 0 9 12 1 5 0 9 12 1 9 12 1 5 0 9 12 1 1 9 12 1 5 0 9 12 1 9 12 1 5 0 9 7 12 1 1 1 10 12 1 1 10 12 1 1 10 12 1 10 12 1 10 12 1 10 12 1 1 10 100 12 1 1 1 10 12 1 3 5 0 5 0 5 0 10 12 1 1 10 100 12 1 1 1 10 100 12 1 1 10 12 1 9 100 12 1 1 1 9 12 1 9 12 1 9 12 9 12 9 12 9 12 100 1 10 12 1 9 12 1 8 1 10 100 12 1 1 1 10 100 1 100 1 10 8 1 10 12 1 1 10 12 1 10 12 1 1 10 12 1 8 10 12 1 8 8 8 8 8 8 10 12 1 1 1 1 5 0 1 1 1 1 1 1 1 1 1 1 1 1 1 1 1 1 1 1 1 100 1 1 1 1 1 1 1 1 1 1 1 1 1 1 1 1 1 1 1 1 1 1 1 1 1 1 1 1 1 1 7 1 1 1 1 1 1 1 1 1 1 1 1 1 1 1
staticfield java/util/concurrent/TimeUnit NANOSECONDS Ljava/util/concurrent/TimeUnit; java/util/concurrent/TimeUnit
staticfield java/util/concurrent/TimeUnit MICROSECONDS Ljava/util/concurrent/TimeUnit; java/util/concurrent/TimeUnit
staticfield java/util/concurrent/TimeUnit MILLISECONDS Ljava/util/concurrent/TimeUnit; java/util/concurrent/TimeUnit
staticfield java/util/concurrent/TimeUnit SECONDS Ljava/util/concurrent/TimeUnit; java/util/concurrent/TimeUnit
staticfield java/util/concurrent/TimeUnit MINUTES Ljava/util/concurrent/TimeUnit; java/util/concurrent/TimeUnit
staticfield java/util/concurrent/TimeUnit HOURS Ljava/util/concurrent/TimeUnit; java/util/concurrent/TimeUnit
staticfield java/util/concurrent/TimeUnit DAYS Ljava/util/concurrent/TimeUnit; java/util/concurrent/TimeUnit
staticfield java/util/concurrent/TimeUnit $VALUES [Ljava/util/concurrent/TimeUnit; 7 [Ljava/util/concurrent/TimeUnit;
ciMethod java/util/concurrent/TimeUnit convert (JLjava/util/concurrent/TimeUnit;)J 514 0 5332 0 0
ciMethod java/util/concurrent/TimeUnit toMillis (J)J 770 0 2002 0 -1
ciMethod java/util/concurrent/TimeUnit toNanos (J)J 512 0 5376 0 192
ciMethod java/util/concurrent/TimeUnit toMicros (J)J 0 0 1 0 -1
ciMethod java/util/concurrent/TimeUnit toSeconds (J)J 4 0 2 0 -1
ciMethod java/util/concurrent/TimeUnit cvt (JJJ)J 0 0 1 0 -1
ciInstanceKlass java/util/concurrent/locks/LockSupport 1 1 94 10 100 12 1 1 1 9 7 12 1 1 1 9 12 1 1 10 7 12 1 1 1 10 7 12 1 1 1 10 12 1 1 10 12 1 1 10 12 1 1 100 1 10 10 12 1 1 9 12 1 10 12 1 1 10 12 1 1 8 1 10 12 1 1 8 1 1 1 1 1 1 1 1 1 1 1 1 1 1 1 1 1 1 1 1 1 1 1 1 1 1 1 1
staticfield java/util/concurrent/locks/LockSupport U Ljdk/internal/misc/Unsafe; jdk/internal/misc/Unsafe
staticfield java/util/concurrent/locks/LockSupport PARKBLOCKER J 76
staticfield java/util/concurrent/locks/LockSupport TID J 32
instanceKlass org/hibernate/validator/internal/util/ConcurrentReferenceHashMap$Segment
instanceKlass org/springframework/util/ConcurrentReferenceHashMap$Segment
instanceKlass java/util/concurrent/ConcurrentHashMap$Segment
ciInstanceKlass java/util/concurrent/locks/ReentrantLock 1 1 177 10 7 12 1 1 1 7 1 10 9 7 12 1 1 1 100 1 10 10 7 12 1 1 10 12 1 10 12 1 1 10 7 12 1 1 1 10 12 1 1 10 12 1 1 10 12 1 1 10 12 1 1 10 12 1 10 12 1 10 12 1 1 10 12 1 10 12 1 1 10 12 1 10 12 1 1 100 1 10 100 1 100 1 8 1 10 12 1 10 12 1 1 10 12 1 1 10 12 1 1 100 1 10 10 12 1 1 10 12 1 1 8 1 8 1 10 100 12 1 1 8 1 10 100 1 100 1 1 1 1 5 0 1 1 1 1 1 1 1 1 1 1 100 1 1 1 1 1 1 1 1 1 1 1 1 1 1 1 1 1 1 1 1 1 100 1 1 1 1 1 1 1 1 100 1 1
ciMethod java/util/concurrent/locks/ReentrantLock lockInterruptibly ()V 536 0 5234 0 0
ciMethod java/util/concurrent/locks/ReentrantLock unlock ()V 204 0 17367 0 320
instanceKlass java/util/concurrent/ForkJoinPool
instanceKlass io/netty/util/concurrent/AbstractEventExecutor
instanceKlass java/util/concurrent/ThreadPoolExecutor
ciInstanceKlass java/util/concurrent/AbstractExecutorService 1 1 247 10 7 12 1 1 1 7 1 10 12 1 10 12 1 100 1 10 10 7 12 1 1 1 10 12 1 1 10 12 1 11 100 12 1 1 1 100 1 10 100 1 10 12 1 100 1 10 12 1 10 100 12 1 1 1 11 12 1 1 11 100 12 1 1 1 100 1 10 12 1 1 10 12 1 1 10 12 1 1 9 100 12 1 1 1 10 12 1 7 1 10 10 12 1 11 100 12 1 1 10 12 1 1 7 1 100 1 10 12 1 10 10 12 1 1 9 12 1 1 100 1 10 10 12 1 1 11 12 1 1 10 10 12 1 11 12 1 100 1 100 1 100 1 11 12 1 10 12 1 11 12 1 1 10 7 12 1 1 100 1 1 1 1 1 1 1 1 1 1 1 1 1 1 1 1 1 1 1 1 1 1 1 1 1 1 1 1 1 1 1 1 1 1 1 1 1 1 1 1 1 1 1 1 1 1 1 1 1 1 1 1 1 1 1 1 1 1 7 1 1 1 1 1 1 1 1 1 1 1 1 1 1 1 1 100 1 1 1 1 1 1 1 1 1 1 1
staticfield java/util/concurrent/AbstractExecutorService $assertionsDisabled Z 1
ciMethod java/util/concurrent/locks/LockSupport parkNanos (Ljava/lang/Object;J)V 512 0 1325 0 0
ciMethod java/util/concurrent/locks/LockSupport setCurrentBlocker (Ljava/lang/Object;)V 768 0 560 0 -1
ciMethod java/util/concurrent/locks/LockSupport setBlocker (Ljava/lang/Thread;Ljava/lang/Object;)V 512 0 2652 0 0
ciMethod java/util/concurrent/locks/LockSupport unpark (Ljava/lang/Thread;)V 14 0 427 0 0
ciMethod java/util/concurrent/locks/LockSupport park (Ljava/lang/Object;)V 2 0 4 0 -1
ciMethod java/util/concurrent/ForkJoinPool managedBlock (Ljava/util/concurrent/ForkJoinPool$ManagedBlocker;)V 474 0 282 0 -1
ciMethod java/util/concurrent/atomic/AtomicInteger get ()I 292 0 146 0 0
ciMethod java/util/concurrent/locks/ReentrantLock$Sync lockInterruptibly ()V 536 0 5234 0 0
ciMethod java/util/concurrent/locks/ReentrantLock$NonfairSync initialTryLock ()Z 1024 0 6668 0 352
ciMethod java/lang/Thread clearInterruptEvent ()V 2 0 1 0 -1
ciMethod java/lang/Thread interrupted ()Z 512 0 19695 0 128
ciMethod java/lang/Thread onSpinWait ()V 0 0 1 0 -1
ciMethod java/lang/Thread currentThread ()Ljava/lang/Thread; 512 0 256 0 -1
ciMethod jdk/internal/misc/Unsafe putInt (Ljava/lang/Object;JI)V 512 0 256 0 -1
ciMethod jdk/internal/misc/Unsafe getIntVolatile (Ljava/lang/Object;J)I 512 0 256 0 -1
ciMethod jdk/internal/misc/Unsafe putReferenceOpaque (Ljava/lang/Object;JLjava/lang/Object;)V 512 0 1280 0 -1
ciMethod jdk/internal/misc/Unsafe putIntOpaque (Ljava/lang/Object;JI)V 512 0 1201 0 -1
ciMethod jdk/internal/misc/Unsafe compareAndSetInt (Ljava/lang/Object;JII)Z 512 0 256 0 -1
ciMethod jdk/internal/misc/Unsafe weakCompareAndSetInt (Ljava/lang/Object;JII)Z 512 0 1280 0 -1
ciMethod jdk/internal/misc/Unsafe park (ZJ)V 512 0 256 0 -1
ciMethod jdk/internal/misc/Unsafe unpark (Ljava/lang/Object;)V 512 0 256 0 -1
ciMethod jdk/internal/misc/Unsafe getAndBitwiseAndInt (Ljava/lang/Object;JI)I 512 0 1336 0 -1
ciMethod java/lang/Comparable compareTo (Ljava/lang/Object;)I 0 0 1 0 -1
ciMethod java/lang/Enum ordinal ()I 356 0 178 0 0
ciMethod java/lang/Object <init> ()V 1024 0 1118571 0 128
instanceKlass io/netty/util/internal/shaded/org/jctools/queues/ConcurrentCircularArrayQueueL0Pad
instanceKlass io/netty/util/internal/shaded/org/jctools/queues/BaseMpscLinkedArrayQueuePad1
instanceKlass reactor/core/publisher/FluxMaterialize$MaterializeSubscriber
instanceKlass java/util/concurrent/ArrayBlockingQueue
instanceKlass io/netty/util/internal/DefaultPriorityQueue
instanceKlass java/util/concurrent/ScheduledThreadPoolExecutor$DelayedWorkQueue
instanceKlass org/yaml/snakeyaml/comments/CommentEventsCollector$1
instanceKlass java/util/concurrent/SynchronousQueue
instanceKlass java/util/concurrent/LinkedBlockingDeque
instanceKlass java/util/concurrent/LinkedBlockingQueue
instanceKlass java/util/concurrent/ConcurrentLinkedQueue
ciInstanceKlass java/util/AbstractQueue 1 1 104 10 7 12 1 1 1 10 7 12 1 1 1 100 1 8 1 10 12 1 10 12 1 1 100 1 10 10 12 1 100 1 10 100 1 10 11 100 12 1 1 1 11 100 12 1 1 1 11 12 1 10 12 1 100 1 1 1 1 1 1 1 1 1 1 1 1 1 1 1 1 100 1 1 1 1 1 1 1 1 1 1 1 1 1 1 1 1 100 1 8 1 1 12 10 1 1 1 8 1 1 8 1 1
ciInstanceKlass java/util/concurrent/BlockingQueue 1 0 93 100 1 100 1 100 1 1 1 1 1 1 1 1 1 100 1 1 1 1 1 1 1 1 1 1 1 1 1 1 1 1 1 1 1 1 1 1 1 100 1 8 1 1 12 10 1 1 1 8 1 1 8 1 1 8 1 1 8 1 1 1 8 1 1 1 8 1 1 1 8 1 1 1 8 1 1 1 8 1 1 8 1 1 1 8 1 1 8 1 1 8 1
ciInstanceKlass java/util/concurrent/locks/Condition 1 0 20 100 1 100 1 1 1 1 100 1 1 1 1 1 1 1 1 1 1 1
ciInstanceKlass java/util/concurrent/locks/AbstractQueuedSynchronizer$ConditionObject 1 1 244 7 1 9 7 12 1 1 1 10 7 12 1 1 1 9 7 12 1 1 1 9 12 1 9 12 1 10 12 1 1 10 12 1 1 10 12 1 1 100 1 10 10 12 1 1 10 7 12 1 1 1 9 12 1 1 10 12 1 1 10 12 1 1 10 12 1 1 3 9 12 1 1 9 12 1 1 10 12 1 1 10 10 12 1 1 10 7 12 1 1 1 10 12 1 1 10 12 1 10 12 1 10 7 12 1 1 1 100 1 100 1 10 12 1 10 12 1 10 12 1 1 10 12 1 10 10 12 1 1 10 7 12 1 1 1 10 12 1 1 100 1 5 0 10 100 12 1 1 10 12 1 10 12 1 10 100 12 1 1 1 100 1 10 10 12 1 1 100 1 100 1 1 1 1 5 0 1 1 1 1 1 1 1 1 1 1 1 1 1 1 1 1 1 1 1 1 1 1 1 1 1 1 1 1 1 1 1 1 1 1 1 1 1 1 1 1 1 1 1 1 1 1 1 1 1 1 1 1 1 1 1 1 1 1 1 1 1 100 1 1 100 1 1
ciInstanceKlass java/lang/InterruptedException 1 1 26 10 7 12 1 1 1 10 12 1 100 1 1 1 1 5 0 1 1 1 1 1 1 1 1 1
instanceKlass reactor/core/Exceptions$ReactorRejectedExecutionException
instanceKlass reactor/core/Exceptions$StaticRejectedExecutionException
instanceKlass org/springframework/core/task/TaskRejectedException
ciInstanceKlass java/util/concurrent/RejectedExecutionException 1 1 34 10 7 12 1 1 1 10 12 1 10 12 1 10 12 1 100 1 1 1 1 5 0 1 1 1 1 1 1 1 1 1 1 1
instanceKlass org/springframework/scheduling/concurrent/ThreadPoolTaskExecutor$1
instanceKlass java/util/concurrent/ScheduledThreadPoolExecutor
ciInstanceKlass java/util/concurrent/ThreadPoolExecutor 1 1 603 100 1 7 1 3 3 9 12 1 1 10 7 12 1 1 1 10 12 1 1 10 12 1 1 10 12 1 10 12 1 10 12 1 1 10 12 1 1 3 3 10 12 1 9 12 1 1 11 7 12 1 1 1 10 12 1 1 9 12 1 1 10 7 12 1 1 1 10 12 1 3 10 12 1 1 9 12 1 1 11 7 12 1 1 10 12 1 10 7 12 1 1 1 9 12 1 1 10 100 12 1 1 1 9 12 1 1 10 7 12 1 1 1 11 7 12 1 1 11 12 1 1 7 1 9 12 1 1 10 12 1 1 10 12 1 10 7 12 1 1 10 12 1 10 12 1 10 100 1 9 12 1 1 11 100 12 1 1 1 7 1 10 12 1 11 12 1 1 7 1 11 12 1 1 100 1 11 12 1 1 10 12 1 9 12 1 1 9 12 1 10 12 1 10 12 1 10 12 1 1 9 7 12 1 1 1 100 1 10 10 10 12 1 9 12 1 10 12 1 10 12 1 1 10 10 12 1 10 12 1 9 12 1 1 9 12 1 9 12 1 1 10 12 1 1 10 12 1 9 12 1 9 7 12 1 1 1 11 12 1 1 11 12 1 7 1 10 12 1 1 9 12 1 1 10 12 1 1 10 10 12 1 10 12 1 1 11 12 1 10 12 1 1 100 1 10 12 1 1 10 7 12 1 1 1 9 12 1 10 12 1 10 7 1 10 12 10 10 10 12 1 1 100 1 10 100 1 10 10 12 1 1 9 12 1 1 11 12 1 10 12 1 10 12 1 1 10 12 1 10 12 1 10 12 10 12 1 10 12 1 10 12 1 1 11 12 1 11 10 100 12 1 1 8 1 10 12 1 10 12 1 10 12 1 1 11 100 1 11 12 1 11 12 100 1 11 12 1 10 12 1 8 1 8 1 8 1 100 1 10 10 100 12 1 1 1 10 12 1 1 8 1 8 1 10 12 1 8 1 8 1 8 1 10 12 1 8 1 10 7 1 10 7 1 8 1 10 1 1 3 1 1 1 3 1 1 1 1 1 1 1 3 1 1 1 1 1 1 1 1 1 1 1 1 1 1 1 1 1 1 1 1 1 1 1 1 1 1 1 1 1 1 1 1 1 1 1 1 1 1 1 1 1 1 1 1 1 1 1 100 1 1 1 1 1 1 1 1 1 100 1 1 1 1 1 1 1 1 1 1 1 1 1 1 1 1 1 1 1 1 1 1 1 1 1 1 1 1 1 1 1 1 1 1 1 1 1 1 1 1 1 1 1 1 1 1 1 1 1 1 100 1 1 1 1 1 1 1 1 1 1 1 1 100 1 1 1 1 1 100 1 100 1 100 1 1 1 1 1 1 1 1
staticfield java/util/concurrent/ThreadPoolExecutor defaultHandler Ljava/util/concurrent/RejectedExecutionHandler; java/util/concurrent/ThreadPoolExecutor$AbortPolicy
staticfield java/util/concurrent/ThreadPoolExecutor shutdownPerm Ljava/lang/RuntimePermission; java/lang/RuntimePermission
ciInstanceKlass java/util/concurrent/SynchronousQueue 1 1 228 10 7 12 1 1 1 10 7 12 1 1 100 1 10 7 1 10 9 12 1 1 100 1 10 10 7 12 1 1 1 10 7 12 1 1 1 7 1 10 10 7 12 1 1 1 11 100 12 1 1 10 100 12 1 1 1 10 100 12 1 1 1 100 1 8 1 10 100 12 1 1 1 100 1 10 10 12 1 1 11 12 1 1 100 1 10 9 12 1 1 100 1 10 9 12 1 1 9 12 1 10 100 1 10 10 100 12 1 1 10 100 12 1 1 7 1 100 1 100 1 1 1 1 5 0 1 5 0 1 1 1 1 1 1 1 1 1 1 1 1 1 1 1 1 1 1 1 1 1 1 1 1 1 1 1 1 1 1 1 1 1 1 1 1 1 1 1 1 1 1 1 1 1 1 1 1 1 1 1 1 1 1 1 1 1 1 1 1 1 1 1 1 1 1 1 1 1 1 1 1 100 1 1 1 1 100 1 1 1 1 1 1 100 1 100 1 100 1 1 1 1 1 1 1 1 1 1
instanceKlass java/util/concurrent/SynchronousQueue$TransferStack
ciInstanceKlass java/util/concurrent/SynchronousQueue$Transferer 1 1 28 10 7 12 1 1 1 100 1 1 1 1 1 1 1 1 1 1 1 1 1 1 1 1 100 1 1 1
ciInstanceKlass java/util/concurrent/ForkJoinPool$ManagedBlocker 1 0 18 100 1 100 1 1 1 1 100 1 1 1 1 1 100 1 1 1
instanceKlass java/util/concurrent/ScheduledThreadPoolExecutor$ScheduledFutureTask
ciInstanceKlass java/util/concurrent/FutureTask 1 1 310 9 7 12 1 1 1 100 1 10 12 1 1 100 1 100 1 10 12 1 10 7 1 100 1 10 9 12 1 1 9 12 1 1 10 7 12 1 1 9 12 1 1 10 7 12 1 1 1 9 12 1 1 10 7 12 1 1 10 12 1 1 10 12 1 10 12 1 1 10 12 1 1 10 7 12 1 1 1 100 1 10 9 12 1 10 12 1 1 10 12 1 11 7 12 1 1 1 10 12 1 10 12 1 1 10 12 1 1 10 12 1 9 12 1 1 9 12 1 10 12 1 1 9 7 12 1 1 10 7 12 1 1 1 9 12 1 10 12 1 10 12 1 1 10 12 1 1 100 1 10 10 10 12 1 10 7 12 1 1 1 10 12 1 1 10 12 1 10 12 8 1 100 1 10 8 1 10 12 1 1 10 12 1 8 1 10 12 1 1 8 1 8 1 8 1 10 10 7 12 1 1 1 8 9 7 12 1 1 1 10 7 12 1 1 1 8 8 100 1 100 1 10 100 1 1 1 3 1 3 1 3 1 3 1 3 1 3 1 3 1 1 1 1 1 1 1 1 1 1 1 1 1 1 1 1 1 1 1 1 1 1 1 1 1 1 1 1 1 1 1 1 1 1 1 1 1 1 1 1 1 1 1 1 1 1 1 1 1 1 1 1 1 1 1 1 100 1 1 1 1 1 1 1 1 1 1 1 1 1
staticfield java/util/concurrent/FutureTask STATE Ljava/lang/invoke/VarHandle; java/lang/invoke/VarHandleInts$FieldInstanceReadWrite
staticfield java/util/concurrent/FutureTask RUNNER Ljava/lang/invoke/VarHandle; java/lang/invoke/VarHandleReferences$FieldInstanceReadWrite
staticfield java/util/concurrent/FutureTask WAITERS Ljava/lang/invoke/VarHandle; java/lang/invoke/VarHandleReferences$FieldInstanceReadWrite
ciInstanceKlass java/util/concurrent/ThreadPoolExecutor$Worker 1 1 111 9 7 12 1 1 1 10 7 12 1 1 1 10 12 1 1 9 12 1 1 10 7 12 1 1 1 11 7 12 1 1 1 9 12 1 1 10 12 1 1 10 12 1 1 10 12 1 1 10 7 12 1 1 1 10 12 1 1 10 12 1 10 12 1 1 10 12 1 10 12 1 1 10 12 1 10 12 1 100 1 100 1 1 1 1 5 0 1 1 1 1 1 1 1 1 1 1 1 1 1 1 1 1 1 1 1 1 1 1 1
ciInstanceKlass java/util/concurrent/ScheduledThreadPoolExecutor$DelayedWorkQueue 1 1 284 10 7 12 1 1 1 7 1 7 1 9 12 1 1 7 1 10 9 12 1 1 10 12 1 1 9 12 1 1 7 1 9 12 1 1 11 12 1 1 10 12 1 1 9 12 1 100 1 3 10 7 12 1 1 1 7 10 100 12 1 1 1 10 12 10 12 1 10 12 1 10 12 1 1 10 12 1 10 12 1 100 1 10 10 12 1 9 12 1 1 11 7 12 1 1 10 12 1 1 9 7 12 1 1 1 11 12 1 1 10 12 1 1 10 12 1 11 12 1 10 7 12 1 1 1 11 12 1 1 10 12 1 10 12 1 1 10 7 12 1 1 1 100 1 10 11 100 12 1 1 100 1 10 12 1 10 12 1 1 10 100 12 1 1 1 100 1 10 12 1 7 1 10 12 10 12 1 1 10 12 1 10 12 1 10 12 1 10 12 1 10 12 1 1 100 1 1 1 3 1 1 1 1 1 1 1 1 1 1 1 1 1 1 1 1 1 1 1 1 1 1 1 1 1 1 1 1 1 100 1 1 1 1 1 1 1 1 1 1 1 1 1 1 1 1 1 100 1 1 1 1 1 1 1 1 1 1 1 1 1 1 1 1 1 1 1 1 1 1 1 1 1 1 1 1 1 1 100 1 1 1 1 1
ciInstanceKlass java/util/concurrent/Delayed 1 0 13 100 1 100 1 100 1 1 1 1 1 1 1
ciInstanceKlass java/util/concurrent/RunnableScheduledFuture 1 0 15 100 1 100 1 100 1 100 1 1 1 1 1 1 1
ciInstanceKlass java/util/concurrent/ScheduledThreadPoolExecutor$ScheduledFutureTask 1 1 144 9 7 12 1 1 1 10 7 12 1 1 1 9 12 1 1 9 12 1 1 9 12 1 9 12 1 10 12 1 10 7 12 1 1 1 9 7 12 1 1 1 10 12 1 1 10 12 1 1 11 7 1 10 7 12 1 1 1 10 12 1 1 9 12 1 1 9 12 1 1 10 12 1 1 10 12 1 1 10 10 12 1 1 10 12 1 1 10 12 1 10 12 1 10 12 1 1 10 12 1 1 100 1 1 1 1 1 1 1 1 1 1 1 1 1 1 1 1 1 1 1 1 1 1 1 1 1 1 1 1 1 1 1 1 1 1 1 1 1 1 1 1 1
ciInstanceKlass java/util/concurrent/TimeUnit$1 1 1 81 10 7 12 1 1 1 9 7 12 1 1 1 9 12 1 1 10 12 1 1 100 1 9 12 1 9 12 1 9 12 1 9 12 1 9 12 1 9 12 1 10 7 12 1 1 9 12 1 9 12 1 1 10 9 12 1 9 12 1 9 12 9 12 9 12 9 12 100 1 1 1 1 1 1 1 1 1 1 1 1
staticfield java/util/concurrent/TimeUnit$1 $SwitchMap$java$util$concurrent$TimeUnit [I 7
staticfield java/util/concurrent/TimeUnit$1 $SwitchMap$java$time$temporal$ChronoUnit [I 16
instanceKlass java/util/concurrent/locks/AbstractQueuedSynchronizer$SharedNode
instanceKlass java/util/concurrent/locks/AbstractQueuedSynchronizer$ExclusiveNode
instanceKlass java/util/concurrent/locks/AbstractQueuedSynchronizer$ConditionNode
ciInstanceKlass java/util/concurrent/locks/AbstractQueuedSynchronizer$Node 1 1 84 10 7 12 1 1 1 9 7 12 1 1 1 9 7 12 1 1 1 10 7 12 1 1 1 9 12 1 9 12 1 10 12 1 1 10 12 1 1 10 12 1 1 10 12 1 8 1 10 12 1 1 8 1 8 1 1 1 1 1 1 1 1 1 1 1 1 1 1 1 1 1 1 1 1 1 1 1 1 1 1 1 1 1
staticfield java/util/concurrent/locks/AbstractQueuedSynchronizer$Node STATUS J 12
staticfield java/util/concurrent/locks/AbstractQueuedSynchronizer$Node NEXT J 20
staticfield java/util/concurrent/locks/AbstractQueuedSynchronizer$Node PREV J 16
ciInstanceKlass java/util/concurrent/locks/AbstractQueuedSynchronizer$ConditionNode 1 1 52 10 7 12 1 1 1 9 7 12 1 1 1 10 7 12 1 1 1 10 12 1 1 10 12 1 10 7 12 1 1 100 1 1 1 1 1 1 1 1 1 1 1 1 100 1 1 1 1 100 1 1
ciInstanceKlass java/util/concurrent/locks/AbstractQueuedSynchronizer$ExclusiveNode 1 1 22 10 7 12 1 1 1 100 1 1 1 1 1 1 1 1 1 100 1 1 1 1
ciInstanceKlass java/util/concurrent/locks/AbstractQueuedSynchronizer$SharedNode 1 1 22 10 7 12 1 1 1 100 1 1 1 1 1 1 1 1 1 100 1 1 1 1
ciMethodData java/lang/Object <init> ()V 2 1118571 orig 80 1 0 0 0 0 0 0 0 0 0 0 0 59 72 0 0 0 0 0 0 0 0 0 0 0 0 0 0 0 0 0 0 0 0 0 0 0 0 0 0 0 0 0 0 0 0 0 0 0 0 0 0 0 0 0 0 0 0 0 0 0 0 0 0 0 0 0 0 0 0 0 0 0 0 0 0 0 0 0 0 data 4 0x0 0x9 0x1 0x0 oops 0 methods 0
ciMethod java/util/concurrent/BlockingQueue take ()Ljava/lang/Object; 0 0 1 0 -1
ciMethod java/util/concurrent/BlockingQueue poll (JLjava/util/concurrent/TimeUnit;)Ljava/lang/Object; 0 0 1 0 -1
ciMethod java/util/concurrent/BlockingQueue isEmpty ()Z 0 0 1 0 -1
ciMethod java/util/concurrent/locks/Condition await ()V 0 0 1 0 -1
ciMethod java/util/concurrent/locks/Condition awaitNanos (J)J 0 0 1 0 -1
ciMethod java/util/concurrent/locks/Condition signal ()V 0 0 1 0 -1
ciMethod java/util/concurrent/locks/AbstractQueuedSynchronizer$ConditionObject doSignal (Ljava/util/concurrent/locks/AbstractQueuedSynchronizer$ConditionNode;Z)V 0 0 135 0 0
ciMethod java/util/concurrent/locks/AbstractQueuedSynchronizer$ConditionObject signal ()V 544 0 5238 0 0
ciMethod java/util/concurrent/locks/AbstractQueuedSynchronizer$ConditionObject enableWait (Ljava/util/concurrent/locks/AbstractQueuedSynchronizer$ConditionNode;)I 512 0 1203 0 0
ciMethod java/util/concurrent/locks/AbstractQueuedSynchronizer$ConditionObject canReacquire (Ljava/util/concurrent/locks/AbstractQueuedSynchronizer$ConditionNode;)Z 512 0 2498 0 0
ciMethod java/util/concurrent/locks/AbstractQueuedSynchronizer$ConditionObject unlinkCancelledWaiters (Ljava/util/concurrent/locks/AbstractQueuedSynchronizer$ConditionNode;)V 512 570 1062 0 0
ciMethod java/util/concurrent/locks/AbstractQueuedSynchronizer$ConditionObject await ()V 0 0 135 0 0
ciMethod java/util/concurrent/locks/AbstractQueuedSynchronizer$ConditionObject awaitNanos (J)J 132 130 1068 0 0
ciMethod java/lang/InterruptedException <init> ()V 2 0 1 0 -1
ciMethodData java/lang/Thread interrupted ()Z 2 19695 orig 80 0 0 0 0 0 0 0 0 0 0 0 0 59 72 0 0 0 0 0 0 0 0 0 0 0 0 0 0 0 0 0 0 0 0 0 0 0 0 0 0 0 0 0 0 0 0 0 0 0 0 0 0 0 0 0 0 0 0 0 0 0 0 0 0 0 0 0 0 0 0 0 0 0 0 0 0 0 0 0 0 data 16 0x2 0x4bf2 0xa0007 0x4bf2 0x30 0x1 0x120002 0x1 0x0 0x0 0x0 0x0 0x0 0x0 0x9 0x0 oops 0 methods 0
ciMethodData java/util/concurrent/locks/ReentrantLock unlock ()V 2 17367 orig 80 0 0 0 0 0 0 0 0 0 0 0 0 59 72 0 0 0 0 0 0 0 0 0 0 0 0 0 0 0 0 0 0 0 0 0 0 0 0 0 0 0 0 0 0 0 0 0 0 0 0 0 0 0 0 0 0 0 0 0 0 0 0 0 0 0 0 0 0 0 0 0 0 0 0 0 0 0 0 0 0 data 16 0x50005 0x4371 0x0 0x0 0x0 0x0 0x0 0x0 0x0 0x0 0x0 0x0 0x0 0x9 0x1 0x0 oops 0 methods 0
ciMethodData java/util/concurrent/locks/AbstractQueuedSynchronizer release (I)Z 2 23470 orig 80 0 0 0 0 0 0 0 0 0 0 0 0 59 72 0 0 0 0 1 0 0 0 0 0 0 0 0 0 0 0 0 0 0 0 0 0 0 0 0 0 0 0 0 0 0 0 0 0 0 0 0 0 0 0 0 0 0 0 0 0 0 0 0 0 0 0 0 0 0 0 0 0 0 0 0 0 0 0 0 0 data 23 0x20005 0x13c2 0x0 0x1cb61cd4c30 0x4738 0x1cb60047690 0x4e 0x50007 0x172 0x30 0x59d6 0x2000c0002 0x59d7 0x0 0x0 0x0 0x0 0x0 0x0 0x9 0x2 0x0 0x0 oops 2 3 java/util/concurrent/locks/ReentrantLock$NonfairSync 5 java/util/concurrent/ThreadPoolExecutor$Worker methods 0
ciMethodData java/util/concurrent/locks/ReentrantLock$Sync tryRelease (I)Z 2 7270 orig 80 0 0 0 0 0 0 0 0 0 0 0 0 59 72 0 0 0 0 0 0 0 0 0 0 0 0 0 0 0 0 0 0 0 0 0 0 0 0 0 0 0 0 0 0 0 0 0 0 0 0 0 0 0 0 0 0 0 0 0 0 0 0 0 0 0 0 0 0 0 0 0 0 0 0 0 0 0 0 0 0 data 57 0x10005 0x1c00 0x0 0x0 0x0 0x0 0x0 0x80005 0x1c00 0x0 0x0 0x0 0x0 0x0 0xb0002 0x1c00 0xe0007 0x1c00 0x30 0x0 0x150002 0x0 0x1a0007 0x172 0x38 0x1a8e 0x1e0003 0x1a8e 0x18 0x240007 0x172 0x58 0x1a8e 0x290005 0x1a8e 0x0 0x0 0x0 0x0 0x0 0x2e0005 0x1c00 0x0 0x0 0x0 0x0 0x0 0x0 0x0 0x0 0x0 0x0 0x0 0x9 0x2 0x6 0x0 oops 0 methods 0
ciMethodData java/util/concurrent/locks/AbstractQueuedSynchronizer signalNext (Ljava/util/concurrent/locks/AbstractQueuedSynchronizer$Node;)V 2 8722 orig 80 0 0 0 0 0 0 0 0 0 0 0 0 59 72 0 0 0 0 0 0 0 0 0 0 0 0 0 0 0 0 0 0 0 0 0 0 0 0 0 0 0 0 0 0 0 0 0 0 0 0 0 0 0 0 0 0 0 0 0 0 0 0 0 0 0 0 0 0 0 0 0 0 0 0 0 0 0 0 0 0 data 30 0x10007 0x1a0b 0xa8 0x2 0xa0007 0x1 0x88 0x1 0x110007 0x0 0x68 0x1 0x160005 0x1 0x0 0x0 0x0 0x0 0x0 0x1e0002 0x1 0x0 0x0 0x0 0x0 0x0 0x0 0x9 0x1 0x0 oops 0 methods 0
ciMethod java/util/concurrent/ThreadPoolExecutor workerCountOf (I)I 512 0 10964 0 0
ciMethod java/util/concurrent/ThreadPoolExecutor runStateAtLeast (II)Z 580 0 14161 0 96
ciMethod java/util/concurrent/ThreadPoolExecutor compareAndDecrementWorkerCount (I)Z 2 0 1 0 -1
ciMethod java/util/concurrent/ThreadPoolExecutor decrementWorkerCount ()V 2 0 1 0 -1
ciMethod java/util/concurrent/ThreadPoolExecutor getTask ()Ljava/lang/Runnable; 514 4 5387 0 -1
ciMethod java/util/concurrent/SynchronousQueue take ()Ljava/lang/Object; 294 0 147 0 0
ciMethod java/util/concurrent/SynchronousQueue$Transferer transfer (Ljava/lang/Object;ZJ)Ljava/lang/Object; 0 0 1 0 -1
ciMethodData java/util/concurrent/locks/AbstractQueuedSynchronizer compareAndSetState (II)Z 2 1541 orig 80 0 0 0 0 0 0 0 0 0 0 0 0 59 72 0 0 0 0 0 0 0 0 0 0 0 0 0 0 0 0 0 0 0 0 0 0 0 0 0 0 0 0 0 0 0 0 0 0 0 0 0 0 0 0 0 0 0 0 0 0 0 0 0 0 0 0 0 0 0 0 0 0 0 0 0 0 0 0 0 0 data 18 0x90005 0x2 0x0 0x0 0x0 0x0 0x0 0x0 0x0 0x0 0x0 0x0 0x0 0x9 0x3 0xffffffffffffffff 0x0 0x0 oops 0 methods 0
ciMethodData java/util/concurrent/locks/ReentrantLock$NonfairSync initialTryLock ()Z 2 6668 orig 80 0 0 0 0 0 0 0 0 0 0 0 0 59 72 0 0 0 0 0 0 0 0 0 0 0 0 0 0 0 0 0 0 0 0 0 0 0 0 0 0 0 0 0 0 0 0 0 0 0 0 0 0 0 0 0 0 0 0 0 0 0 0 0 0 0 0 0 0 0 0 0 0 0 0 0 0 0 0 0 0 data 60 0x2 0x180d 0x70005 0x180d 0x0 0x0 0x0 0x0 0x0 0xa0007 0x1a 0x58 0x17f5 0xf0005 0x17f5 0x0 0x0 0x0 0x0 0x0 0x150005 0x1a 0x0 0x0 0x0 0x0 0x0 0x190007 0x0 0xc0 0x1a 0x1d0005 0x1a 0x0 0x0 0x0 0x0 0x0 0x240007 0x1a 0x30 0x0 0x2d0002 0x0 0x330005 0x1a 0x0 0x0 0x0 0x0 0x0 0x0 0x0 0x0 0x0 0x0 0x0 0x9 0x1 0xffffffffffffffff oops 0 methods 0
ciMethod java/util/concurrent/ScheduledThreadPoolExecutor$DelayedWorkQueue setIndex (Ljava/util/concurrent/RunnableScheduledFuture;I)V 796 0 30550 0 0
ciMethod java/util/concurrent/ScheduledThreadPoolExecutor$DelayedWorkQueue siftDown (ILjava/util/concurrent/RunnableScheduledFuture;)V 576 2052 4393 0 1888
ciMethod java/util/concurrent/ScheduledThreadPoolExecutor$DelayedWorkQueue finishPoll (Ljava/util/concurrent/RunnableScheduledFuture;)Ljava/util/concurrent/RunnableScheduledFuture; 524 0 5228 0 0
ciMethod java/util/concurrent/ScheduledThreadPoolExecutor$DelayedWorkQueue take ()Ljava/util/concurrent/RunnableScheduledFuture; 522 130 5234 0 0
ciMethod java/util/concurrent/ScheduledThreadPoolExecutor$DelayedWorkQueue take ()Ljava/lang/Object; 516 0 5234 0 0
ciMethod java/util/concurrent/Delayed getDelay (Ljava/util/concurrent/TimeUnit;)J 0 0 1 0 -1
ciMethod java/util/concurrent/ScheduledThreadPoolExecutor$ScheduledFutureTask getDelay (Ljava/util/concurrent/TimeUnit;)J 108 0 5178 0 320
ciMethod java/util/concurrent/ScheduledThreadPoolExecutor$ScheduledFutureTask compareTo (Ljava/util/concurrent/Delayed;)I 602 0 5490 0 224
ciMethod java/util/concurrent/ScheduledThreadPoolExecutor$ScheduledFutureTask compareTo (Ljava/lang/Object;)I 562 0 35871 0 0
ciMethod java/util/concurrent/locks/AbstractQueuedSynchronizer$ConditionNode <init> ()V 512 0 1203 0 0
ciMethod java/util/concurrent/locks/AbstractQueuedSynchronizer$ConditionNode block ()Z 270 268 135 0 -1
ciMethod java/util/concurrent/locks/AbstractQueuedSynchronizer$Node <init> ()V 512 0 1216 0 0
ciMethod java/util/concurrent/locks/AbstractQueuedSynchronizer$Node getAndUnsetStatus (I)I 4 0 1336 0 0
ciMethod java/util/concurrent/locks/AbstractQueuedSynchronizer$Node setPrevRelaxed (Ljava/util/concurrent/locks/AbstractQueuedSynchronizer$Node;)V 76 0 147 0 -1
ciMethod java/util/concurrent/locks/AbstractQueuedSynchronizer$Node setStatusRelaxed (I)V 512 0 1203 0 0
ciMethod java/util/concurrent/locks/AbstractQueuedSynchronizer$Node clearStatus ()V 512 0 1201 0 0
ciMethodData java/util/concurrent/locks/ReentrantLock$Sync isHeldExclusively ()Z 2 5380 orig 80 0 0 0 0 0 0 0 0 0 0 0 0 59 72 0 0 0 0 0 0 0 0 0 0 0 0 0 0 0 0 0 0 0 0 0 0 0 0 0 0 0 0 0 0 0 0 0 0 0 0 0 0 0 0 0 0 0 0 0 0 0 0 0 0 0 0 0 0 0 0 0 0 0 0 0 0 0 0 0 0 data 25 0x10005 0x1404 0x0 0x0 0x0 0x0 0x0 0x40002 0x1404 0x70007 0x0 0x38 0x1404 0xb0003 0x1404 0x18 0x0 0x0 0x0 0x0 0x0 0x0 0x9 0x1 0x0 oops 0 methods 0
ciMethodData java/util/concurrent/locks/AbstractQueuedSynchronizer$ConditionObject doSignal (Ljava/util/concurrent/locks/AbstractQueuedSynchronizer$ConditionNode;Z)V 1 135 orig 80 0 0 0 0 0 0 0 0 0 0 0 0 59 72 0 0 0 0 0 0 0 0 0 0 0 0 0 0 0 0 0 0 0 0 0 0 0 0 0 0 0 0 0 0 0 0 0 0 0 0 0 0 0 0 0 0 0 0 0 0 0 0 0 0 0 0 0 0 0 0 0 0 0 0 0 0 0 0 0 0 data 47 0x10007 0x0 0x120 0x87 0xf0007 0x0 0x20 0x87 0x190005 0x87 0x0 0x0 0x0 0x0 0x0 0x1e0007 0x0 0x90 0x87 0x260005 0x87 0x0 0x0 0x0 0x0 0x0 0x2a0007 0x0 0x38 0x87 0x2d0003 0x87 0x30 0x320003 0x0 0xfffffffffffffef8 0x0 0x0 0x0 0x0 0x0 0x0 0x9 0x3 0x6 0xffffffffffffffff 0x0 oops 0 methods 0
ciMethodData java/util/concurrent/locks/AbstractQueuedSynchronizer$ConditionObject await ()V 1 135 orig 80 0 0 0 0 0 0 0 0 0 0 0 0 59 72 0 0 0 0 0 0 0 0 0 0 0 0 0 0 0 0 0 0 0 0 0 0 0 0 0 0 0 0 0 0 0 0 0 0 0 0 0 0 0 0 0 0 0 0 0 0 0 0 0 0 0 0 0 0 0 0 0 0 0 0 0 0 0 0 0 0 data 142 0x2 0x87 0x30007 0x87 0x30 0x0 0xa0002 0x0 0x120002 0x87 0x180005 0x87 0x0 0x0 0x0 0x0 0x0 0x1d0002 0x87 0x2a0005 0x10d 0x0 0x0 0x0 0x0 0x0 0x2d0007 0x86 0x208 0x87 0x310002 0x87 0x370007 0x87 0xc8 0x0 0x3c0005 0x0 0x0 0x0 0x0 0x0 0x0 0x410007 0x0 0x38 0x0 0x450003 0x0 0x18 0x4c0007 0x0 0xffffffffffffff08 0x0 0x4f0003 0x0 0x128 0x580007 0x0 0xe8 0x87 0x5d0007 0x87 0x70 0x0 0x610005 0x0 0x0 0x0 0x0 0x0 0x0 0x650003 0x0 0x28 0x690002 0x87 0x6c0003 0x86 0xfffffffffffffe30 0x740003 0x0 0xfffffffffffffe18 0x7b0003 0x0 0xfffffffffffffe00 0x7e0002 0x0 0x810003 0x0 0xfffffffffffffdd8 0x850002 0x86 0x890005 0x86 0x0 0x0 0x0 0x0 0x0 0x960005 0x86 0x0 0x0 0x0 0x0 0x0 0x9b0007 0x86 0xd0 0x0 0xa00007 0x0 0x68 0x0 0xa50005 0x0 0x0 0x0 0x0 0x0 0x0 0xac0002 0x0 0xb00002 0x0 0xb30005 0x0 0x0 0x0 0x0 0x0 0x0 0x0 0x0 0x0 0x0 0x0 0x0 0x9 0x1 0x0 oops 0 methods 0
ciMethod java/util/concurrent/locks/AbstractQueuedSynchronizer$ExclusiveNode <init> ()V 8 0 11 0 -1
ciMethodData java/util/concurrent/locks/AbstractQueuedSynchronizer$Node getAndUnsetStatus (I)I 2 1336 orig 80 0 0 0 0 0 0 0 0 0 0 0 0 59 72 0 0 0 0 0 0 0 0 0 0 0 0 0 0 0 0 0 0 0 0 0 0 0 0 0 0 0 0 0 0 0 0 0 0 0 0 0 0 0 0 0 0 0 0 0 0 0 0 0 0 0 0 0 0 0 0 0 0 0 0 0 0 0 0 0 0 data 20 0xa000b 0x536 0x0 0x0 0x0 0x0 0x0 0x2 0x1 0x2 0x0 0x0 0x0 0x0 0x0 0x0 0x9 0x2 0xffffffffffffffff 0x0 oops 0 methods 0
ciMethodData java/util/concurrent/locks/LockSupport unpark (Ljava/lang/Thread;)V 1 427 orig 80 0 0 0 0 0 0 0 0 0 0 0 0 59 72 0 0 0 0 0 0 0 0 0 0 0 0 0 0 0 0 0 0 0 0 0 0 0 0 0 0 0 0 0 0 0 0 0 0 0 0 0 0 0 0 0 0 0 0 0 0 0 0 0 0 0 0 0 0 0 0 0 0 0 0 0 0 0 0 0 0 data 20 0x10007 0x0 0x58 0x1a4 0x80005 0x1a4 0x0 0x0 0x0 0x0 0x0 0x0 0x0 0x0 0x0 0x0 0x0 0x9 0x1 0xffffffffffffffff oops 0 methods 0
ciMethod java/util/concurrent/locks/AbstractQueuedSynchronizer$SharedNode <init> ()V 4 0 2 0 -1
ciMethodData java/util/concurrent/ScheduledThreadPoolExecutor$ScheduledFutureTask compareTo (Ljava/lang/Object;)I 2 35871 orig 80 0 0 0 0 0 0 0 0 0 0 0 0 59 72 0 0 0 0 0 0 0 0 0 0 0 0 0 0 0 0 0 0 0 0 0 0 0 0 0 0 0 0 0 0 0 0 0 0 0 0 0 0 0 0 0 0 0 0 0 0 0 0 0 0 0 0 0 0 0 0 0 0 0 0 0 0 0 0 0 0 data 24 0x20004 0x0 0x0 0x1cb60d01b70 0x8b06 0x0 0x0 0x50005 0x0 0x0 0x1cb60d01b70 0x8b06 0x0 0x0 0x0 0x0 0x0 0x0 0x0 0x0 0x9 0x2 0x0 0x0 oops 2 3 java/util/concurrent/ScheduledThreadPoolExecutor$ScheduledFutureTask 10 java/util/concurrent/ScheduledThreadPoolExecutor$ScheduledFutureTask methods 0
ciMethodData java/util/concurrent/ScheduledThreadPoolExecutor$ScheduledFutureTask compareTo (Ljava/util/concurrent/Delayed;)I 2 5490 orig 80 0 0 0 0 0 0 0 0 0 0 0 0 59 72 0 0 0 0 0 0 0 0 0 0 0 0 0 0 0 0 0 0 0 0 0 0 0 0 0 0 0 0 0 0 0 0 0 0 0 0 0 0 0 0 0 0 0 0 0 0 0 0 0 0 0 0 0 0 0 0 0 0 0 0 0 0 0 0 0 0 data 72 0x20007 0x1445 0x20 0x0 0x80004 0x0 0x0 0x1cb60d01b70 0x1445 0x0 0x0 0xb0007 0x0 0xb8 0x1445 0xf0004 0x0 0x0 0x1cb60d01b70 0x1445 0x0 0x0 0x200007 0xf5c 0x20 0x4e9 0x280007 0x0 0x20 0xf5c 0x360007 0x0 0x20 0x0 0x410005 0x0 0x0 0x0 0x0 0x0 0x0 0x480005 0x0 0x0 0x0 0x0 0x0 0x0 0x520007 0x0 0x38 0x0 0x560003 0x0 0x50 0x5c0007 0x0 0x38 0x0 0x600003 0x0 0x18 0x0 0x0 0x0 0x0 0x0 0x0 0x9 0x2 0x0 0x0 oops 2 7 java/util/concurrent/ScheduledThreadPoolExecutor$ScheduledFutureTask 18 java/util/concurrent/ScheduledThreadPoolExecutor$ScheduledFutureTask methods 0
ciMethodData java/util/concurrent/ScheduledThreadPoolExecutor$ScheduledFutureTask getDelay (Ljava/util/concurrent/TimeUnit;)J 2 5178 orig 80 0 0 0 0 0 0 0 0 0 0 0 0 59 72 0 0 0 0 0 0 0 0 0 0 0 0 0 0 0 0 0 0 0 0 0 0 0 0 0 0 0 0 0 0 0 0 0 0 0 0 0 0 0 0 0 0 0 0 0 0 0 0 0 0 0 0 0 0 0 0 0 0 0 0 0 0 0 0 0 0 data 19 0x50002 0x1404 0xc0005 0x1404 0x0 0x0 0x0 0x0 0x0 0x0 0x0 0x0 0x0 0x0 0x0 0x9 0x2 0x0 0x0 oops 0 methods 0
ciMethodData java/util/concurrent/ThreadPoolExecutor runStateAtLeast (II)Z 2 14161 orig 80 0 0 0 0 0 0 0 0 0 0 0 0 59 72 0 0 0 0 0 0 0 0 0 0 0 0 0 0 0 0 0 0 0 0 0 0 0 0 0 0 0 0 0 0 0 0 0 0 0 0 0 0 0 0 0 0 0 0 0 0 0 0 0 0 0 0 0 0 0 0 0 0 0 0 0 0 0 0 0 0 data 12 0x20007 0x362f 0x38 0x0 0x60003 0x0 0x18 0x0 0x9 0x2 0x0 0x0 oops 0 methods 0
ciMethodData java/util/concurrent/ScheduledThreadPoolExecutor$DelayedWorkQueue setIndex (Ljava/util/concurrent/RunnableScheduledFuture;I)V 2 30550 orig 80 0 0 0 0 0 0 0 0 0 0 0 0 59 72 0 0 0 0 0 0 0 0 0 0 0 0 0 0 0 0 0 0 0 0 0 0 0 0 0 0 0 0 0 0 0 0 0 0 0 0 0 0 0 0 0 0 0 0 0 0 0 0 0 0 0 0 0 0 0 0 0 0 0 0 0 0 0 0 0 0 data 28 0x10004 0x0 0x0 0x1cb60d01b70 0x75c8 0x0 0x0 0x40007 0x0 0x58 0x75c8 0x80004 0x0 0x0 0x1cb60d01b70 0x75c8 0x0 0x0 0x0 0x0 0x0 0x0 0x0 0x0 0x9 0x2 0x0 0x0 oops 2 3 java/util/concurrent/ScheduledThreadPoolExecutor$ScheduledFutureTask 14 java/util/concurrent/ScheduledThreadPoolExecutor$ScheduledFutureTask methods 0
ciMethodData java/util/concurrent/TimeUnit toNanos (J)J 2 5376 orig 80 0 0 0 0 0 0 0 0 0 0 0 0 59 72 0 0 0 0 0 0 0 0 0 0 0 0 0 0 0 0 0 0 0 0 0 0 0 0 0 0 0 0 0 0 0 0 0 0 0 0 0 0 0 0 0 0 0 0 0 0 0 0 0 0 0 0 0 0 0 0 0 0 0 0 0 0 0 0 0 0 data 21 0x80007 0x892 0x20 0xb6f 0x160007 0x892 0x20 0x0 0x220007 0x895 0x20 0x0 0x0 0x0 0x0 0x0 0x9 0x3 0x0 0x0 0x0 oops 0 methods 0
ciMethodData java/util/concurrent/ThreadPoolExecutor workerCountOf (I)I 2 10964 orig 80 0 0 0 0 0 0 0 0 0 0 0 0 59 72 0 0 0 0 0 0 0 0 0 0 0 0 0 0 0 0 0 0 0 0 0 0 0 0 0 0 0 0 0 0 0 0 0 0 0 0 0 0 0 0 0 0 0 0 0 0 0 0 0 0 0 0 0 0 0 0 0 0 0 0 0 0 0 0 0 0 data 5 0x0 0x0 0x9 0x1 0x0 oops 0 methods 0
ciMethodData java/util/concurrent/TimeUnit convert (JLjava/util/concurrent/TimeUnit;)J 2 5332 orig 80 0 0 0 0 0 0 0 0 0 0 0 0 59 72 0 0 0 0 0 0 0 0 0 0 0 0 0 0 0 0 0 0 0 0 0 0 0 0 0 0 0 0 0 0 0 0 0 0 0 0 0 0 0 0 0 0 0 0 0 0 0 0 0 0 0 0 0 0 0 0 0 0 0 0 0 0 0 0 0 0 data 61 0x40005 0x13d3 0x0 0x0 0x0 0x0 0x0 0x80008 0xa 0x0 0x140 0x13d3 0x60 0x0 0x98 0x0 0xd0 0x0 0x108 0x2a0005 0x13d3 0x0 0x0 0x0 0x0 0x0 0x300005 0x0 0x0 0x0 0x0 0x0 0x0 0x360005 0x0 0x0 0x0 0x0 0x0 0x0 0x3c0005 0x0 0x0 0x0 0x0 0x0 0x0 0x490002 0x0 0x0 0x0 0x0 0x0 0x0 0x0 0x9 0x4 0x0 0x0 0x0 0x0 oops 0 methods 0
ciMethodData java/util/concurrent/locks/AbstractQueuedSynchronizer acquire (Ljava/util/concurrent/locks/AbstractQueuedSynchronizer$Node;IZZZJ)I 2 1203 orig 80 0 0 0 0 0 0 0 0 0 0 0 0 59 72 0 0 0 0 0 0 0 0 0 0 0 0 0 0 0 0 0 0 0 0 0 0 0 0 0 0 0 0 0 0 0 0 0 0 0 0 0 0 0 0 0 0 0 0 0 0 0 0 0 0 0 0 0 0 0 0 0 0 0 0 0 0 0 0 0 0 data 272 0x2 0x47b 0x160007 0x6 0x188 0x485 0x1a0007 0x481 0x38 0x4 0x1e0003 0x4 0x18 0x280007 0x3ff 0x130 0x86 0x310007 0x0 0x38 0x86 0x350003 0x86 0x18 0x3c0007 0x86 0xd8 0x0 0x440007 0x0 0x70 0x0 0x480005 0x0 0x0 0x0 0x0 0x0 0x0 0x4b0003 0x0 0xfffffffffffffed8 0x530007 0x0 0x48 0x0 0x560002 0x0 0x590003 0x0 0xfffffffffffffe90 0x5e0007 0x8c 0x40 0x3ff 0x630007 0x0 0x218 0x3ff 0x670007 0x48b 0xa8 0x0 0x6c0005 0x0 0x0 0x0 0x0 0x0 0x0 0x6f0007 0x0 0x38 0x0 0x730003 0x0 0x18 0x790003 0x0 0x50 0x7e0005 0x0 0x0 0x1cb61cd4c30 0x48b 0x0 0x0 0x830003 0x48b 0x50 0x8d0005 0x0 0x0 0x0 0x0 0x0 0x0 0x960007 0x10 0xc8 0x47b 0x9b0007 0x3f5 0xa8 0x86 0xb40007 0x86 0x30 0x0 0xb80002 0x0 0xbd0007 0x86 0x58 0x0 0xc20005 0x0 0x0 0x0 0x0 0x0 0x0 0xc80007 0xc 0x90 0x4 0xcc0007 0x4 0x48 0x0 0xd30002 0x0 0xd70003 0x0 0xfffffffffffffbf0 0xde0002 0x4 0xe20003 0x4 0xfffffffffffffbc8 0xe70007 0x6 0x188 0x6 0xf90005 0x6 0x0 0x0 0x0 0x0 0x0 0xfe0007 0x3 0x70 0x3 0x1020005 0x3 0x0 0x0 0x0 0x0 0x0 0x1050003 0x3 0xc0 0x10c0005 0x3 0x0 0x0 0x0 0x0 0x0 0x10f0007 0x3 0x70 0x0 0x1140005 0x0 0x0 0x0 0x0 0x0 0x0 0x1170003 0x0 0x18 0x1200003 0x6 0xfffffffffffffa40 0x1250007 0x0 0x68 0x6 0x12a0007 0x6 0x48 0x0 0x1340002 0x0 0x1370003 0x0 0xfffffffffffff9d8 0x13e0007 0x3 0x38 0x3 0x1460003 0x3 0xfffffffffffff9a0 0x1570007 0x0 0x48 0x3 0x15b0002 0x3 0x15e0003 0x3 0x58 0x1630002 0x0 0x16c0007 0x0 0xd0 0x0 0x1720002 0x0 0x1760005 0x3 0x0 0x0 0x0 0x0 0x0 0x17b0002 0x3 0x1820007 0x3 0xfffffffffffff8b8 0x0 0x1870007 0x0 0xfffffffffffff898 0x0 0x18a0003 0x0 0x18 0x1930005 0x0 0x0 0x0 0x0 0x0 0x0 0x0 0x0 0x0 0x0 0x0 0x0 0x0 0x0 0x0 0x9 0x8 0x0 0x0 0x0 0x0 0x0 0x0 0x0 0x0 oops 1 83 java/util/concurrent/locks/ReentrantLock$NonfairSync methods 0
ciMethodData java/util/concurrent/ThreadPoolExecutor getTask ()Ljava/lang/Runnable; 2 5387 orig 80 0 0 0 0 0 0 0 0 0 0 0 0 59 72 0 0 0 0 0 0 0 0 0 0 0 0 0 0 0 0 0 0 0 0 0 0 0 0 0 0 0 0 0 0 0 0 0 0 0 0 0 0 0 0 0 0 0 0 0 0 0 0 0 0 0 0 0 0 0 0 0 0 0 0 0 0 0 0 0 0 data 143 0x60005 0x140a 0x0 0x0 0x0 0x0 0x0 0xc0002 0x140a 0xf0007 0x140a 0xe0 0x0 0x150002 0x0 0x180007 0x0 0x78 0x0 0x1f0005 0x0 0x0 0x0 0x0 0x0 0x0 0x240007 0x0 0x58 0x0 0x280005 0x0 0x0 0x0 0x0 0x0 0x0 0x2e0002 0x140a 0x360007 0x0 0x40 0x140a 0x3e0007 0x140a 0x38 0x0 0x420003 0x0 0x18 0x4d0007 0x0 0x60 0x140a 0x520007 0x140a 0x110 0x0 0x560007 0x0 0xf0 0x0 0x5b0007 0x0 0x78 0x0 0x620005 0x0 0x0 0x0 0x0 0x0 0x0 0x670007 0x0 0x78 0x0 0x6c0005 0x0 0x0 0x0 0x0 0x0 0x0 0x6f0007 0x0 0xfffffffffffffd60 0x0 0x760007 0x140a 0xa8 0x0 0x840005 0x0 0x0 0x0 0x0 0x0 0x0 0x890004 0x0 0x0 0x0 0x0 0x0 0x0 0x8c0003 0x0 0x88 0x930005 0x0 0x0 0x1cb60d01a10 0x137d 0x1cb60d01ac0 0x8d 0x980004 0x0 0x0 0x1cb60d01b70 0x1377 0x1cb60d01c20 0x8a 0x9f0007 0x0 0x20 0x1401 0xa70003 0x0 0x18 0xae0003 0x0 0xfffffffffffffbf0 0x0 0x0 0x0 0x0 0x0 0x0 0x0 0x9 0x1 0x0 oops 4 112 java/util/concurrent/ScheduledThreadPoolExecutor$DelayedWorkQueue 114 java/util/concurrent/SynchronousQueue 119 java/util/concurrent/ScheduledThreadPoolExecutor$ScheduledFutureTask 121 java/util/concurrent/FutureTask methods 0
ciMethodData java/util/concurrent/ScheduledThreadPoolExecutor$DelayedWorkQueue take ()Ljava/lang/Object; 2 5234 orig 80 0 0 0 0 0 0 0 0 0 0 0 0 59 72 0 0 0 0 0 0 0 0 0 0 0 0 0 0 0 0 0 0 0 0 0 0 0 0 0 0 0 0 0 0 0 0 0 0 0 0 0 0 0 0 0 0 0 0 0 0 0 0 0 0 0 0 0 0 0 0 0 0 0 0 0 0 0 0 0 0 data 16 0x10005 0x0 0x0 0x1cb60d01a10 0x1370 0x0 0x0 0x0 0x0 0x0 0x0 0x0 0x0 0x9 0x1 0x0 oops 1 3 java/util/concurrent/ScheduledThreadPoolExecutor$DelayedWorkQueue methods 0
ciMethodData java/util/concurrent/ScheduledThreadPoolExecutor$DelayedWorkQueue take ()Ljava/util/concurrent/RunnableScheduledFuture; 2 5234 orig 80 0 0 0 0 0 0 0 0 0 0 0 0 59 72 0 0 0 0 0 0 0 0 0 0 0 0 0 0 0 0 0 0 0 0 0 0 0 0 0 0 0 0 0 0 0 0 0 0 0 0 0 0 0 0 0 0 0 0 0 0 0 0 0 0 0 0 0 0 0 0 0 0 0 0 0 0 0 0 0 0 data 135 0x60005 0x0 0x0 0x1cb62281900 0x136d 0x0 0x0 0x110007 0x17d3 0x70 0x0 0x180005 0x0 0x0 0x0 0x0 0x0 0x0 0x1d0003 0x0 0x268 0x240005 0x0 0x0 0x1cb60d01b70 0x17d3 0x0 0x0 0x2d0007 0x46c 0x108 0x1367 0x320005 0x1367 0x0 0x0 0x0 0x0 0x0 0x3b0007 0x0 0x78 0x1367 0x440007 0xbb 0x58 0x12ac 0x4b0005 0x0 0x0 0x1cb61cd0da0 0x12ac 0x0 0x0 0x510005 0x0 0x0 0x1cb62281900 0x1367 0x0 0x0 0x5d0007 0x3ea 0x70 0x82 0x640005 0x0 0x0 0x1cb61cd0da0 0x82 0x0 0x0 0x690003 0x81 0xb8 0x6c0002 0x3ea 0x7c0005 0x0 0x0 0x1cb61cd0da0 0x3ea 0x0 0x0 0x880007 0x0 0x58 0x3e5 0x900003 0x3e5 0x38 0x9b0007 0x0 0x20 0x0 0xa60003 0x466 0xfffffffffffffd40 0xaf0007 0x0 0x78 0x0 0xb80007 0x0 0x58 0x0 0xbf0005 0x0 0x0 0x0 0x0 0x0 0x0 0xc50005 0x0 0x0 0x0 0x0 0x0 0x0 0x0 0x0 0x0 0x0 0x0 0x0 0x0 0x0 0x0 0x0 0x0 0x0 0x9 0x1 0x0 oops 6 3 java/util/concurrent/locks/ReentrantLock 24 java/util/concurrent/ScheduledThreadPoolExecutor$ScheduledFutureTask 50 java/util/concurrent/locks/AbstractQueuedSynchronizer$ConditionObject 57 java/util/concurrent/locks/ReentrantLock 68 java/util/concurrent/locks/AbstractQueuedSynchronizer$ConditionObject 80 java/util/concurrent/locks/AbstractQueuedSynchronizer$ConditionObject methods 0
ciMethodData java/util/concurrent/locks/ReentrantLock lockInterruptibly ()V 2 5234 orig 80 0 0 0 0 0 0 0 0 0 0 0 0 59 72 0 0 0 0 0 0 0 0 0 0 0 0 0 0 0 0 0 0 0 0 0 0 0 0 0 0 0 0 0 0 0 0 0 0 0 0 0 0 0 0 0 0 0 0 0 0 0 0 0 0 0 0 0 0 0 0 0 0 0 0 0 0 0 0 0 0 data 16 0x40005 0x1366 0x0 0x0 0x0 0x0 0x0 0x0 0x0 0x0 0x0 0x0 0x0 0x9 0x1 0x0 oops 0 methods 0
ciMethodData java/util/concurrent/locks/ReentrantLock$Sync lockInterruptibly ()V 2 5234 orig 80 0 0 0 0 0 0 0 0 0 0 0 0 59 72 0 0 0 0 0 0 0 0 0 0 0 0 0 0 0 0 0 0 0 0 0 0 0 0 0 0 0 0 0 0 0 0 0 0 0 0 0 0 0 0 0 0 0 0 0 0 0 0 0 0 0 0 0 0 0 0 0 0 0 0 0 0 0 0 0 0 data 35 0x2 0x1366 0x30007 0x1366 0x30 0x0 0xa0002 0x0 0xf0005 0x0 0x0 0x1cb61cd4c30 0x1366 0x0 0x0 0x120007 0x1366 0x58 0x0 0x170005 0x0 0x0 0x0 0x0 0x0 0x0 0x0 0x0 0x0 0x0 0x0 0x0 0x9 0x1 0x0 oops 1 11 java/util/concurrent/locks/ReentrantLock$NonfairSync methods 0
ciMethodData java/util/concurrent/ScheduledThreadPoolExecutor$DelayedWorkQueue finishPoll (Ljava/util/concurrent/RunnableScheduledFuture;)Ljava/util/concurrent/RunnableScheduledFuture; 2 5228 orig 80 0 0 0 0 0 0 0 0 0 0 0 0 59 72 0 0 0 0 0 0 0 0 0 0 0 0 0 0 0 0 0 0 0 0 0 0 0 0 0 0 0 0 0 0 0 0 0 0 0 0 0 0 0 0 0 0 0 0 0 0 0 0 0 0 0 0 0 0 0 0 0 0 0 0 0 0 0 0 0 0 data 30 0x190104 0x0 0x0 0x0 0x0 0x0 0x0 0x1b0007 0xbf 0x58 0x12a7 0x210005 0x12a7 0x0 0x0 0x0 0x0 0x0 0x260002 0x1366 0x0 0x0 0x0 0x0 0x0 0x0 0x9 0x2 0x0 0x0 oops 0 methods 0
ciMethodData java/util/concurrent/locks/AbstractQueuedSynchronizer$ConditionObject signal ()V 2 5238 orig 80 0 0 0 0 0 0 0 0 0 0 0 0 59 72 0 0 0 0 0 0 0 0 0 0 0 0 0 0 0 0 0 0 0 0 0 0 0 0 0 0 0 0 0 0 0 0 0 0 0 0 0 0 0 0 0 0 0 0 0 0 0 0 0 0 0 0 0 0 0 0 0 0 0 0 0 0 0 0 0 0 data 33 0x90005 0x0 0x0 0x1cb61cd4c30 0x1366 0x0 0x0 0xc0007 0x1366 0x30 0x0 0x130002 0x0 0x180007 0x12e4 0x58 0x82 0x1e0005 0x82 0x0 0x0 0x0 0x0 0x0 0x0 0x0 0x0 0x0 0x0 0x0 0x9 0x1 0x6 oops 1 3 java/util/concurrent/locks/ReentrantLock$NonfairSync methods 0
ciMethodData java/util/concurrent/locks/AbstractQueuedSynchronizer$ConditionObject awaitNanos (J)J 2 1161 orig 80 0 0 0 0 0 0 0 0 0 0 0 0 59 72 0 0 0 0 0 0 0 0 0 0 0 0 0 0 0 0 0 0 0 0 0 0 0 0 0 0 0 0 0 0 0 0 0 0 0 0 0 0 0 0 0 0 0 0 0 0 0 0 0 0 0 0 0 0 0 0 0 0 0 0 0 0 0 0 0 0 data 139 0x2 0x3ea 0x30007 0x3ea 0x30 0x0 0xa0002 0x0 0x120002 0x3ea 0x180005 0x3ea 0x0 0x0 0x0 0x0 0x0 0x200007 0x3ea 0x38 0x0 0x240003 0x0 0x18 0x2a0002 0x3ea 0x3a0005 0x82d 0x0 0x0 0x0 0x0 0x0 0x3d0007 0x0 0x150 0x82d 0x420002 0x82d 0x490007 0x0 0x50 0x82d 0x4e0002 0x82d 0x570007 0x448 0xc8 0x3e5 0x5c0005 0x3e5 0x0 0x0 0x0 0x0 0x0 0x610007 0x0 0x38 0x3e5 0x650003 0x3e5 0x18 0x6c0007 0x0 0xfffffffffffffed8 0x3e5 0x6f0003 0x3e5 0x40 0x750002 0x448 0x780003 0x443 0xfffffffffffffe90 0x7c0005 0x3e5 0x0 0x0 0x0 0x0 0x0 0x8a0005 0x3e5 0x0 0x0 0x0 0x0 0x0 0x900007 0x0 0x88 0x3e5 0x950005 0x3e5 0x0 0x0 0x0 0x0 0x0 0x9a0007 0x3e5 0x98 0x0 0xa10002 0x0 0xa70007 0x0 0x68 0x0 0xaa0002 0x0 0xad0005 0x0 0x0 0x0 0x0 0x0 0x0 0xb20002 0x3e5 0xbc0007 0x0 0x38 0x3e5 0xc10003 0x3e5 0x18 0x0 0x0 0x0 0x0 0x0 0x0 0x9 0x3 0x0 0x0 0x0 oops 0 methods 0
ciMethodData java/util/concurrent/ScheduledThreadPoolExecutor$DelayedWorkQueue siftDown (ILjava/util/concurrent/RunnableScheduledFuture;)V 2 15671 orig 80 0 0 0 0 0 0 0 0 0 0 0 0 59 72 0 0 0 0 0 0 0 0 0 0 0 0 0 0 0 0 0 0 0 0 0 0 0 0 0 0 0 0 0 0 0 0 0 0 0 0 0 0 0 0 0 0 0 0 0 0 0 0 0 0 0 0 0 0 0 0 0 0 0 0 0 0 0 0 0 0 data 65 0x90007 0x1009 0x168 0x3935 0x280007 0x1ec 0x78 0x3749 0x340005 0x0 0x0 0x1cb60d01b70 0x3749 0x0 0x0 0x390007 0x1f1f 0x20 0x182a 0x4b0005 0x0 0x0 0x1cb60d01b70 0x3935 0x0 0x0 0x500007 0x3935 0x38 0x0 0x530003 0x0 0x78 0x5d0004 0x0 0x0 0x1cb60d01b70 0x3935 0x0 0x0 0x610002 0x3935 0x670003 0x3935 0xfffffffffffffeb0 0x700004 0x0 0x0 0x1cb60d01b70 0x1009 0x0 0x0 0x730002 0x1009 0x0 0x0 0x0 0x0 0x0 0x0 0x9 0x3 0x0 0x0 0x0 oops 4 11 java/util/concurrent/ScheduledThreadPoolExecutor$ScheduledFutureTask 22 java/util/concurrent/ScheduledThreadPoolExecutor$ScheduledFutureTask 36 java/util/concurrent/ScheduledThreadPoolExecutor$ScheduledFutureTask 48 java/util/concurrent/ScheduledThreadPoolExecutor$ScheduledFutureTask methods 0
ciMethodData java/util/concurrent/locks/LockSupport setBlocker (Ljava/lang/Thread;Ljava/lang/Object;)V 2 2652 orig 80 0 0 0 0 0 0 0 0 0 0 0 0 59 72 0 0 0 0 0 0 0 0 0 0 0 0 0 0 0 0 0 0 0 0 0 0 0 0 0 0 0 0 0 0 0 0 0 0 0 0 0 0 0 0 0 0 0 0 0 0 0 0 0 0 0 0 0 0 0 0 0 0 0 0 0 0 0 0 0 0 data 22 0x8000b 0x95c 0x0 0x0 0x0 0x0 0x0 0x4 0x1 0x1cb7eb35d20 0x4 0x3 0x0 0x0 0x0 0x0 0x0 0x0 0x9 0x2 0x0 0x0 oops 1 9 java/lang/Thread methods 0
ciMethodData java/util/concurrent/locks/AbstractQueuedSynchronizer$ConditionObject canReacquire (Ljava/util/concurrent/locks/AbstractQueuedSynchronizer$ConditionNode;)Z 2 2498 orig 80 0 0 0 0 0 0 0 0 0 0 0 0 59 72 0 0 0 0 0 0 0 0 0 0 0 0 0 0 0 0 0 0 0 0 0 0 0 0 0 0 0 0 0 0 0 0 0 0 0 0 0 0 0 0 0 0 0 0 0 0 0 0 0 0 0 0 0 0 0 0 0 0 0 0 0 0 0 0 0 0 data 32 0x10007 0x0 0xb0 0x8c2 0x80007 0x845 0x90 0x7d 0x100005 0x7d 0x0 0x0 0x0 0x0 0x0 0x130007 0x0 0x38 0x7d 0x170003 0x7d 0x18 0x0 0x0 0x0 0x0 0x0 0x0 0x9 0x2 0x0 0x0 oops 0 methods 0
ciMethodData java/util/concurrent/locks/AbstractQueuedSynchronizer isEnqueued (Ljava/util/concurrent/locks/AbstractQueuedSynchronizer$Node;)Z 1 135 orig 80 0 0 0 0 0 0 0 0 0 0 0 0 59 72 0 0 0 0 0 0 0 0 0 0 0 0 0 0 0 0 0 0 0 0 0 0 0 0 0 0 0 0 0 0 0 0 0 0 0 0 0 0 0 0 0 0 0 0 0 0 0 0 0 0 0 0 0 0 0 0 0 0 0 0 0 0 0 0 0 0 data 21 0x60007 0x0 0x58 0x7d 0xb0007 0x0 0x20 0x7d 0x150003 0x0 0xffffffffffffffc0 0x0 0x0 0x0 0x0 0x0 0x0 0x9 0x2 0x0 0x0 oops 0 methods 0
ciMethodData java/util/concurrent/locks/LockSupport parkNanos (Ljava/lang/Object;J)V 2 1325 orig 80 0 0 0 0 0 0 0 0 0 0 0 0 59 72 0 0 0 0 0 0 0 0 0 0 0 0 0 0 0 0 0 0 0 0 0 0 0 0 0 0 0 0 0 0 0 0 0 0 0 0 0 0 0 0 0 0 0 0 0 0 0 0 0 0 0 0 0 0 0 0 0 0 0 0 0 0 0 0 0 0 data 28 0x30007 0x0 0x88 0x42d 0x60002 0x42d 0xc0002 0x42d 0x140005 0x42d 0x0 0x0 0x0 0x0 0x0 0x190002 0x428 0x0 0x0 0x0 0x0 0x0 0x0 0x9 0x3 0x0 0x0 0x0 oops 0 methods 0
ciMethodData jdk/internal/misc/Unsafe getAndBitwiseAndInt (Ljava/lang/Object;JI)I 2 1336 orig 80 0 0 0 0 0 0 0 0 0 0 0 0 59 72 0 0 0 0 0 0 0 0 0 0 0 0 0 0 0 0 0 0 0 0 0 0 0 0 0 0 0 0 0 0 0 0 0 0 0 0 0 0 0 0 0 0 0 0 0 0 0 0 0 0 0 0 0 0 0 0 0 0 0 0 0 0 0 0 0 0 data 34 0x3000b 0x2 0x0 0x0 0x0 0x0 0x0 0x2 0x1 0x1cb5f4cc060 0x120005 0x438 0x0 0x0 0x0 0x0 0x0 0x150007 0x0 0xffffffffffffff78 0x438 0x0 0x0 0x0 0x0 0x0 0x0 0x9 0x5 0x0 0x0 0x0 0x0 0x0 oops 1 9 java/util/concurrent/locks/AbstractQueuedSynchronizer$ConditionNode methods 0
ciMethodData java/util/concurrent/locks/AbstractQueuedSynchronizer$Node <init> ()V 1 1216 orig 80 0 0 0 0 0 0 0 0 0 0 0 0 59 72 0 0 0 0 0 0 0 0 0 0 0 0 0 0 0 0 0 0 0 0 0 0 0 0 0 0 0 0 0 0 0 0 0 0 0 0 0 0 0 0 0 0 0 0 0 0 0 0 0 0 0 0 0 0 0 0 0 0 0 0 0 0 0 0 0 0 data 7 0x10002 0x3c0 0x0 0x0 0x9 0x1 0x0 oops 0 methods 0
ciMethodData java/util/concurrent/locks/AbstractQueuedSynchronizer$ConditionNode <init> ()V 1 1203 orig 80 0 0 0 0 0 0 0 0 0 0 0 0 59 72 0 0 0 0 0 0 0 0 0 0 0 0 0 0 0 0 0 0 0 0 0 0 0 0 0 0 0 0 0 0 0 0 0 0 0 0 0 0 0 0 0 0 0 0 0 0 0 0 0 0 0 0 0 0 0 0 0 0 0 0 0 0 0 0 0 0 data 7 0x10002 0x3b3 0x0 0x0 0x9 0x1 0x0 oops 0 methods 0
ciMethodData java/util/concurrent/locks/AbstractQueuedSynchronizer$ConditionObject enableWait (Ljava/util/concurrent/locks/AbstractQueuedSynchronizer$ConditionNode;)I 1 1203 orig 80 0 0 0 0 0 0 0 0 0 0 0 0 59 72 0 0 0 0 0 0 0 0 0 0 0 0 0 0 0 0 0 0 0 0 0 0 0 0 0 0 0 0 0 0 0 0 0 0 0 0 0 0 0 0 0 0 0 0 0 0 0 0 0 0 0 0 0 0 0 0 0 0 0 0 0 0 0 0 0 0 data 57 0x40005 0x0 0x0 0x1cb61cd4c30 0x3b3 0x0 0x0 0x70007 0x0 0x130 0x3b3 0xb0002 0x3b3 0x130005 0x3b3 0x0 0x0 0x0 0x0 0x0 0x1c0007 0x6e 0x38 0x345 0x240003 0x345 0x18 0x350005 0x3b3 0x0 0x0 0x0 0x0 0x0 0x3e0005 0x3b3 0x0 0x0 0x0 0x0 0x0 0x410007 0x0 0x20 0x3b3 0x500002 0x0 0x0 0x0 0x0 0x0 0x0 0x0 0x9 0x2 0x0 0x0 oops 1 3 java/util/concurrent/locks/ReentrantLock$NonfairSync methods 0
ciMethodData java/util/concurrent/locks/AbstractQueuedSynchronizer$Node setStatusRelaxed (I)V 1 1203 orig 80 0 0 0 0 0 0 0 0 0 0 0 0 59 72 0 0 0 0 0 0 0 0 0 0 0 0 0 0 0 0 0 0 0 0 0 0 0 0 0 0 0 0 0 0 0 0 0 0 0 0 0 0 0 0 0 0 0 0 0 0 0 0 0 0 0 0 0 0 0 0 0 0 0 0 0 0 0 0 0 0 data 20 0x8000b 0x0 0x0 0x0 0x0 0x0 0x0 0x2 0x1 0x0 0x0 0x0 0x0 0x0 0x0 0x0 0x9 0x2 0x0 0x0 oops 0 methods 0
ciMethodData java/util/concurrent/locks/AbstractQueuedSynchronizer$Node clearStatus ()V 1 1201 orig 80 0 0 0 0 0 0 0 0 0 0 0 0 59 72 0 0 0 0 0 0 0 0 0 0 0 0 0 0 0 0 0 0 0 0 0 0 0 0 0 0 0 0 0 0 0 0 0 0 0 0 0 0 0 0 0 0 0 0 0 0 0 0 0 0 0 0 0 0 0 0 0 0 0 0 0 0 0 0 0 0 data 19 0x8000b 0x3b1 0x0 0x0 0x0 0x0 0x0 0x2 0x1 0x2 0x0 0x0 0x0 0x0 0x0 0x0 0x9 0x1 0x0 oops 0 methods 0
ciMethodData java/util/concurrent/locks/AbstractQueuedSynchronizer$ConditionObject unlinkCancelledWaiters (Ljava/util/concurrent/locks/AbstractQueuedSynchronizer$ConditionNode;)V 1 1196 orig 80 0 0 0 0 0 0 0 0 0 0 0 0 59 72 0 0 0 0 0 0 0 0 0 0 0 0 0 0 0 0 0 0 0 0 0 0 0 0 0 0 0 0 0 0 0 0 0 0 0 0 0 0 0 0 0 0 0 0 0 0 0 0 0 0 0 0 0 0 0 0 0 0 0 0 0 0 0 0 0 0 data 47 0x10007 0x0 0x60 0x326 0x80007 0x69 0x40 0x2bd 0x100007 0x0 0xe8 0x2bd 0x1b0007 0x326 0xc8 0x38f 0x2a0007 0x69 0x90 0x326 0x330007 0x0 0x38 0x326 0x3c0003 0x326 0x18 0x470007 0x69 0x38 0x2bd 0x4f0003 0x2bd 0x18 0x570003 0x38f 0xffffffffffffff50 0x0 0x0 0x0 0x0 0x0 0x0 0x9 0x2 0x0 0x0 oops 0 methods 0
compile java/util/concurrent/ThreadPoolExecutor getTask ()Ljava/lang/Runnable; -1 4 inline 64 0 -1 java/util/concurrent/ThreadPoolExecutor getTask ()Ljava/lang/Runnable; 1 6 java/util/concurrent/atomic/AtomicInteger get ()I 1 12 java/util/concurrent/ThreadPoolExecutor runStateAtLeast (II)Z 1 46 java/util/concurrent/ThreadPoolExecutor workerCountOf (I)I 1 147 java/util/concurrent/ScheduledThreadPoolExecutor$DelayedWorkQueue take ()Ljava/lang/Object; 2 1 java/util/concurrent/ScheduledThreadPoolExecutor$DelayedWorkQueue take ()Ljava/util/concurrent/RunnableScheduledFuture; 3 6 java/util/concurrent/locks/ReentrantLock lockInterruptibly ()V 4 4 java/util/concurrent/locks/ReentrantLock$Sync lockInterruptibly ()V 5 0 java/lang/Thread interrupted ()Z 5 15 java/util/concurrent/locks/ReentrantLock$NonfairSync initialTryLock ()Z 6 7 java/util/concurrent/locks/AbstractQueuedSynchronizer compareAndSetState (II)Z 6 15 java/util/concurrent/locks/AbstractOwnableSynchronizer setExclusiveOwnerThread (Ljava/lang/Thread;)V 6 21 java/util/concurrent/locks/AbstractOwnableSynchronizer getExclusiveOwnerThread ()Ljava/lang/Thread; 6 29 java/util/concurrent/locks/AbstractQueuedSynchronizer getState ()I 6 51 java/util/concurrent/locks/AbstractQueuedSynchronizer setState (I)V 3 36 java/util/concurrent/ScheduledThreadPoolExecutor$ScheduledFutureTask getDelay (Ljava/util/concurrent/TimeUnit;)J 4 12 java/util/concurrent/TimeUnit convert (JLjava/util/concurrent/TimeUnit;)J 5 4 java/lang/Enum ordinal ()I 5 42 java/util/concurrent/TimeUnit toNanos (J)J 3 50 java/util/concurrent/ScheduledThreadPoolExecutor$DelayedWorkQueue finishPoll (Ljava/util/concurrent/RunnableScheduledFuture;)Ljava/util/concurrent/RunnableScheduledFuture; 4 33 java/util/concurrent/ScheduledThreadPoolExecutor$DelayedWorkQueue siftDown (ILjava/util/concurrent/RunnableScheduledFuture;)V 5 52 java/util/concurrent/ScheduledThreadPoolExecutor$ScheduledFutureTask compareTo (Ljava/lang/Object;)I 6 5 java/util/concurrent/ScheduledThreadPoolExecutor$ScheduledFutureTask compareTo (Ljava/util/concurrent/Delayed;)I 5 75 java/util/concurrent/ScheduledThreadPoolExecutor$ScheduledFutureTask compareTo (Ljava/lang/Object;)I 6 5 java/util/concurrent/ScheduledThreadPoolExecutor$ScheduledFutureTask compareTo (Ljava/util/concurrent/Delayed;)I 5 97 java/util/concurrent/ScheduledThreadPoolExecutor$DelayedWorkQueue setIndex (Ljava/util/concurrent/RunnableScheduledFuture;I)V 5 115 java/util/concurrent/ScheduledThreadPoolExecutor$DelayedWorkQueue setIndex (Ljava/util/concurrent/RunnableScheduledFuture;I)V 4 38 java/util/concurrent/ScheduledThreadPoolExecutor$DelayedWorkQueue setIndex (Ljava/util/concurrent/RunnableScheduledFuture;I)V 3 75 java/util/concurrent/locks/AbstractQueuedSynchronizer$ConditionObject signal ()V 4 9 java/util/concurrent/locks/ReentrantLock$Sync isHeldExclusively ()Z 5 1 java/util/concurrent/locks/AbstractOwnableSynchronizer getExclusiveOwnerThread ()Ljava/lang/Thread; 3 81 java/util/concurrent/locks/ReentrantLock unlock ()V 4 5 java/util/concurrent/locks/AbstractQueuedSynchronizer release (I)Z 5 2 java/util/concurrent/locks/ReentrantLock$Sync tryRelease (I)Z 6 1 java/util/concurrent/locks/AbstractQueuedSynchronizer getState ()I 6 8 java/util/concurrent/locks/AbstractOwnableSynchronizer getExclusiveOwnerThread ()Ljava/lang/Thread; 6 41 java/util/concurrent/locks/AbstractOwnableSynchronizer setExclusiveOwnerThread (Ljava/lang/Thread;)V 6 46 java/util/concurrent/locks/AbstractQueuedSynchronizer setState (I)V 5 12 java/util/concurrent/locks/AbstractQueuedSynchronizer signalNext (Ljava/util/concurrent/locks/AbstractQueuedSynchronizer$Node;)V 6 22 java/util/concurrent/locks/AbstractQueuedSynchronizer$Node getAndUnsetStatus (I)I 7 10 jdk/internal/misc/Unsafe getAndBitwiseAndInt (Ljava/lang/Object;JI)I 6 30 java/util/concurrent/locks/LockSupport unpark (Ljava/lang/Thread;)V 3 124 java/util/concurrent/locks/AbstractQueuedSynchronizer$ConditionObject awaitNanos (J)J 4 0 java/lang/Thread interrupted ()Z 4 18 java/util/concurrent/locks/AbstractQueuedSynchronizer$ConditionNode <init> ()V 5 1 java/util/concurrent/locks/AbstractQueuedSynchronizer$Node <init> ()V 6 1 java/lang/Object <init> ()V 4 24 java/util/concurrent/locks/AbstractQueuedSynchronizer$ConditionObject enableWait (Ljava/util/concurrent/locks/AbstractQueuedSynchronizer$ConditionNode;)I 5 19 java/util/concurrent/locks/AbstractQueuedSynchronizer$Node setStatusRelaxed (I)V 5 53 java/util/concurrent/locks/AbstractQueuedSynchronizer getState ()I 5 62 java/util/concurrent/locks/AbstractQueuedSynchronizer release (I)Z 6 12 java/util/concurrent/locks/AbstractQueuedSynchronizer signalNext (Ljava/util/concurrent/locks/AbstractQueuedSynchronizer$Node;)V 7 22 java/util/concurrent/locks/AbstractQueuedSynchronizer$Node getAndUnsetStatus (I)I 8 10 jdk/internal/misc/Unsafe getAndBitwiseAndInt (Ljava/lang/Object;JI)I 7 30 java/util/concurrent/locks/LockSupport unpark (Ljava/lang/Thread;)V 4 58 java/util/concurrent/locks/AbstractQueuedSynchronizer$ConditionObject canReacquire (Ljava/util/concurrent/locks/AbstractQueuedSynchronizer$ConditionNode;)Z 4 66 java/lang/Thread interrupted ()Z 4 117 java/util/concurrent/locks/LockSupport parkNanos (Ljava/lang/Object;J)V 5 12 java/util/concurrent/locks/LockSupport setBlocker (Ljava/lang/Thread;Ljava/lang/Object;)V 5 25 java/util/concurrent/locks/LockSupport setBlocker (Ljava/lang/Thread;Ljava/lang/Object;)V 4 92 java/util/concurrent/locks/AbstractQueuedSynchronizer$Node getAndUnsetStatus (I)I 5 10 jdk/internal/misc/Unsafe getAndBitwiseAndInt (Ljava/lang/Object;JI)I 4 124 java/util/concurrent/locks/AbstractQueuedSynchronizer$Node clearStatus ()V 4 149 java/util/concurrent/locks/AbstractQueuedSynchronizer$ConditionObject unlinkCancelledWaiters (Ljava/util/concurrent/locks/AbstractQueuedSynchronizer$ConditionNode;)V
